Study ID	Patient ID	Sample ID	Diagnosis Age	American Joint Committee on Cancer Publication Version Type	Biopsy Site	Cancer Type	Cancer Type Detailed	Last Communication Contact from Initial Pathologic Diagnosis Date	Birth from Initial Pathologic Diagnosis Date	Death from Initial Pathologic Diagnosis Date	Disease Free (Months)	Disease Free Status	Disease Type	Ethnicity Category	Fraction Genome Altered	ICD-10 Classification	Is FFPE	Morphology	Mutation Count	Oncotree Code	Overall Survival (Months)	Overall Survival Status	Other Patient ID	Other Sample ID	AJCC Pathologic M-Stage	AJCC Pathologic N-Stage	AJCC Pathologic Stage	AJCC Pathologic T-Stage	Primary Diagnosis	Patient Primary Tumor Site	Prior Malignancy	Prior Treatment	Project Identifier	Project Name	Project State	Race Category	Number of Samples Per Patient	Sample Type	Sample type id	Sex	TMB (nonsynonymous)	Patient's Vital Status	Year of Diagnosis
hcc_tcga_gdc	TCGA-2V-A95S	TCGA-2V-A95S-01	NA	7th	Liver	Hepatocellular Carcinoma	Hepatocellular Carcinoma	NA	NA	NA	NA	0:DiseaseFree	Hepatocellular Carcinoma	NOT HISPANIC OR LATINO	0.1956	C22.0	NO	8170/3	79	HCC	NA	0:LIVING	2c041473-eaaa-4b7c-9b2e-b9da3543ad18	d7873cbc-8d52-4869-b11a-4a23cb213dbd	MX	NX	Stage II	T2	Hepatocellular Carcinoma	Liver	False	False	TCGA-LIHC	Hepatocellular Carcinoma	released	ASIAN	1	Primary Tumor	1	Male	2.6333333333333333	Alive	NA
hcc_tcga_gdc	TCGA-2Y-A9GS	TCGA-2Y-A9GS-01	58	6th	Liver	Hepatocellular Carcinoma	Hepatocellular Carcinoma	NA	-21318	724	3.353387908	1:Recurred/Progressed	Hepatocellular Carcinoma	HISPANIC OR LATINO	0.2933	C22.0	NO	8170/3	59	HCC	23.78449408672799	1:DECEASED	95b97198-1a1b-4f01-90f3-6c66638371d1	6ffc6d98-5f3c-4672-a390-98e0076d3e5a	MX	NX	NA	T2	Hepatocellular Carcinoma	Liver	False	False	TCGA-LIHC	Hepatocellular Carcinoma	released	WHITE	1	Primary Tumor	1	Male	1.9666666666666666	Dead	2006
hcc_tcga_gdc	TCGA-2Y-A9GT	TCGA-2Y-A9GT-01	51	6th	Liver	Hepatocellular Carcinoma	Hepatocellular Carcinoma	NA	-18768	1624	35.60508926	1:Recurred/Progressed	Hepatocellular Carcinoma	NOT HISPANIC OR LATINO	0.0624	C22.0	NO	8170/3	73	HCC	53.350854139290405	1:DECEASED	31a2ecc5-2d45-4823-8187-dc701dd412a8	d249fffe-46a4-428c-b433-08949432ded9	MX	NX	Stage I	T1	Hepatocellular Carcinoma	Liver	False	False	TCGA-LIHC	Hepatocellular Carcinoma	released	WHITE	1	Primary Tumor	1	Male	2.4	Dead	2006
hcc_tcga_gdc	TCGA-2Y-A9GU	TCGA-2Y-A9GU-01	55	6th	Liver	Hepatocellular Carcinoma	Hepatocellular Carcinoma	1569	-20187	NA	63.74724661	0:DiseaseFree	Hepatocellular Carcinoma	NOT HISPANIC OR LATINO	0.3015	C22.0	NO	8170/3	121	HCC	63.69908015768725	0:LIVING	b27720a2-e240-413c-a0f1-0b1af3621de2	6477af21-e833-4b46-8658-5da593030fed	MX	NX	Stage I	T1	Hepatocellular Carcinoma	Liver	False	False	TCGA-LIHC	Hepatocellular Carcinoma	released	WHITE	1	Primary Tumor	1	Female	4.033333333333333	Alive	2009
hcc_tcga_gdc	TCGA-2Y-A9GV	TCGA-2Y-A9GV-01	54	6th	Liver	Hepatocellular Carcinoma	Hepatocellular Carcinoma	NA	-20011	2532	83.24292337	0:DiseaseFree	Hepatocellular Carcinoma	NOT HISPANIC OR LATINO	0.0826	C22.0	NO	8170/3	55	HCC	83.18002628120894	1:DECEASED	d1aa9c1a-d732-48c0-b669-8a14e0397344	cb3afdac-4a19-4d95-bd96-42a1fa5be795	MX	NX	Stage I	T1	Hepatocellular Carcinoma	Liver	True	False	TCGA-LIHC	Hepatocellular Carcinoma	released	WHITE	1	Primary Tumor	1	Female	1.8333333333333333	Dead	2007
hcc_tcga_gdc	TCGA-2Y-A9GW	TCGA-2Y-A9GW-01	64	6th	Liver	Hepatocellular Carcinoma	Hepatocellular Carcinoma	NA	-23587	1271	40.40503666	1:Recurred/Progressed	Hepatocellular Carcinoma	NOT HISPANIC OR LATINO	0.1561	C22.0	NO	8170/3	66	HCC	41.75427069645203	1:DECEASED	3e1920b3-3bd4-4506-a0cf-567257154bcf	5243430a-7662-4858-85ed-a0c95fd1ecdd	MX	N0	Stage I	T1	Hepatocellular Carcinoma	Liver	False	False	TCGA-LIHC	Hepatocellular Carcinoma	released	WHITE	1	Primary Tumor	1	Male	2.2	Dead	2007
hcc_tcga_gdc	TCGA-2Y-A9GX	TCGA-2Y-A9GX-01	68	6th	Liver	Hepatocellular Carcinoma	Hepatocellular Carcinoma	2442	-24963	NA	NA	NA	Hepatocellular Carcinoma	NOT HISPANIC OR LATINO	0.0144	C22.0	NO	8170/3	44	HCC	80.2233902759527	0:LIVING	d6c2c6ce-3483-4fe5-aef6-e40419f728cf	481741ac-d3ae-4e1f-92ee-18d382017605	MX	NX	Stage I	T1	Hepatocellular Carcinoma	Liver	False	False	TCGA-LIHC	Hepatocellular Carcinoma	released	WHITE	1	Primary Tumor	1	Male	1.4666666666666666	Alive	2007
hcc_tcga_gdc	TCGA-2Y-A9GY	TCGA-2Y-A9GY-01	64	6th	Liver	Hepatocellular Carcinoma	Hepatocellular Carcinoma	NA	-23435	757	20.94223625	1:Recurred/Progressed	Hepatocellular Carcinoma	NOT HISPANIC OR LATINO	0.4704	C22.0	NO	8170/3	55	HCC	24.868593955321945	1:DECEASED	75030b63-59af-4705-86e7-3a431b7cf65a	8a3626bf-811b-4a1c-8e68-999b6fe7bc0e	MX	NX	Stage II	T2	Hepatocellular Carcinoma	Liver	False	False	TCGA-LIHC	Hepatocellular Carcinoma	released	WHITE	1	Primary Tumor	1	Female	1.8	Dead	2007
hcc_tcga_gdc	TCGA-2Y-A9GZ	TCGA-2Y-A9GZ-01	82	6th	Liver	Hepatocellular Carcinoma	Hepatocellular Carcinoma	NA	-30082	848	23.63809712	1:Recurred/Progressed	Hepatocellular Carcinoma	NOT HISPANIC OR LATINO	0.4527	C22.0	NO	8170/3	80	HCC	27.8580814717477	1:DECEASED	0e8c3831-def9-4efa-9f93-8942072d6a77	dd954cb4-abf3-417f-a1e1-ca745b60750c	MX	NX	Stage II	T2	Hepatocellular Carcinoma	Liver	False	False	TCGA-LIHC	Hepatocellular Carcinoma	released	WHITE	1	Primary Tumor	1	Female	2.6666666666666665	Dead	2007
hcc_tcga_gdc	TCGA-2Y-A9H0	TCGA-2Y-A9H0-01	49	6th	Liver	Hepatocellular Carcinoma	Hepatocellular Carcinoma	3675	-18109	NA	120.8205938	0:DiseaseFree	Hepatocellular Carcinoma	HISPANIC OR LATINO	0.2027	C22.0	NO	8170/3	64	HCC	120.7293035479632	0:LIVING	492ff93f-432b-4b73-8706-632fb2c83eb4	605ef0eb-ebc3-4123-a952-1d1beacba4cd	M0	N0	Stage IIIA	T3	Hepatocellular Carcinoma	Liver	False	False	TCGA-LIHC	Hepatocellular Carcinoma	released	WHITE	1	Primary Tumor	1	Male	2.1333333333333333	Alive	2004
hcc_tcga_gdc	TCGA-2Y-A9H1	TCGA-2Y-A9H1-01	58	7th	Liver	Hepatocellular Carcinoma	Hepatocellular Carcinoma	NA	-21222	1229	10.55330901	1:Recurred/Progressed	Hepatocellular Carcinoma	NOT HISPANIC OR LATINO	0.1719	C22.0	NO	8170/3	106	HCC	40.37450722733246	1:DECEASED	9c5e2438-f587-4935-92f0-4bfd57468eaa	379fce58-0772-41bb-9153-dc00ecc30cec	MX	NX	Stage I	T1	Hepatocellular Carcinoma	Liver	False	False	TCGA-LIHC	Hepatocellular Carcinoma	released	WHITE	1	Primary Tumor	1	Male	3.533333333333333	Dead	2010
hcc_tcga_gdc	TCGA-2Y-A9H2	TCGA-2Y-A9H2-01	64	7th	Liver	Hepatocellular Carcinoma	Hepatocellular Carcinoma	1582	-23653	NA	56.90896538	0:DiseaseFree	Hepatocellular Carcinoma	NOT HISPANIC OR LATINO	0.7086	C22.0	NO	8170/3	42	HCC	56.86596583442838	0:LIVING	cf7f0473-eaf3-4259-a68e-475a782fc84c	10eb3f76-4d00-4b1d-8697-ee5306f2cc8e	MX	N0	Stage I	T1	Hepatocellular Carcinoma	Liver	False	False	TCGA-LIHC	Hepatocellular Carcinoma	released	WHITE	1	Primary Tumor	1	Female	1.3666666666666667	Alive	2010
hcc_tcga_gdc	TCGA-2Y-A9H3	TCGA-2Y-A9H3-01	45	7th	Liver	Hepatocellular Carcinoma	Hepatocellular Carcinoma	1257	-16443	NA	0.723279745	1:Recurred/Progressed	Hepatocellular Carcinoma	HISPANIC OR LATINO	0.1756	C22.0	NO	8170/3	137	HCC	49.80289093298291	0:LIVING	9b69d7f9-38eb-48e1-bdc0-a092a53bc709	28fe46e4-b049-4892-9f57-deed8e4f4fc8	MX	NX	Stage II	T2	Hepatocellular Carcinoma	Liver	False	False	TCGA-LIHC	Hepatocellular Carcinoma	released	WHITE	1	Primary Tumor	1	Male	4.533333333333333	Alive	2010
hcc_tcga_gdc	TCGA-2Y-A9H4	TCGA-2Y-A9H4-01	68	7th	Liver	Hepatocellular Carcinoma	Hepatocellular Carcinoma	1270	-25096	NA	47.73646316	0:DiseaseFree	Hepatocellular Carcinoma	NOT HISPANIC OR LATINO	0.2580	C22.0	NO	8170/3	55	HCC	47.70039421813403	0:LIVING	801b1d2c-eb6f-4eef-a00b-83da939d755a	c53e6fd9-76e1-44c3-af36-d1d0dfc2802a	MX	N0	Stage I	T1	Hepatocellular Carcinoma	Liver	False	False	TCGA-LIHC	Hepatocellular Carcinoma	released	BLACK OR AFRICAN AMERICAN	1	Primary Tumor	1	Male	1.8333333333333333	Alive	2010
hcc_tcga_gdc	TCGA-2Y-A9H5	TCGA-2Y-A9H5-01	59	7th	Liver	Hepatocellular Carcinoma	Hepatocellular Carcinoma	NA	-21818	555	8.482098826	1:Recurred/Progressed	Hepatocellular Carcinoma	NOT HISPANIC OR LATINO	0.3432	C22.0	NO	8170/3	69	HCC	18.232588699080157	1:DECEASED	51810579-e20d-4f08-93e7-891d645931db	45ce6d64-65d7-4bdd-8444-ffe9af6f5df4	MX	N0	Stage I	T1	Hepatocellular Carcinoma	Liver	False	False	TCGA-LIHC	Hepatocellular Carcinoma	released	WHITE	1	Primary Tumor	1	Female	2.3	Dead	2010
hcc_tcga_gdc	TCGA-2Y-A9H6	TCGA-2Y-A9H6-01	68	7th	Liver	Hepatocellular Carcinoma	Hepatocellular Carcinoma	357	-24982	NA	11.73685768	0:DiseaseFree	Hepatocellular Carcinoma	NOT HISPANIC OR LATINO	0.2350	C22.0	NO	8170/3	41	HCC	11.727989487516425	0:LIVING	bc3502bc-bbf6-44f2-a1f4-d1567819aefb	9bf4058e-e487-4033-88d9-4951f47afe4c	MX	NX	Stage I	T1	Hepatocellular Carcinoma	Liver	True	False	TCGA-LIHC	Hepatocellular Carcinoma	released	WHITE	1	Primary Tumor	1	Female	1.3666666666666667	Alive	2011
hcc_tcga_gdc	TCGA-2Y-A9H7	TCGA-2Y-A9H7-01	81	7th	Liver	Hepatocellular Carcinoma	Hepatocellular Carcinoma	1133	-29752	NA	36.72288523	1:Recurred/Progressed	Hepatocellular Carcinoma	NOT HISPANIC OR LATINO	0.1495	C22.0	NO	8170/3	65	HCC	38.370565045992116	0:LIVING	18602ec8-aed1-4515-b0d1-0db6d1cbb2c4	47b918da-fc82-40f9-a6f3-e8b2df75188b	MX	N0	Stage I	T1	Hepatocellular Carcinoma	Liver	True	False	TCGA-LIHC	Hepatocellular Carcinoma	released	WHITE	1	Primary Tumor	1	Female	2.1666666666666665	Alive	2011
hcc_tcga_gdc	TCGA-2Y-A9H8	TCGA-2Y-A9H8-01	85	7th	Liver	Hepatocellular Carcinoma	Hepatocellular Carcinoma	NA	-31322	633	13.08478811	1:Recurred/Progressed	Hepatocellular Carcinoma	NOT HISPANIC OR LATINO	0.5459	C22.0	NO	8170/3	60	HCC	20.795006570302235	1:DECEASED	3528dd91-1a6d-4d41-a3ee-829c857cc904	aaaecdc1-bf19-4208-89db-57e2feb355fc	MX	NX	NA	T1	Hepatocellular Carcinoma	Liver	False	False	TCGA-LIHC	Hepatocellular Carcinoma	released	WHITE	1	Primary Tumor	1	Female	2.0	Dead	2011
hcc_tcga_gdc	TCGA-2Y-A9H9	TCGA-2Y-A9H9-01	70	7th	Liver	Hepatocellular Carcinoma	Hepatocellular Carcinoma	456	-25670	NA	1.93970477	1:Recurred/Progressed	Hepatocellular Carcinoma	NOT HISPANIC OR LATINO	0.2248	C22.0	NO	8170/3	106	HCC	22.897503285151117	0:LIVING	efc3e5e4-0d8e-4bef-a259-29f8ed21684f	42d4cda4-bf55-41b5-9b91-04132a081e13	MX	N0	Stage I	T1	Hepatocellular Carcinoma	Liver	False	False	TCGA-LIHC	Hepatocellular Carcinoma	released	WHITE	1	Primary Tumor	1	Male	3.533333333333333	Alive	2011
hcc_tcga_gdc	TCGA-2Y-A9HA	TCGA-2Y-A9HA-01	70	7th	Liver	Hepatocellular Carcinoma	Hepatocellular Carcinoma	NA	-25892	36	NA	NA	Hepatocellular Carcinoma	NOT HISPANIC OR LATINO	0.2606	C22.0	NO	8170/3	119	HCC	1.1826544021024967	1:DECEASED	a25a714e-c142-482b-91c8-4fea763e0254	40ec7948-f54b-4888-a0c2-df47f32a85f4	MX	NX	Stage II	T2	Hepatocellular Carcinoma	Liver	False	False	TCGA-LIHC	Hepatocellular Carcinoma	released	WHITE	1	Primary Tumor	1	Male	3.966666666666667	Dead	2012
hcc_tcga_gdc	TCGA-2Y-A9HB	TCGA-2Y-A9HB-01	66	7th	Liver	Hepatocellular Carcinoma	Hepatocellular Carcinoma	158	-24359	NA	8.54785153	0:DiseaseFree	Hepatocellular Carcinoma	HISPANIC OR LATINO	0.1583	C22.0	NO	8170/3	58	HCC	8.541392904073588	0:LIVING	b181b591-269c-4e48-b681-243d28772025	055fc79d-b598-4dd6-8fc4-a7accb86d90a	MX	NX	Stage I	T1	Hepatocellular Carcinoma	Liver	False	False	TCGA-LIHC	Hepatocellular Carcinoma	released	NA	1	Primary Tumor	1	Male	1.9333333333333333	Alive	2012
hcc_tcga_gdc	TCGA-3K-AAZ8	TCGA-3K-AAZ8-01	65	7th	Liver	Hepatocellular Carcinoma	Hepatocellular Carcinoma	243	-24046	NA	NA	NA	Hepatocellular Carcinoma	NOT HISPANIC OR LATINO	0.1397	C22.0	NO	8170/3	110	HCC	13.009198423127463	0:LIVING	94e387ae-b641-4e9f-bb53-22c7b2a9cccb	bb485b2f-3a35-41e1-81b8-d6b0ba4f8a64	MX	NX	Stage IIIB	T3b	Hepatocellular Carcinoma	Liver	False	False	TCGA-LIHC	Hepatocellular Carcinoma	released	BLACK OR AFRICAN AMERICAN	1	Primary Tumor	1	Male	3.7	Alive	2013
hcc_tcga_gdc	TCGA-4R-AA8I	TCGA-4R-AA8I-01	66	7th	Liver	Hepatocellular Carcinoma	Hepatocellular Carcinoma	216	-24279	262	5.194463622	1:Recurred/Progressed	Hepatocellular Carcinoma	NOT HISPANIC OR LATINO	0.1262	C22.0	NO	8170/3	962	HCC	8.607095926412615	1:DECEASED	91a0c8cd-4f23-4569-8e5c-e5442f7af530	d01bd9b6-1f1e-48de-a8e4-caa975d31f03	MX	NX	Stage II	T2	Hepatocellular Carcinoma	Liver	True	False	TCGA-LIHC	Hepatocellular Carcinoma	released	WHITE	1	Primary Tumor	1	Male	32.06666666666667	Dead	2013
hcc_tcga_gdc	TCGA-5C-A9VG	TCGA-5C-A9VG-01	58	7th	Liver	Hepatocellular Carcinoma	Hepatocellular Carcinoma	328	-21273	NA	10.78344347	0:DiseaseFree	Hepatocellular Carcinoma	NOT HISPANIC OR LATINO	0.2049	C22.0	NO	8170/3	109	HCC	10.775295663600525	0:LIVING	073e51f9-fb79-4a5f-9ba0-2c9af03c0b85	c8a68467-9ea9-437d-b79e-62df8e25695b	M0	N0	Stage II	T2	Hepatocellular Carcinoma	Liver	False	False	TCGA-LIHC	Hepatocellular Carcinoma	released	WHITE	1	Primary Tumor	1	Male	3.6333333333333333	Alive	2013
hcc_tcga_gdc	TCGA-5C-A9VH	TCGA-5C-A9VH-01	70	7th	Liver	Hepatocellular Carcinoma	Hepatocellular Carcinoma	322	-25608	NA	10.58618536	0:DiseaseFree	Hepatocellular Carcinoma	NOT HISPANIC OR LATINO	0.2399	C22.0	NO	8170/3	87	HCC	10.578186596583443	0:LIVING	60fcd491-0170-46c0-ab14-d71f88267a14	4fd4d1c8-64f9-4463-970e-6b5409e36807	M0	N0	Stage I	T1	Hepatocellular Carcinoma	Liver	False	False	TCGA-LIHC	Hepatocellular Carcinoma	released	WHITE	1	Primary Tumor	1	Male	2.9	Alive	2013
hcc_tcga_gdc	TCGA-5C-AAPD	TCGA-5C-AAPD-01	61	7th	Liver	Hepatocellular Carcinoma	Hepatocellular Carcinoma	20	-22552	NA	0.657527041	0:DiseaseFree	Hepatocholangiocarcinoma (Mixed)	NOT HISPANIC OR LATINO	0.3948	C22.0	NO	8180/3	58	HCC	0.657030223390276	0:LIVING	7a6162a4-1166-4310-84cd-ffc2b06f124c	6f980585-e803-448a-9492-951c782e36cd	M0	N0	Stage II	T2	Hepatocholangiocarcinoma (Mixed)	Liver	False	False	TCGA-LIHC	Hepatocellular Carcinoma	released	ASIAN	1	Primary Tumor	1	Male	1.9333333333333333	Alive	2013
hcc_tcga_gdc	TCGA-5R-AA1C	TCGA-5R-AA1C-01	57	7th	Liver	Hepatocellular Carcinoma	Hepatocellular Carcinoma	63	-21073	NA	17.09570306	0:DiseaseFree	Hepatocellular Carcinoma	NOT HISPANIC OR LATINO	0.3922	C22.0	NO	8170/3	75	HCC	17.082785808147175	0:LIVING	290890eb-321c-45dc-9cd1-45676c6e5e96	59c12b57-2eea-4f8b-bbd7-6e504c1034d6	M0	N0	Stage II	T2	Hepatocellular Carcinoma	Liver	False	False	TCGA-LIHC	Hepatocellular Carcinoma	released	WHITE	1	Primary Tumor	1	Male	2.466666666666667	Alive	2013
hcc_tcga_gdc	TCGA-5R-AA1D	TCGA-5R-AA1D-01	18	7th	Liver	Hepatocellular Carcinoma	Hepatocellular Carcinoma	61	-6545	NA	14.76148207	0:DiseaseFree	Hepatocellular Carcinoma	NOT HISPANIC OR LATINO	0.0307	C22.0	NO	8170/3	10	HCC	14.750328515111695	0:LIVING	d3d3dba9-139e-4f57-ac70-b741553d1687	4b868f02-7246-49b7-b0bb-4efdded82daa	M0	N0	Stage IIIA	T3a	Hepatocellular Carcinoma	Liver	False	False	TCGA-LIHC	Hepatocellular Carcinoma	released	WHITE	1	Primary Tumor	1	Female	0.3333333333333333	Alive	2013
hcc_tcga_gdc	TCGA-5R-AAAM	TCGA-5R-AAAM-01	65	7th	Liver	Hepatocellular Carcinoma	Hepatocellular Carcinoma	NA	-24020	46	1.512312194	0:DiseaseFree	Hepatocellular Carcinoma	NOT HISPANIC OR LATINO	0.1181	C22.0	NO	8170/3	65	HCC	1.5111695137976346	1:DECEASED	477affb9-7c8b-4895-a4f3-6cc6ef8ec5e4	e4e33aac-7fd7-4c43-ae92-c0eb7af07183	M0	N0	Stage II	T2	Hepatocellular Carcinoma	Liver	False	False	TCGA-LIHC	Hepatocellular Carcinoma	released	WHITE	1	Primary Tumor	1	Female	2.1666666666666665	Dead	2013
hcc_tcga_gdc	TCGA-BC-4072	TCGA-BC-4072-01	74	6th	Liver	Hepatocellular Carcinoma	Hepatocellular Carcinoma	NA	-27162	1490	NA	NA	Hepatocellular Carcinoma	NOT HISPANIC OR LATINO	0.2354	C22.0	NO	8170/3	NA	HCC	48.94875164257556	1:DECEASED	5c9a21a3-d471-401a-9568-59dc84245d28	b390716a-8160-464f-9a7f-a9d7e3ce99b4	M0	N0	Stage IIIA	T3	Hepatocellular Carcinoma	Liver	False	False	TCGA-LIHC	Hepatocellular Carcinoma	released	WHITE	1	Primary Tumor	1	Female	NA	Dead	2005
hcc_tcga_gdc	TCGA-BC-4073	TCGA-BC-4073-01	73	6th	Liver	Hepatocellular Carcinoma	Hepatocellular Carcinoma	352	-26795	NA	NA	NA	Hepatocellular Carcinoma	NOT HISPANIC OR LATINO	0.0751	C22.0	NO	8170/3	110	HCC	27.890932982917214	0:LIVING	00f209c3-041a-4c6e-8b0f-6383eb3c85fc	9c101575-699b-4629-8a69-e57fe2d0c727	MX	N0	Stage IIIA	T3	Hepatocellular Carcinoma	Liver	False	False	TCGA-LIHC	Hepatocellular Carcinoma	released	WHITE	1	Primary Tumor	1	Male	3.6666666666666665	Alive	2009
hcc_tcga_gdc	TCGA-BC-A10Q	TCGA-BC-A10Q-01	72	5th	Liver	Hepatocellular Carcinoma	Hepatocellular Carcinoma	NA	-26400	1135	NA	NA	Hepatocellular Carcinoma	NOT HISPANIC OR LATINO	0.6248	C22.0	NO	8170/3	29	HCC	37.286465177398156	1:DECEASED	dfa15fbe-bb14-40ce-afc6-70694112e3e2	bf225dc1-4309-4304-849e-cbcc23c8442c	MX	NX	NA	T2	Hepatocellular Carcinoma	Liver	False	False	TCGA-LIHC	Hepatocellular Carcinoma	released	WHITE	1	Primary Tumor	1	Female	0.9666666666666667	Dead	1998
hcc_tcga_gdc	TCGA-BC-A10R	TCGA-BC-A10R-01	66	5th	Liver	Hepatocellular Carcinoma	Hepatocellular Carcinoma	NA	-24274	308	6.542394056	1:Recurred/Progressed	Hepatocellular Carcinoma	NOT HISPANIC OR LATINO	0.6117	C22.0	NO	8170/3	94	HCC	10.11826544021025	1:DECEASED	0bf5bbd4-d9e8-42a6-9ab5-f2c174dec12c	995180f2-5aa7-47b9-bb3f-585f94b2457a	MX	NX	NA	T3	Hepatocellular Carcinoma	Liver	False	False	TCGA-LIHC	Hepatocellular Carcinoma	released	WHITE	1	Primary Tumor	1	Female	3.1333333333333333	Dead	1999
hcc_tcga_gdc	TCGA-BC-A10S	TCGA-BC-A10S-01	81	5th	Liver	Hepatocellular Carcinoma	Hepatocellular Carcinoma	NA	-29842	1423	37.15027781	1:Recurred/Progressed	Hepatocellular Carcinoma	NOT HISPANIC OR LATINO	0.1377	C22.0	NO	8170/3	NA	HCC	46.747700394218136	1:DECEASED	592ef526-176a-42e0-bbeb-fb62d369a343	ade2df15-2ed2-4dee-a710-e2814de6e4ef	MX	NX	NA	T3	Hepatocellular Carcinoma	Liver	False	False	TCGA-LIHC	Hepatocellular Carcinoma	released	WHITE	1	Primary Tumor	1	Male	NA	Dead	1999
hcc_tcga_gdc	TCGA-BC-A10T	TCGA-BC-A10T-01	76	5th	Liver	Hepatocellular Carcinoma	Hepatocellular Carcinoma	NA	-27944	837	NA	NA	Hepatocellular Carcinoma	NOT HISPANIC OR LATINO	0.2626	C22.0	NO	8170/3	57	HCC	27.496714848883048	1:DECEASED	8a9cde9a-c38c-423e-bc14-354ee26468c9	d2f6cea0-ecec-49f1-a851-e332e79ce098	MX	NX	NA	T4	Hepatocellular Carcinoma	Liver	False	False	TCGA-LIHC	Hepatocellular Carcinoma	released	WHITE	1	Primary Tumor	1	Male	1.9	Dead	2000
hcc_tcga_gdc	TCGA-BC-A10U	TCGA-BC-A10U-01	69	5th	Liver	Hepatocellular Carcinoma	Hepatocellular Carcinoma	NA	-25305	837	NA	NA	Hepatocellular Carcinoma	NOT HISPANIC OR LATINO	0.3096	C22.0	NO	8170/3	120	HCC	27.496714848883048	1:DECEASED	23103931-cc29-4f89-ae9c-79d53401ecea	f948e99c-22ba-4037-8a69-34b15f9fa557	MX	NX	NA	T2	Hepatocellular Carcinoma	Liver	False	False	TCGA-LIHC	Hepatocellular Carcinoma	released	WHITE	1	Primary Tumor	1	Male	4.0	Dead	2000
hcc_tcga_gdc	TCGA-BC-A10W	TCGA-BC-A10W-01	50	5th	Liver	Hepatocellular Carcinoma	Hepatocellular Carcinoma	NA	-18562	91	NA	NA	Hepatocellular Carcinoma	NOT HISPANIC OR LATINO	0.2615	C22.0	NO	8170/3	83	HCC	2.9894875164257555	1:DECEASED	39baf24a-4032-4c23-b3fe-2c50df1881f6	18fd84d2-dda5-4916-b42b-5ee6ac00496f	MX	NX	NA	T4	Hepatocellular Carcinoma	Liver	False	False	TCGA-LIHC	Hepatocellular Carcinoma	released	ASIAN	1	Primary Tumor	1	Male	2.7666666666666666	Dead	2002
hcc_tcga_gdc	TCGA-BC-A10X	TCGA-BC-A10X-01	52	5th	Liver	Hepatocellular Carcinoma	Hepatocellular Carcinoma	NA	-19140	770	25.31479107	0:DiseaseFree	Hepatocellular Carcinoma	NOT HISPANIC OR LATINO	0.0001	C22.0	NO	8170/3	1	HCC	25.29566360052562	1:DECEASED	3dc48ea9-a3c6-437f-af5a-88feb300cc5f	1ae03bc9-de5a-417c-a617-7256c8d2d9b8	MX	N0	Stage IIIA	T3a	Hepatocellular Carcinoma	Liver	False	False	TCGA-LIHC	Hepatocellular Carcinoma	released	WHITE	1	Primary Tumor	1	Female	0.03333333333333333	Dead	2002
hcc_tcga_gdc	TCGA-BC-A10Y	TCGA-BC-A10Y-01	76	5th	Liver	Hepatocellular Carcinoma	Hepatocellular Carcinoma	NA	-28049	711	13.15054082	1:Recurred/Progressed	Hepatocellular Carcinoma	NOT HISPANIC OR LATINO	0.1978	C22.0	NO	8170/3	48	HCC	23.35742444152431	1:DECEASED	6533648f-1353-4253-b65b-d472aacf5751	06ba5a5e-1718-4208-9811-8a157a520645	MX	NX	NA	T4	Hepatocellular Carcinoma	Liver	False	False	TCGA-LIHC	Hepatocellular Carcinoma	released	WHITE	1	Primary Tumor	1	Male	1.5666666666666667	Dead	2002
hcc_tcga_gdc	TCGA-BC-A10Z	TCGA-BC-A10Z-01	62	6th	Liver	Hepatocellular Carcinoma	Hepatocellular Carcinoma	NA	-22913	34	1.117795969	0:DiseaseFree	Hepatocellular Carcinoma	NOT HISPANIC OR LATINO	0.2077	C22.0	NO	8170/3	149	HCC	1.1169513797634691	1:DECEASED	709f1e4d-f5e8-4a0b-8254-23f037f4bae7	a758e425-e4f9-4b71-86f0-f82f4331055d	MX	N0	Stage I	T1	Hepatocellular Carcinoma	Liver	False	False	TCGA-LIHC	Hepatocellular Carcinoma	released	WHITE	1	Primary Tumor	1	Female	4.933333333333334	Dead	2003
hcc_tcga_gdc	TCGA-BC-A110	TCGA-BC-A110-01	51	6th	Liver	Hepatocellular Carcinoma	Hepatocellular Carcinoma	NA	-18951	2116	67.62665615	1:Recurred/Progressed	Hepatocellular Carcinoma	NOT HISPANIC OR LATINO	0.0000	C22.0	NO	8170/3	NA	HCC	69.51379763469119	1:DECEASED	cf028bce-d20d-42b8-8507-1ec94a391e85	4db99739-f0d5-4db9-a5fa-4445c7a61b4b	MX	NX	NA	T1	Hepatocellular Carcinoma	Liver	True	False	TCGA-LIHC	Hepatocellular Carcinoma	released	BLACK OR AFRICAN AMERICAN	1	Primary Tumor	1	Female	NA	Dead	2003
hcc_tcga_gdc	TCGA-BC-A112	TCGA-BC-A112-01	80	6th	Liver	Hepatocellular Carcinoma	Hepatocellular Carcinoma	NA	-29511	153	5.030081862	0:DiseaseFree	Hepatocellular Carcinoma	NOT HISPANIC OR LATINO	0.2225	C22.0	NO	8170/3	915	HCC	5.026281208935611	1:DECEASED	a2c17e87-d8bc-4160-88ae-e3e894d013e4	6b3da272-71dc-4aec-ab4c-42bf93523bb4	MX	NX	NA	T3	Hepatocellular Carcinoma	Liver	True	False	TCGA-LIHC	Hepatocellular Carcinoma	released	WHITE	1	Primary Tumor	1	Male	30.5	Dead	2009
hcc_tcga_gdc	TCGA-BC-A216	TCGA-BC-A216-01	62	6th	Liver	Hepatocellular Carcinoma	Hepatocellular Carcinoma	1144	-22968	NA	44.41595161	0:DiseaseFree	Hepatocellular Carcinoma	NA	0.1974	C22.0	NO	8170/3	49	HCC	44.382391590013135	0:LIVING	4bbdbe77-f3cb-4b64-9826-72debb734784	f8b5247f-5276-4189-9041-2d914482d539	M0	NX	Stage IIIA	T3	Hepatocellular Carcinoma	Liver	False	False	TCGA-LIHC	Hepatocellular Carcinoma	released	WHITE	1	Primary Tumor	1	Female	1.6333333333333333	Alive	2008
hcc_tcga_gdc	TCGA-BC-A217	TCGA-BC-A217-01	75	7th	Liver	Hepatocellular Carcinoma	Hepatocellular Carcinoma	421	-27411	1397	45.9282638	0:DiseaseFree	Hepatocellular Carcinoma	NA	0.5459	C22.0	NO	8170/3	87	HCC	45.893561103810775	1:DECEASED	6dcfc418-ab28-4365-95ea-c1ae254f2341	c827a8b9-359c-4a6f-b950-839b3fb0c097	M0	NX	Stage II	T2	Hepatocellular Carcinoma	Liver	False	False	TCGA-LIHC	Hepatocellular Carcinoma	released	WHITE	1	Primary Tumor	1	Female	2.9	Dead	2010
hcc_tcga_gdc	TCGA-BC-A3KF	TCGA-BC-A3KF-01	66	7th	Liver	Hepatocellular Carcinoma	Hepatocellular Carcinoma	8	-24328	NA	0.263010816	0:DiseaseFree	Hepatocellular Carcinoma	NA	0.3947	C22.0	NO	8170/3	69	HCC	0.2628120893561104	0:LIVING	07dd49fc-8a76-41e8-9eb3-107336f68701	ece7aff8-7303-4d9a-b5ef-abb871571686	M0	NX	Stage I	T1	Hepatocellular Carcinoma	Liver	False	False	TCGA-LIHC	Hepatocellular Carcinoma	released	WHITE	1	Primary Tumor	1	Female	2.3	Alive	2011
hcc_tcga_gdc	TCGA-BC-A3KG	TCGA-BC-A3KG-01	68	7th	Liver	Hepatocellular Carcinoma	Hepatocellular Carcinoma	252	-25061	NA	6.871157576	1:Recurred/Progressed	Hepatocellular Carcinoma	NOT HISPANIC OR LATINO	0.3648	C22.0	NO	8170/3	156	HCC	22.339027595269382	0:LIVING	75f43fca-200a-48b0-bb67-0693d7b91119	da632ff7-e6b4-4ecd-ab72-a08461588b44	M0	N0	Stage II	T2	Hepatocellular Carcinoma	Liver	False	False	TCGA-LIHC	Hepatocellular Carcinoma	released	WHITE	1	Primary Tumor	1	Female	5.2	Alive	2011
hcc_tcga_gdc	TCGA-BC-A5W4	TCGA-BC-A5W4-01	69	7th	Liver	Hepatocellular Carcinoma	Hepatocellular Carcinoma	289	-25503	547	NA	NA	Hepatocellular Carcinoma	NOT HISPANIC OR LATINO	0.6488	C22.0	NO	8170/3	57	HCC	17.969776609724047	1:DECEASED	6bb5d506-8fca-43f3-90a6-03c915d7ede2	7b9c40bf-6ad0-491e-84fc-f835fe3589c5	M0	NX	Stage IIIA	T3a	Hepatocellular Carcinoma	Liver	True	False	TCGA-LIHC	Hepatocellular Carcinoma	released	WHITE	1	Primary Tumor	1	Male	1.9	Dead	2012
hcc_tcga_gdc	TCGA-BC-A69H	TCGA-BC-A69H-01	64	7th	Liver	Hepatocellular Carcinoma	Hepatocellular Carcinoma	120	-23380	NA	14.59710031	0:DiseaseFree	Hepatocellular Carcinoma	NOT HISPANIC OR LATINO	0.4947	C22.0	NO	8170/3	63	HCC	14.586070959264125	0:LIVING	79df037c-7d37-4e6c-a654-57708a4f87aa	7b0389ae-8b72-4e9a-ac52-802a384a14a3	M0	NX	Stage II	T2	Hepatocellular Carcinoma	Liver	False	False	TCGA-LIHC	Hepatocellular Carcinoma	released	WHITE	1	Primary Tumor	1	Male	2.1	Alive	2013
hcc_tcga_gdc	TCGA-BC-A69I	TCGA-BC-A69I-01	69	7th	Liver	Hepatocellular Carcinoma	Hepatocellular Carcinoma	16	-25370	NA	12.72314824	0:DiseaseFree	Hepatocellular Carcinoma	NA	0.1840	C22.0	NO	8170/3	NA	HCC	12.713534822601838	0:LIVING	70aecc90-17f0-4064-8ebb-be81f9b1d7fd	e36d5a75-0bc8-480d-8458-e23cb453c279	M0	N0	Stage I	T1	Hepatocellular Carcinoma	Liver	False	False	TCGA-LIHC	Hepatocellular Carcinoma	released	WHITE	1	Primary Tumor	1	Male	NA	Alive	2013
hcc_tcga_gdc	TCGA-BC-A8YO	TCGA-BC-A8YO-01	66	7th	Liver	Hepatocellular Carcinoma	Hepatocellular Carcinoma	227	-24189	NA	7.232797449	1:Recurred/Progressed	Hepatocellular Carcinoma	NOT HISPANIC OR LATINO	0.1150	C22.0	NO	8170/3	59	HCC	18.462549277266753	0:LIVING	f53a70d9-a774-4969-896e-2dcdd4d02a7a	4218932d-170a-41f0-89ec-92a71a7b13dd	M0	N0	Stage IIIC	T4	Hepatocellular Carcinoma	Liver	False	False	TCGA-LIHC	Hepatocellular Carcinoma	released	WHITE	1	Primary Tumor	1	Female	1.9333333333333333	Alive	2013
hcc_tcga_gdc	TCGA-BD-A2L6	TCGA-BD-A2L6-01	69	7th	Liver	Hepatocellular Carcinoma	Hepatocellular Carcinoma	289	-25489	NA	13.6436861	1:Recurred/Progressed	Hepatocellular Carcinoma	NA	0.1540	C22.0	NO	8170/3	66	HCC	44.776609724047304	0:LIVING	13a97cee-76b0-46a1-b728-d87b2248311e	7a489d88-3ae5-40f5-9126-92664b250fd6	MX	NX	NA	T2	Hepatocellular Carcinoma	Liver	False	False	TCGA-LIHC	Hepatocellular Carcinoma	released	WHITE	1	Primary Tumor	1	Male	2.2	Alive	2011
hcc_tcga_gdc	TCGA-BD-A3EP	TCGA-BD-A3EP-01	75	7th	Liver	Hepatocellular Carcinoma	Hepatocellular Carcinoma	409	-27756	NA	13.44642798	0:DiseaseFree	Hepatocellular Carcinoma	NOT HISPANIC OR LATINO	0.2628	C22.0	NO	8170/3	85	HCC	13.436268068331144	0:LIVING	de302b98-250d-42fe-9945-11e1b2bbd3c6	553dfa2d-c496-4982-8ba1-32d5054864be	M0	N0	Stage I	T1	Hepatocellular Carcinoma	Liver	False	False	TCGA-LIHC	Hepatocellular Carcinoma	released	BLACK OR AFRICAN AMERICAN	1	Primary Tumor	1	Female	2.8333333333333335	Alive	2010
hcc_tcga_gdc	TCGA-BD-A3ER	TCGA-BD-A3ER-01	62	7th	Liver	Hepatocellular Carcinoma	Hepatocellular Carcinoma	146	-22657	NA	7.42	1:Recurred/Progressed	Hepatocellular Carcinoma	NOT HISPANIC OR LATINO	0.0947	C22.0	NO	8170/3	43	HCC	36.629434954007884	0:LIVING	9457a9a1-3dd1-4d88-b1e1-d20aae4491dd	7e3bb1d9-c3b4-4af8-85d3-f51f3b77d066	MX	NX	Stage II	T2	Hepatocellular Carcinoma	Liver	True	False	TCGA-LIHC	Hepatocellular Carcinoma	released	WHITE	1	Primary Tumor	1	Male	1.4333333333333333	Alive	2011
hcc_tcga_gdc	TCGA-BW-A5NO	TCGA-BW-A5NO-01	50	7th	Liver	Hepatocellular Carcinoma	Hepatocellular Carcinoma	20	-18510	NA	NA	NA	Hepatocellular Carcinoma	NOT HISPANIC OR LATINO	0.5453	C22.0	NO	8170/3	97	HCC	0.657030223390276	0:LIVING	ee63c44b-91f4-4004-8dea-192eab527036	3cbd785d-cad5-4299-8fe8-695ca8db726d	MX	NX	Stage IIIA	T3a	Hepatocellular Carcinoma	Liver	False	False	TCGA-LIHC	Hepatocellular Carcinoma	released	BLACK OR AFRICAN AMERICAN	1	Primary Tumor	1	Male	3.2333333333333334	Alive	2010
hcc_tcga_gdc	TCGA-BW-A5NP	TCGA-BW-A5NP-01	26	7th	Liver	Hepatocellular Carcinoma	Hepatocellular Carcinoma	0	-9809	NA	NA	NA	Hepatocellular Carcinoma	HISPANIC OR LATINO	0.5338	C22.0	NO	8170/3	57	HCC	0.0	0:LIVING	56a82a56-0241-4d3d-9de2-696b0c36df91	c13884b6-eaef-4e1c-8fa7-5fe76548d32f	M1	N0	Stage IV	T2	Hepatocellular Carcinoma	Liver	False	False	TCGA-LIHC	Hepatocellular Carcinoma	released	WHITE	1	Primary Tumor	1	Female	1.9	Alive	2010
hcc_tcga_gdc	TCGA-BW-A5NQ	TCGA-BW-A5NQ-01	63	7th	Liver	Hepatocellular Carcinoma	Hepatocellular Carcinoma	0	-23353	NA	NA	NA	Hepatocellular Carcinoma	NOT HISPANIC OR LATINO	0.3053	C22.0	NO	8170/3	82	HCC	0.0	0:LIVING	c7f1b389-aec7-4993-8afb-b7a56064f8fc	c8ffe03a-62c3-4b47-9dea-cb3377f59abb	MX	NX	Stage I	T1	Hepatocellular Carcinoma	Liver	True	False	TCGA-LIHC	Hepatocellular Carcinoma	released	WHITE	1	Primary Tumor	1	Male	2.7	Alive	2010
hcc_tcga_gdc	TCGA-CC-5258	TCGA-CC-5258-01	48	6th	Liver	Hepatocellular Carcinoma	Hepatocellular Carcinoma	0	-17586	129	5.917743367	1:Recurred/Progressed	Hepatocellular Carcinoma	NOT HISPANIC OR LATINO	0.2805	C22.0	NO	8170/3	115	HCC	4.23784494086728	1:DECEASED	6a93206a-c25c-4e45-b0ba-0a21bd8253b6	d928ac5d-960f-4ebe-8826-0e03b55dc34e	M0	N0	Stage II	T2	Hepatocellular Carcinoma	Liver	False	False	TCGA-LIHC	Hepatocellular Carcinoma	released	ASIAN	1	Primary Tumor	1	Male	3.8333333333333335	Dead	2010
hcc_tcga_gdc	TCGA-CC-5259	TCGA-CC-5259-01	60	7th	Liver	Hepatocellular Carcinoma	Hepatocellular Carcinoma	5	-21946	NA	NA	NA	Hepatocellular Carcinoma	NOT HISPANIC OR LATINO	0.3802	C22.0	NO	8170/3	123	HCC	8.21287779237845	0:LIVING	7444eea6-90e8-42dd-a7b5-0afc6d96e1e8	e5587496-5655-4b18-82e3-e00593a1c64c	M0	N0	Stage IIIC	T4	Hepatocellular Carcinoma	Liver	False	False	TCGA-LIHC	Hepatocellular Carcinoma	released	ASIAN	1	Primary Tumor	1	Female	4.066666666666666	Alive	2010
hcc_tcga_gdc	TCGA-CC-5260	TCGA-CC-5260-01	61	7th	Liver	Hepatocellular Carcinoma	Hepatocellular Carcinoma	0	-22345	87	NA	NA	Hepatocellular Carcinoma	NOT HISPANIC OR LATINO	0.2562	C22.0	NO	8170/3	46	HCC	2.8580814717477003	1:DECEASED	ca8afb2c-be3d-41e8-8dbc-19fe7ab6154b	7f347680-cd4d-4289-8f8f-3b0541381a42	M0	N0	Stage IIIC	T4	Hepatocellular Carcinoma	Liver	False	False	TCGA-LIHC	Hepatocellular Carcinoma	released	ASIAN	1	Primary Tumor	1	Female	1.5333333333333334	Dead	2010
hcc_tcga_gdc	TCGA-CC-5261	TCGA-CC-5261-01	44	7th	Liver	Hepatocellular Carcinoma	Hepatocellular Carcinoma	12	-16373	97	NA	NA	Hepatocellular Carcinoma	NOT HISPANIC OR LATINO	0.4045	C22.0	NO	8170/3	NA	HCC	3.1865965834428382	1:DECEASED	1ad7f17e-b3b8-40e9-aab8-5a17e0aec408	538998f3-5230-4963-8b67-d34de695e97d	M0	N0	Stage II	T2	Hepatocellular Carcinoma	Liver	False	False	TCGA-LIHC	Hepatocellular Carcinoma	released	ASIAN	1	Primary Tumor	1	Male	NA	Dead	2010
hcc_tcga_gdc	TCGA-CC-5262	TCGA-CC-5262-01	67	7th	Liver	Hepatocellular Carcinoma	Hepatocellular Carcinoma	0	-24787	103	NA	NA	Hepatocellular Carcinoma	NOT HISPANIC OR LATINO	0.1446	C22.0	NO	8170/3	105	HCC	3.383705650459921	1:DECEASED	1b428ada-eb3f-40c2-b4bf-1bbf6b61729d	dc595eed-d459-40fd-8417-6a1c56759ec8	M0	N0	Stage IIIC	T4	Hepatocellular Carcinoma	Liver	False	False	TCGA-LIHC	Hepatocellular Carcinoma	released	ASIAN	1	Primary Tumor	1	Male	3.5	Dead	2010
hcc_tcga_gdc	TCGA-CC-5263	TCGA-CC-5263-01	35	6th	Liver	Hepatocellular Carcinoma	Hepatocellular Carcinoma	NA	-12863	129	NA	NA	Hepatocellular Carcinoma	NOT HISPANIC OR LATINO	0.3366	C22.0	NO	8170/3	97	HCC	4.23784494086728	1:DECEASED	a6af3061-1484-4f6c-bb4b-c8f4626b4161	efa9f768-cc58-4ce4-a47a-ed598797adc8	M0	N0	Stage IIIA	T3	Hepatocellular Carcinoma	Liver	False	False	TCGA-LIHC	Hepatocellular Carcinoma	released	ASIAN	1	Primary Tumor	1	Male	3.2	Dead	2010
hcc_tcga_gdc	TCGA-CC-5264	TCGA-CC-5264-01	71	6th	Liver	Hepatocellular Carcinoma	Hepatocellular Carcinoma	0	-25979	102	NA	NA	Hepatocellular Carcinoma	NOT HISPANIC OR LATINO	0.7760	C22.0	NO	8170/3	78	HCC	3.350854139290407	1:DECEASED	61902cb6-b041-48ac-aacc-483a28949865	ec67465b-dc08-4e09-8af2-3b489bd15393	M0	N0	Stage IIIA	T3	Hepatocellular Carcinoma	Liver	False	False	TCGA-LIHC	Hepatocellular Carcinoma	released	ASIAN	1	Primary Tumor	1	Male	2.566666666666667	Dead	2010
hcc_tcga_gdc	TCGA-CC-A123	TCGA-CC-A123-01	24	6th	Liver	Hepatocellular Carcinoma	Hepatocellular Carcinoma	-8	-9107	NA	NA	NA	Hepatocellular Carcinoma	NOT HISPANIC OR LATINO	0.3570	C22.0	NO	8170/3	62	HCC	7.194480946123521	0:LIVING	e2f6d3aa-b817-4193-a550-8e53265aa336	98eeca7b-4918-4176-927d-0ac1e48c5d7e	M0	N0	Stage IIIA	T3	Hepatocellular Carcinoma	Liver	False	False	TCGA-LIHC	Hepatocellular Carcinoma	released	ASIAN	1	Primary Tumor	1	Female	2.066666666666667	Alive	2010
hcc_tcga_gdc	TCGA-CC-A1HT	TCGA-CC-A1HT-01	50	6th	Liver	Hepatocellular Carcinoma	Hepatocellular Carcinoma	0	-18553	101	7.199921097	1:Recurred/Progressed	Hepatocellular Carcinoma	NOT HISPANIC OR LATINO	0.1972	C22.0	NO	8170/3	76	HCC	3.3180026281208934	1:DECEASED	670c1cbc-4494-45f1-bb8b-18db82d4f7e0	96f911ed-2064-4745-ad07-6c47b0a0c7cd	M0	N0	Stage IIIA	T3	Hepatocellular Carcinoma	Liver	False	False	TCGA-LIHC	Hepatocellular Carcinoma	released	ASIAN	1	Primary Tumor	1	Male	2.533333333333333	Dead	2010
hcc_tcga_gdc	TCGA-CC-A3M9	TCGA-CC-A3M9-01	45	7th	Liver	Hepatocellular Carcinoma	Hepatocellular Carcinoma	3	-16460	300	8.580727882	1:Recurred/Progressed	Hepatocellular Carcinoma	NOT HISPANIC OR LATINO	0.2644	C22.0	NO	8173/3	103	HCC	9.85545335085414	1:DECEASED	8e938868-d992-47c4-becb-93b0f7fffe07	3319fcfb-a070-403e-bb86-cfd0d6da68e6	M0	N0	Stage IIIA	T3	Hepatocellular Carcinoma	Liver	False	False	TCGA-LIHC	Hepatocellular Carcinoma	released	ASIAN	1	Primary Tumor	1	Male	3.433333333333333	Dead	2011
hcc_tcga_gdc	TCGA-CC-A3MA	TCGA-CC-A3MA-01	61	7th	Liver	Hepatocellular Carcinoma	Hepatocellular Carcinoma	2	-22375	303	10.35605089	0:DiseaseFree	Hepatocellular Carcinoma	NOT HISPANIC OR LATINO	0.3739	C22.0	NO	8170/3	33	HCC	9.95400788436268	1:DECEASED	613ddb95-14d7-4941-b374-fb5cd344d1bb	6955889c-d216-44ca-be25-70fb7d00bc64	M0	N0	Stage IIIA	T3	Hepatocellular Carcinoma	Liver	False	False	TCGA-LIHC	Hepatocellular Carcinoma	released	ASIAN	1	Primary Tumor	1	Male	1.1	Dead	2011
hcc_tcga_gdc	TCGA-CC-A3MB	TCGA-CC-A3MB-01	36	7th	Liver	Hepatocellular Carcinoma	Hepatocellular Carcinoma	3	-13255	315	9.764276556	1:Recurred/Progressed	Hepatocellular Carcinoma	NOT HISPANIC OR LATINO	0.5037	C22.0	NO	8170/3	55	HCC	10.348226018396845	1:DECEASED	2c53d48d-e3bc-49f3-bbe0-2eee24252b4c	0466f2a2-3e22-4bde-907d-82d963ea9746	M0	N0	Stage IIIA	T3	Hepatocellular Carcinoma	Liver	False	False	TCGA-LIHC	Hepatocellular Carcinoma	released	ASIAN	1	Primary Tumor	1	Male	1.8333333333333333	Dead	2011
hcc_tcga_gdc	TCGA-CC-A3MC	TCGA-CC-A3MC-01	54	7th	Liver	Hepatocellular Carcinoma	Hepatocellular Carcinoma	4	-20067	NA	11.40809416	0:DiseaseFree	Hepatocellular Carcinoma	NOT HISPANIC OR LATINO	0.2103	C22.0	NO	8170/3	88	HCC	11.925098554533507	0:LIVING	0277f393-3743-47d6-a96f-155baec9eb49	38e9689a-3698-45cd-a7a4-d2c4f0af11c6	M0	N0	Stage IIIA	T3	Hepatocellular Carcinoma	Liver	False	False	TCGA-LIHC	Hepatocellular Carcinoma	released	ASIAN	1	Primary Tumor	1	Male	2.9	Alive	2011
hcc_tcga_gdc	TCGA-CC-A5UC	TCGA-CC-A5UC-01	63	6th	Liver	Hepatocellular Carcinoma	Hepatocellular Carcinoma	0	-23156	347	5.983496071	1:Recurred/Progressed	Hepatocellular Carcinoma	NOT HISPANIC OR LATINO	0.2153	C22.0	NO	8170/3	46	HCC	11.399474375821287	1:DECEASED	7e589ee1-ffcc-448a-a275-829ca26a597e	f83ace1a-16f0-4d9a-89cc-077fbaa69d0c	M0	N0	Stage IIIA	T3	Hepatocellular Carcinoma	Liver	False	False	TCGA-LIHC	Hepatocellular Carcinoma	released	ASIAN	1	Primary Tumor	1	Male	1.5	Dead	2012
hcc_tcga_gdc	TCGA-CC-A5UD	TCGA-CC-A5UD-01	45	6th	Liver	Hepatocellular Carcinoma	Hepatocellular Carcinoma	0	-16702	304	5.753361607	1:Recurred/Progressed	Hepatocellular Carcinoma	NOT HISPANIC OR LATINO	0.7756	C22.0	NO	8170/3	158	HCC	9.986859395532194	1:DECEASED	3837c8ac-6c9e-499b-a4e7-d42c870bcb49	24fb408b-5259-4928-ad19-02b8add76539	M0	N0	Stage IIIA	T3	Hepatocellular Carcinoma	Liver	False	False	TCGA-LIHC	Hepatocellular Carcinoma	released	ASIAN	1	Primary Tumor	1	Male	5.2	Dead	2012
hcc_tcga_gdc	TCGA-CC-A5UE	TCGA-CC-A5UE-01	48	6th	Liver	Hepatocellular Carcinoma	Hepatocellular Carcinoma	0	-17805	272	7.134168393	0:DiseaseFree	Hepatocellular Carcinoma	NOT HISPANIC OR LATINO	0.4426	C22.0	NO	8170/3	110	HCC	8.935611038107753	1:DECEASED	23d8e6a0-fa79-4323-a0a6-2dea2a319667	e8a5ec1d-b962-4b48-8eae-d49bd6291b6b	M0	N0	Stage IIIB	T4	Hepatocellular Carcinoma	Liver	False	False	TCGA-LIHC	Hepatocellular Carcinoma	released	ASIAN	1	Primary Tumor	1	Male	3.6333333333333333	Dead	2012
hcc_tcga_gdc	TCGA-CC-A7IE	TCGA-CC-A7IE-01	57	6th	Liver	Hepatocellular Carcinoma	Hepatocellular Carcinoma	0	-20985	217	21.33675247	0:DiseaseFree	Hepatocellular Carcinoma	NOT HISPANIC OR LATINO	0.2362	C22.0	NO	8170/3	141	HCC	7.128777923784494	1:DECEASED	220f75d7-08a4-4936-b4b2-0750e87ccdf5	b58106e6-417f-41f7-88ec-2e9e51495631	M0	N0	Stage IIIA	T3	Hepatocellular Carcinoma	Liver	False	False	TCGA-LIHC	Hepatocellular Carcinoma	released	ASIAN	1	Primary Tumor	1	Male	4.7	Dead	2012
hcc_tcga_gdc	TCGA-CC-A7IF	TCGA-CC-A7IF-01	59	6th	Liver	Hepatocellular Carcinoma	Hepatocellular Carcinoma	0	-21845	649	6.410888648	1:Recurred/Progressed	Hepatocellular Carcinoma	NOT HISPANIC OR LATINO	0.3122	C22.0	NO	8170/3	105	HCC	21.320630749014455	1:DECEASED	e0674b82-2fba-421e-be62-58efd0348d44	85bf24dd-ed33-4b46-9739-1994ae3a2c91	M0	N0	Stage IIIA	T3	Hepatocellular Carcinoma	Liver	False	False	TCGA-LIHC	Hepatocellular Carcinoma	released	ASIAN	1	Primary Tumor	1	Male	3.5	Dead	2013
hcc_tcga_gdc	TCGA-CC-A7IG	TCGA-CC-A7IG-01	47	6th	Liver	Hepatocellular Carcinoma	Hepatocellular Carcinoma	0	-17453	299	11.9998685	0:DiseaseFree	Hepatocellular Carcinoma	NOT HISPANIC OR LATINO	0.5310	C22.0	NO	8170/3	118	HCC	9.822601839684625	1:DECEASED	534a7b11-3abd-4581-a9c9-d984d6aa33a0	642a133c-371d-4c40-a0e5-6568313de439	M0	N0	Stage II	T2	Hepatocellular Carcinoma	Liver	False	False	TCGA-LIHC	Hepatocellular Carcinoma	released	ASIAN	1	Primary Tumor	1	Male	3.933333333333333	Dead	2013
hcc_tcga_gdc	TCGA-CC-A7IH	TCGA-CC-A7IH-01	58	6th	Liver	Hepatocellular Carcinoma	Hepatocellular Carcinoma	0	-21381	NA	9.139625867	1:Recurred/Progressed	Hepatocellular Carcinoma	NOT HISPANIC OR LATINO	0.2330	C22.0	NO	8170/3	605	HCC	11.990801576872535	0:LIVING	e4e0bc11-ad61-4419-857c-44fb5c7877a3	40f9f3b1-545d-4743-912c-9c92aac5f396	M0	N0	Stage IIIA	T3	Hepatocellular Carcinoma	Liver	False	False	TCGA-LIHC	Hepatocellular Carcinoma	released	ASIAN	1	Primary Tumor	1	Male	20.166666666666668	Alive	2013
hcc_tcga_gdc	TCGA-CC-A7II	TCGA-CC-A7II-01	54	6th	Liver	Hepatocellular Carcinoma	Hepatocellular Carcinoma	0	-20079	NA	12.55876648	0:DiseaseFree	Hepatocellular Carcinoma	NOT HISPANIC OR LATINO	0.4193	C22.0	NO	8170/3	137	HCC	13.107752956636006	0:LIVING	aaf7c9b5-6cb7-42bf-a0d1-07975eae3be9	ad384cc4-8444-419f-a2e7-27dfc417ea82	M0	N0	Stage IIIA	T3	Hepatocellular Carcinoma	Liver	False	False	TCGA-LIHC	Hepatocellular Carcinoma	released	ASIAN	1	Primary Tumor	1	Male	4.566666666666666	Alive	2013
hcc_tcga_gdc	TCGA-CC-A7IJ	TCGA-CC-A7IJ-01	56	6th	Liver	Hepatocellular Carcinoma	Hepatocellular Carcinoma	0	-20751	NA	4.931452806	1:Recurred/Progressed	Hepatocellular Carcinoma	NOT HISPANIC OR LATINO	0.2049	C22.0	NO	8170/3	123	HCC	12.54927726675427	0:LIVING	e610a644-0504-445a-bba1-4bae360de4c1	23d951c1-92e2-4b6b-b716-ff5829e28303	M0	N0	Stage II	T2	Hepatocellular Carcinoma	Liver	False	False	TCGA-LIHC	Hepatocellular Carcinoma	released	ASIAN	1	Primary Tumor	1	Male	4.1	Alive	2013
hcc_tcga_gdc	TCGA-CC-A7IK	TCGA-CC-A7IK-01	59	6th	Liver	Hepatocellular Carcinoma	Hepatocellular Carcinoma	0	-21552	262	5.884867015	1:Recurred/Progressed	Hepatocellular Carcinoma	NOT HISPANIC OR LATINO	0.6066	C22.0	NO	8170/3	273	HCC	8.607095926412615	1:DECEASED	eba5208b-404a-45df-9133-31ff122e7fc0	9ae951fb-97e7-42d2-bb74-a490e22583ee	M0	N0	Stage IIIA	T3	Hepatocellular Carcinoma	Liver	False	False	TCGA-LIHC	Hepatocellular Carcinoma	released	ASIAN	1	Primary Tumor	1	Male	9.1	Dead	2013
hcc_tcga_gdc	TCGA-CC-A7IL	TCGA-CC-A7IL-01	61	6th	Liver	Hepatocellular Carcinoma	Hepatocellular Carcinoma	0	-22319	278	2.728737219	1:Recurred/Progressed	Hepatocellular Carcinoma	NOT HISPANIC OR LATINO	0.5172	C22.0	NO	8170/3	90	HCC	9.132720105124836	1:DECEASED	b54df65f-8a6b-4405-9918-90d53418804c	1445b31d-812d-4ddf-8965-0a970b9ea562	M0	N0	Stage IIIA	T3	Hepatocellular Carcinoma	Liver	False	False	TCGA-LIHC	Hepatocellular Carcinoma	released	ASIAN	1	Primary Tumor	1	Male	3.0	Dead	2013
hcc_tcga_gdc	TCGA-CC-A8HS	TCGA-CC-A8HS-01	18	6th	Liver	Hepatocellular Carcinoma	Hepatocellular Carcinoma	0	-6617	300	6.6	1:Recurred/Progressed	Hepatocellular Carcinoma	NOT HISPANIC OR LATINO	NA	C22.0	NO	8170/3	43	HCC	9.85545335085414	1:DECEASED	d18cd259-267e-47b5-9353-ad3454e048a0	41ca0b98-d4b2-4a09-a5e3-20fedb440926	M0	N1	Stage IIIC	T3	Hepatocellular Carcinoma	Liver	False	False	TCGA-LIHC	Hepatocellular Carcinoma	released	ASIAN	1	Primary Tumor	1	Male	1.4333333333333333	Dead	2013
hcc_tcga_gdc	TCGA-CC-A8HT	TCGA-CC-A8HT-01	74	6th	Liver	Hepatocellular Carcinoma	Hepatocellular Carcinoma	0	-27334	140	4.898576454	1:Recurred/Progressed	Hepatocellular Carcinoma	NOT HISPANIC OR LATINO	0.2076	C22.0	NO	8170/3	172	HCC	4.599211563731932	1:DECEASED	95408571-9d4e-412b-8ee8-7992e0270b0f	5f78bf91-e73d-4b78-9cd7-ec6502e764aa	M0	N0	Stage IIIA	T3	Hepatocellular Carcinoma	Liver	False	False	TCGA-LIHC	Hepatocellular Carcinoma	released	ASIAN	1	Primary Tumor	1	Male	5.733333333333333	Dead	2013
hcc_tcga_gdc	TCGA-CC-A8HU	TCGA-CC-A8HU-01	39	6th	Liver	Hepatocellular Carcinoma	Hepatocellular Carcinoma	0	-14367	344	6.93691028	0:DiseaseFree	Hepatocellular Carcinoma	NOT HISPANIC OR LATINO	0.4675	C22.0	NO	8170/3	73	HCC	11.300919842312746	1:DECEASED	1943ff2c-ca53-4e3c-acc1-5ae84f4ba230	78dfb76e-4ca8-4b43-b967-eeef66d0f676	M0	N0	Stage IIIA	T3	Hepatocellular Carcinoma	Liver	False	False	TCGA-LIHC	Hepatocellular Carcinoma	released	ASIAN	1	Primary Tumor	1	Female	2.433333333333333	Dead	2013
hcc_tcga_gdc	TCGA-CC-A8HV	TCGA-CC-A8HV-01	51	6th	Liver	Hepatocellular Carcinoma	Hepatocellular Carcinoma	0	-18935	279	0.0	0:DiseaseFree	Hepatocellular Carcinoma	NOT HISPANIC OR LATINO	0.7150	C22.0	NO	8170/3	115	HCC	9.165571616294349	1:DECEASED	5b32d3f4-9b88-42de-aaac-22d1d2f5cde0	0633d181-7845-4578-9778-daa6d1c128cb	M0	N0	Stage II	T2	Hepatocellular Carcinoma	Liver	False	False	TCGA-LIHC	Hepatocellular Carcinoma	released	ASIAN	1	Primary Tumor	1	Female	3.8333333333333335	Dead	2013
hcc_tcga_gdc	TCGA-CC-A9FS	TCGA-CC-A9FS-01	55	6th	Liver	Hepatocellular Carcinoma	Hepatocellular Carcinoma	0	-20157	NA	0.0	0:DiseaseFree	Hepatocellular Carcinoma	NOT HISPANIC OR LATINO	0.3179	C22.0	NO	8170/3	85	HCC	6.931668856767411	0:LIVING	f661a921-2e59-424b-a145-e22664b73728	729ca3a4-1c6b-4c84-b4ce-150bb21d631d	M0	N0	Stage II	T2	Hepatocellular Carcinoma	Liver	False	False	TCGA-LIHC	Hepatocellular Carcinoma	released	ASIAN	1	Primary Tumor	1	Male	2.8	Alive	2013
hcc_tcga_gdc	TCGA-CC-A9FU	TCGA-CC-A9FU-01	52	7th	Liver	Hepatocellular Carcinoma	Hepatocellular Carcinoma	0	-19326	NA	5.030081862	1:Recurred/Progressed	Hepatocellular Carcinoma	NOT HISPANIC OR LATINO	0.5756	C22.0	NO	8170/3	41	HCC	0.0	0:LIVING	5e2a99a1-41c1-49ca-97d6-69f9b9938d24	ca56e355-4821-4169-b069-aea16c5b456b	M0	N0	Stage IIIA	T3a	Hepatocellular Carcinoma	Liver	False	False	TCGA-LIHC	Hepatocellular Carcinoma	released	ASIAN	1	Primary Tumor	1	Female	1.3666666666666667	Alive	2013
hcc_tcga_gdc	TCGA-CC-A9FV	TCGA-CC-A9FV-01	57	6th	Liver	Hepatocellular Carcinoma	Hepatocellular Carcinoma	0	-21044	NA	55.10076602	1:Recurred/Progressed	Hepatocellular Carcinoma	NOT HISPANIC OR LATINO	0.0000	C22.0	NO	8170/3	12	HCC	0.0	0:LIVING	c4e6527a-8f58-4f6b-93b1-04abb5680ed0	f268bd70-c419-4c38-8513-787aae53f337	M0	N0	Stage IIIA	T3	Hepatocellular Carcinoma	Liver	False	False	TCGA-LIHC	Hepatocellular Carcinoma	released	ASIAN	1	Primary Tumor	1	Male	0.4	Alive	2013
hcc_tcga_gdc	TCGA-CC-A9FW	TCGA-CC-A9FW-01	68	6th	Liver	Hepatocellular Carcinoma	Hepatocellular Carcinoma	0	-24891	NA	37.77492849	0:DiseaseFree	Hepatocellular Carcinoma	NOT HISPANIC OR LATINO	0.6822	C22.0	NO	8170/3	121	HCC	8.147174770039422	0:LIVING	027322f0-d720-41f8-897c-a10e5c1424c5	3aabe8f1-7f16-4e31-973a-3289dec74ba7	M0	N0	Stage IIIA	T3	Hepatocellular Carcinoma	Liver	False	False	TCGA-LIHC	Hepatocellular Carcinoma	released	ASIAN	1	Primary Tumor	1	Male	4.033333333333333	Alive	2013
hcc_tcga_gdc	TCGA-DD-A113	TCGA-DD-A113-01	55	6th	Liver	Hepatocellular Carcinoma	Hepatocellular Carcinoma	1678	-20188	NA	15.41900911	1:Recurred/Progressed	Hepatocellular Carcinoma	NOT HISPANIC OR LATINO	0.6409	C22.0	NO	8170/3	123	HCC	79.66491458607095	0:LIVING	aeb17d2b-fa8c-4989-bf3a-d2c74b785455	546f37ab-fbfe-404e-b24f-0aa8201b8ec7	M0	N0	Stage II	T2	Hepatocellular Carcinoma	Liver	False	False	TCGA-LIHC	Hepatocellular Carcinoma	released	WHITE	1	Primary Tumor	1	Female	4.1	Alive	2006
hcc_tcga_gdc	TCGA-DD-A114	TCGA-DD-A114-01	42	6th	Liver	Hepatocellular Carcinoma	Hepatocellular Carcinoma	NA	-15410	1149	27.22161949	1:Recurred/Progressed	Hepatocellular Carcinoma	NOT HISPANIC OR LATINO	0.0716	C22.0	NO	8170/3	85	HCC	37.746386333771355	1:DECEASED	02931491-f56b-4233-a079-812e08bc0c59	8659e0b1-4c44-41e6-b1df-85ae143f40ae	M0	NA	Stage II	T2	Hepatocellular Carcinoma	Liver	False	False	TCGA-LIHC	Hepatocellular Carcinoma	released	BLACK OR AFRICAN AMERICAN	1	Primary Tumor	1	Male	2.8333333333333335	Dead	2005
hcc_tcga_gdc	TCGA-DD-A115	TCGA-DD-A115-01	53	5th	Liver	Hepatocellular Carcinoma	Hepatocellular Carcinoma	NA	-19697	2542	21.63263964	1:Recurred/Progressed	Hepatocellular Carcinoma	NA	0.2334	C22.0	NO	8170/3	68	HCC	83.50854139290406	1:DECEASED	45b566d7-f120-471c-a94a-be7936889f2d	670ffb57-959a-496a-bd9f-d04f71b0c357	M0	N0	Stage IIIA	T3	Hepatocellular Carcinoma	Liver	False	False	TCGA-LIHC	Hepatocellular Carcinoma	released	WHITE	1	Primary Tumor	1	Male	2.2333333333333334	Dead	2002
hcc_tcga_gdc	TCGA-DD-A116	TCGA-DD-A116-01	68	5th	Liver	Hepatocellular Carcinoma	Hepatocellular Carcinoma	NA	-24934	1622	NA	NA	Hepatocellular Carcinoma	NOT HISPANIC OR LATINO	0.2502	C22.0	NO	8170/3	92	HCC	53.285151116951376	1:DECEASED	994347ba-3045-4ade-926f-06420fbd906c	6be74119-a0bf-4f76-93b3-2433d07ce0d1	M0	N0	Stage IIIA	T3	Hepatocellular Carcinoma	Liver	False	False	TCGA-LIHC	Hepatocellular Carcinoma	released	ASIAN	1	Primary Tumor	1	Male	3.066666666666667	Dead	2002
hcc_tcga_gdc	TCGA-DD-A118	TCGA-DD-A118-01	77	6th	Liver	Hepatocellular Carcinoma	Hepatocellular Carcinoma	693	-28406	NA	2.597231811	0:DiseaseFree	Hepatocellular Carcinoma	NOT HISPANIC OR LATINO	0.5337	C22.0	NO	8170/3	98	HCC	112.91064388961892	0:LIVING	7d914d07-f250-4c7a-8fa2-df14e708936e	b1da5474-3d42-433c-918e-22cb5c353a13	M0	N0	Stage II	T2	Hepatocellular Carcinoma	Liver	False	False	TCGA-LIHC	Hepatocellular Carcinoma	released	WHITE	1	Primary Tumor	1	Female	3.2666666666666666	Alive	2003
hcc_tcga_gdc	TCGA-DD-A119	TCGA-DD-A119-01	40	6th	Liver	Hepatocellular Carcinoma	Hepatocellular Carcinoma	NA	-14613	223	NA	NA	Hepatocellular Carcinoma	NOT HISPANIC OR LATINO	0.3577	C22.0	NO	8170/3	51	HCC	7.3258869908015765	1:DECEASED	66c6f413-b7a8-4d7c-9e1d-c4fb257b9e5c	7f290198-d88f-465c-8b83-d48bdaa57b4b	M1	N0	Stage IV	T3a	Hepatocellular Carcinoma	Liver	False	False	TCGA-LIHC	Hepatocellular Carcinoma	released	ASIAN	1	Primary Tumor	1	Male	1.7	Dead	2003
hcc_tcga_gdc	TCGA-DD-A11A	TCGA-DD-A11A-01	67	6th	Liver	Hepatocellular Carcinoma	Hepatocellular Carcinoma	79	-24646	NA	NA	NA	Hepatocellular Carcinoma	NOT HISPANIC OR LATINO	0.5679	C22.0	NO	8170/3	106	HCC	2.59526938239159	0:LIVING	609c82fd-eb3a-46d7-8c09-0cde281a50b3	b614fd23-a9ba-420d-9c01-1e82b721e1e8	M0	N0	Stage I	T1	Hepatocellular Carcinoma	Liver	False	False	TCGA-LIHC	Hepatocellular Carcinoma	released	BLACK OR AFRICAN AMERICAN	1	Primary Tumor	1	Male	3.533333333333333	Alive	2004
hcc_tcga_gdc	TCGA-DD-A11B	TCGA-DD-A11B-01	73	6th	Liver	Hepatocellular Carcinoma	Hepatocellular Carcinoma	NA	-26857	14	16.37242332	1:Recurred/Progressed	Hepatocellular Carcinoma	NOT HISPANIC OR LATINO	0.2297	C22.0	NO	8170/3	42	HCC	0.45992115637319314	1:DECEASED	1b1b1af0-b19b-4086-b1b7-669fa0b88235	cc6197e4-ec24-4cc7-a69d-e20d4bf14c62	M0	N0	Stage I	T1	Hepatocellular Carcinoma	Liver	False	False	TCGA-LIHC	Hepatocellular Carcinoma	released	WHITE	1	Primary Tumor	1	Male	1.4	Dead	2005
hcc_tcga_gdc	TCGA-DD-A11C	TCGA-DD-A11C-01	69	6th	Liver	Hepatocellular Carcinoma	Hepatocellular Carcinoma	662	-25403	NA	23.67097347	1:Recurred/Progressed	Hepatocellular Carcinoma	NOT HISPANIC OR LATINO	0.5209	C22.0	NO	8170/3	77	HCC	21.747700394218132	0:LIVING	023a1ad1-fb16-437e-9806-5063b47f76bd	bf79978c-a9c7-429e-bb78-20eea5f16fdf	M0	N0	Stage I	T1	Hepatocellular Carcinoma	Liver	False	False	TCGA-LIHC	Hepatocellular Carcinoma	released	WHITE	1	Primary Tumor	1	Male	2.566666666666667	Alive	2006
hcc_tcga_gdc	TCGA-DD-A11D	TCGA-DD-A11D-01	57	6th	Liver	Hepatocellular Carcinoma	Hepatocellular Carcinoma	NA	-21003	1560	24.78876944	1:Recurred/Progressed	Hepatocellular Carcinoma	NOT HISPANIC OR LATINO	0.1786	C22.0	NO	8170/3	104	HCC	51.24835742444152	1:DECEASED	0ef95351-0133-4f34-a59c-90934fb161f8	f1fa4bcc-bcac-4174-984c-f057af2b9826	M0	N0	Stage I	T1	Hepatocellular Carcinoma	Liver	False	False	TCGA-LIHC	Hepatocellular Carcinoma	released	WHITE	1	Primary Tumor	1	Female	3.466666666666667	Dead	2006
hcc_tcga_gdc	TCGA-DD-A1E9	TCGA-DD-A1E9-01	70	5th	Liver	Hepatocellular Carcinoma	Hepatocellular Carcinoma	NA	-25808	2759	16.60255778	1:Recurred/Progressed	Hepatocellular Carcinoma	NOT HISPANIC OR LATINO	0.2326	C22.0	NO	8170/3	50	HCC	90.63731931668856	1:DECEASED	8153a862-0790-4a33-80db-ed47fedcd4ef	966c4541-84d4-4a4f-9bb9-209431b620c7	M0	N0	Stage I	T1	Hepatocellular Carcinoma	Liver	False	False	TCGA-LIHC	Hepatocellular Carcinoma	released	WHITE	1	Primary Tumor	1	Male	1.6666666666666667	Dead	2002
hcc_tcga_gdc	TCGA-DD-A1EA	TCGA-DD-A1EA-01	68	5th	Liver	Hepatocellular Carcinoma	Hepatocellular Carcinoma	2415	-24925	NA	9.83002926	1:Recurred/Progressed	Hepatocellular Carcinoma	NOT HISPANIC OR LATINO	0.1251	C22.0	NO	8170/3	75	HCC	79.33639947437582	0:LIVING	8052c374-9435-4588-b970-68565c56dbb7	ad574b69-318d-449a-ad7d-78de9de5a042	M0	N0	Stage II	T2	Hepatocellular Carcinoma	Liver	False	False	TCGA-LIHC	Hepatocellular Carcinoma	released	ASIAN	1	Primary Tumor	1	Male	2.5	Alive	2002
hcc_tcga_gdc	TCGA-DD-A1EB	TCGA-DD-A1EB-01	72	5th	Liver	Hepatocellular Carcinoma	Hepatocellular Carcinoma	2017	-26471	NA	75.64848604	0:DiseaseFree	Hepatocellular Carcinoma	NA	0.1127	C22.0	NO	8170/3	141	HCC	66.26149802890933	0:LIVING	68015cc7-d3a1-4c90-b8fb-5d14143d9960	fee48a64-cf2f-4ae9-b3cf-315410d8e8ae	M0	N0	Stage I	T1	Hepatocellular Carcinoma	Liver	False	False	TCGA-LIHC	Hepatocellular Carcinoma	released	NA	1	Primary Tumor	1	Female	4.666666666666667	Alive	2001
hcc_tcga_gdc	TCGA-DD-A1EC	TCGA-DD-A1EC-01	20	6th	Liver	Hepatocellular Carcinoma	Hepatocellular Carcinoma	602	-7363	NA	1.44655949	1:Recurred/Progressed	Hepatocellular Carcinoma	NOT HISPANIC OR LATINO	0.2138	C22.0	NO	8170/3	19	HCC	19.776609724047304	0:LIVING	520a709a-87f6-4f3d-b2a2-9192e3b65c5b	1a0498cb-07d9-418a-8d88-cf52a373d9f0	M0	N0	Stage I	T1	Hepatocellular Carcinoma	Liver	False	False	TCGA-LIHC	Hepatocellular Carcinoma	released	WHITE	1	Primary Tumor	1	Female	0.6333333333333333	Alive	2004
hcc_tcga_gdc	TCGA-DD-A1ED	TCGA-DD-A1ED-01	68	6th	Liver	Hepatocellular Carcinoma	Hepatocellular Carcinoma	1629	-25039	NA	NA	NA	Hepatocellular Carcinoma	NOT HISPANIC OR LATINO	0.0000	C22.0	NO	8170/3	18	HCC	75.59132720105124	0:LIVING	0ff6364a-e6f4-47ca-a7e7-14705bf0a8df	1cf84c3e-e7e2-43a6-b9af-e0042312f02f	M0	N0	Stage I	T1	Hepatocellular Carcinoma	Liver	False	False	TCGA-LIHC	Hepatocellular Carcinoma	released	WHITE	1	Primary Tumor	1	Male	0.6	Alive	2006
hcc_tcga_gdc	TCGA-DD-A1EE	TCGA-DD-A1EE-01	73	6th	Liver	Hepatocellular Carcinoma	Hepatocellular Carcinoma	204	-26858	349	28.76680804	1:Recurred/Progressed	Hepatocellular Carcinoma	NOT HISPANIC OR LATINO	0.1893	C22.0	NO	8170/3	NA	HCC	11.465177398160314	1:DECEASED	654af137-70d9-4ee4-9f69-793e352d30f8	43879fcb-cf8f-4b51-a5a7-1232df941865	M0	N0	Stage IIIA	T3	Hepatocellular Carcinoma	Liver	False	False	TCGA-LIHC	Hepatocellular Carcinoma	released	WHITE	1	Primary Tumor	1	Male	NA	Dead	2006
hcc_tcga_gdc	TCGA-DD-A1EF	TCGA-DD-A1EF-01	57	6th	Liver	Hepatocellular Carcinoma	Hepatocellular Carcinoma	NA	-21165	394	3.945162245	1:Recurred/Progressed	Hepatocellular Carcinoma	NOT HISPANIC OR LATINO	0.3298	C22.0	NO	8170/3	98	HCC	12.943495400788436	1:DECEASED	1c1e8987-676f-417b-b3b4-e0321367df55	f11e2b07-2848-4601-b19f-eed188aa4c3b	M0	N0	Stage I	T1	Hepatocellular Carcinoma	Liver	False	False	TCGA-LIHC	Hepatocellular Carcinoma	released	WHITE	1	Primary Tumor	1	Female	3.2666666666666666	Dead	2007
hcc_tcga_gdc	TCGA-DD-A1EG	TCGA-DD-A1EG-01	76	7th	Liver	Hepatocellular Carcinoma	Hepatocellular Carcinoma	NA	-28108	1372	6.016372423	0:DiseaseFree	Hepatocellular Carcinoma	NOT HISPANIC OR LATINO	0.3305	C22.0	NO	8170/3	406	HCC	45.072273324572926	1:DECEASED	6c79f64b-63fe-46f5-bf7b-77208231b0f2	e8b59658-06c6-46b7-b51f-ed52de0c403e	M0	N0	Stage I	T1	Hepatocellular Carcinoma	Liver	False	False	TCGA-LIHC	Hepatocellular Carcinoma	released	WHITE	1	Primary Tumor	1	Male	13.533333333333333	Dead	2007
hcc_tcga_gdc	TCGA-DD-A1EH	TCGA-DD-A1EH-01	23	6th	Liver	Hepatocellular Carcinoma	Hepatocellular Carcinoma	1036	-8499	NA	8.646480587	1:Recurred/Progressed	Hepatocellular Carcinoma	NOT HISPANIC OR LATINO	0.2421	C22.0	NO	8170/3	32	HCC	49.11300919842313	0:LIVING	cab5b264-abab-4bdb-816e-9d2c0ac30629	44c98b82-adcb-4597-a9db-83e7d2a0e2f9	M0	N0	Stage III	T3	Hepatocellular Carcinoma	Liver	False	False	TCGA-LIHC	Hepatocellular Carcinoma	released	WHITE	1	Primary Tumor	1	Male	1.0666666666666667	Alive	2008
hcc_tcga_gdc	TCGA-DD-A1EI	TCGA-DD-A1EI-01	46	6th	Liver	Hepatocellular Carcinoma	Hepatocellular Carcinoma	183	-17097	NA	NA	NA	Hepatocellular Carcinoma	NOT HISPANIC OR LATINO	0.2372	C22.0	NO	8170/3	48	HCC	6.011826544021025	0:LIVING	3acf7438-fd65-442c-8a30-68b6714537f3	65fb618a-9296-47ad-bba9-a93fc3f88e68	M0	N0	Stage I	T1	Hepatocellular Carcinoma	Liver	False	False	TCGA-LIHC	Hepatocellular Carcinoma	released	ASIAN	1	Primary Tumor	1	Male	1.6	Alive	2008
hcc_tcga_gdc	TCGA-DD-A1EJ	TCGA-DD-A1EJ-01	71	6th	Liver	Hepatocellular Carcinoma	Hepatocellular Carcinoma	887	-26009	1005	NA	NA	Hepatocellular Carcinoma	NOT HISPANIC OR LATINO	0.3889	C22.0	NO	8170/3	48	HCC	33.01576872536137	1:DECEASED	52292ffc-0902-4d97-b461-20723987a177	2d549bb0-9e98-40c7-8b33-545c481dd105	M0	N1	Stage IIIC	T1	Hepatocellular Carcinoma	Liver	False	False	TCGA-LIHC	Hepatocellular Carcinoma	released	WHITE	1	Primary Tumor	1	Female	1.6	Dead	2008
hcc_tcga_gdc	TCGA-DD-A1EK	TCGA-DD-A1EK-01	64	6th	Liver	Hepatocellular Carcinoma	Hepatocellular Carcinoma	NA	-23437	558	14.95874018	1:Recurred/Progressed	Hepatocellular Carcinoma	NOT HISPANIC OR LATINO	0.1503	C22.0	NO	8170/3	49	HCC	18.331143232588698	1:DECEASED	a5e4412b-0e49-4d86-9cce-71f440a84048	71ccf91a-f2af-4c6b-a22f-769f4cc96163	M1	N0	Stage IVB	T4	Hepatocellular Carcinoma	Liver	False	False	TCGA-LIHC	Hepatocellular Carcinoma	released	WHITE	1	Primary Tumor	1	Female	1.6333333333333333	Dead	2008
hcc_tcga_gdc	TCGA-DD-A1EL	TCGA-DD-A1EL-01	23	6th	Liver	Hepatocellular Carcinoma	Hepatocellular Carcinoma	NA	-8573	415	27.18874314	0:DiseaseFree	Hepatocellular Carcinoma	NOT HISPANIC OR LATINO	0.3351	C22.0	NO	8170/3	78	HCC	13.633377135348226	1:DECEASED	2854ffe8-1f77-497a-bf49-11e0189fee35	5a756b40-6c08-47e8-9b25-9b3ffff39606	M0	N0	Stage II	T2	Hepatocellular Carcinoma	Liver	False	False	TCGA-LIHC	Hepatocellular Carcinoma	released	BLACK OR AFRICAN AMERICAN	1	Primary Tumor	1	Male	2.6	Dead	2009
hcc_tcga_gdc	TCGA-DD-A39V	TCGA-DD-A39V-01	77	5th	Liver	Hepatocellular Carcinoma	Hepatocellular Carcinoma	NA	-28254	643	33.92839531	1:Recurred/Progressed	Hepatocellular Carcinoma	NOT HISPANIC OR LATINO	0.3136	C22.0	NO	8170/3	56	HCC	21.12352168199737	1:DECEASED	dd056692-4e2a-4e45-a4d0-357af9754f0e	23fcd37f-a46a-4f99-944e-aed930b009f7	M0	NX	Stage II	T2	Hepatocellular Carcinoma	Liver	False	False	TCGA-LIHC	Hepatocellular Carcinoma	released	WHITE	1	Primary Tumor	1	Male	1.8666666666666667	Dead	2000
hcc_tcga_gdc	TCGA-DD-A39W	TCGA-DD-A39W-01	29	4th	Liver	Hepatocellular Carcinoma	Hepatocellular Carcinoma	NA	-10699	827	5.621856199	0:DiseaseFree	Hepatocellular Carcinoma	NOT HISPANIC OR LATINO	0.0949	C22.0	NO	8170/3	31	HCC	27.16819973718791	1:DECEASED	48d33449-b969-423a-b4e7-541809109617	88dd13c0-6e32-4a07-8250-620e85dc1f40	M0	N0	Stage III	T3	Hepatocellular Carcinoma	Liver	False	False	TCGA-LIHC	Hepatocellular Carcinoma	released	WHITE	1	Primary Tumor	1	Female	1.0333333333333334	Dead	1995
hcc_tcga_gdc	TCGA-DD-A39X	TCGA-DD-A39X-01	78	5th	Liver	Hepatocellular Carcinoma	Hepatocellular Carcinoma	NA	-28528	1694	19.75868758	0:DiseaseFree	Hepatocellular Carcinoma	NOT HISPANIC OR LATINO	0.1776	C22.0	NO	8170/3	54	HCC	55.65045992115637	1:DECEASED	0d0a10b4-7b99-4043-a129-89844f258156	75148cc5-ac7b-408c-b14f-595763e494eb	M0	NX	Stage I	T1	Hepatocellular Carcinoma	Liver	False	False	TCGA-LIHC	Hepatocellular Carcinoma	released	WHITE	1	Primary Tumor	1	Female	1.8	Dead	1998
hcc_tcga_gdc	TCGA-DD-A39Y	TCGA-DD-A39Y-01	67	5th	Liver	Hepatocellular Carcinoma	Hepatocellular Carcinoma	NA	-24769	171	25.80793635	0:DiseaseFree	Hepatocellular Carcinoma	NOT HISPANIC OR LATINO	0.4555	C22.0	NO	8170/3	329	HCC	5.617608409986859	1:DECEASED	bed1d731-e382-4b80-9604-e6dd68d9c0ab	5c9a03b5-3bbe-4377-b837-20cc178a9c2c	M0	NX	Stage I	T1	Hepatocellular Carcinoma	Liver	False	False	TCGA-LIHC	Hepatocellular Carcinoma	released	ASIAN	1	Primary Tumor	1	Male	10.966666666666667	Dead	2002
hcc_tcga_gdc	TCGA-DD-A39Z	TCGA-DD-A39Z-01	43	4th	Liver	Hepatocellular Carcinoma	Hepatocellular Carcinoma	NA	-15930	601	7.660190025	0:DiseaseFree	Hepatocellular Carcinoma	NA	0.2845	C22.0	NO	8170/3	60	HCC	19.743758212877793	1:DECEASED	42cb60f0-1a9e-4f59-8e2e-50c25e85cb98	02d27600-4857-4316-974d-0cf70c4c7056	M0	NX	Stage II	T2	Hepatocellular Carcinoma	Liver	False	False	TCGA-LIHC	Hepatocellular Carcinoma	released	NA	1	Primary Tumor	1	Female	2.0	Dead	1996
hcc_tcga_gdc	TCGA-DD-A3A0	TCGA-DD-A3A0-01	70	5th	Liver	Hepatocellular Carcinoma	Hepatocellular Carcinoma	NA	-25889	785	70.0595062	0:DiseaseFree	Hepatocellular Carcinoma	NOT HISPANIC OR LATINO	0.2201	C22.0	NO	8170/3	309	HCC	25.78843626806833	1:DECEASED	ae99d9fd-1735-4217-b4ef-33b377fbd594	ef575b18-0cd6-40f0-ac36-076347748a05	M0	NX	Stage I	T1	Hepatocellular Carcinoma	Liver	False	False	TCGA-LIHC	Hepatocellular Carcinoma	released	WHITE	1	Primary Tumor	1	Male	10.3	Dead	2001
hcc_tcga_gdc	TCGA-DD-A3A1	TCGA-DD-A3A1-01	65	5th	Liver	Hepatocellular Carcinoma	Hepatocellular Carcinoma	NA	-24046	233	17.58884834	0:DiseaseFree	Hepatocellular Carcinoma	NA	0.3088	C22.0	NO	8170/3	158	HCC	7.654402102496714	1:DECEASED	877b9f6b-9b34-40ed-933f-8fef204edf21	fb5cca74-f88a-410f-9220-503cd644c002	M0	N0	Stage IIIA	T3b	Hepatocellular Carcinoma	Liver	False	False	TCGA-LIHC	Hepatocellular Carcinoma	released	NA	1	Primary Tumor	1	Male	5.266666666666667	Dead	2001
hcc_tcga_gdc	TCGA-DD-A3A2	TCGA-DD-A3A2-01	76	5th	Liver	Hepatocellular Carcinoma	Hepatocellular Carcinoma	NA	-27930	2131	2.860242628	1:Recurred/Progressed	Hepatocellular Carcinoma	NOT HISPANIC OR LATINO	0.0574	C22.0	NO	8170/3	61	HCC	70.0065703022339	1:DECEASED	357c1c08-f368-4cae-8f20-9be241b30479	8deaa382-46df-4f30-b6ee-c2cacf762eb3	M0	N0	Stage I	T1	Hepatocellular Carcinoma	Liver	False	False	TCGA-LIHC	Hepatocellular Carcinoma	released	WHITE	1	Primary Tumor	1	Female	2.033333333333333	Dead	1998
hcc_tcga_gdc	TCGA-DD-A3A3	TCGA-DD-A3A3-01	45	5th	Liver	Hepatocellular Carcinoma	Hepatocellular Carcinoma	NA	-16708	535	2.761613571	1:Recurred/Progressed	Hepatocellular Carcinoma	NOT HISPANIC OR LATINO	0.1902	C22.0	NO	8170/3	46	HCC	17.57555847568988	1:DECEASED	516c8594-2973-41e5-a5ce-76d177edfa48	94306c6e-490a-4681-b61e-6a9e935065bc	M0	N0	Stage I	T1	Hepatocellular Carcinoma	Liver	False	False	TCGA-LIHC	Hepatocellular Carcinoma	released	ASIAN	1	Primary Tumor	1	Male	1.5333333333333334	Dead	1999
hcc_tcga_gdc	TCGA-DD-A3A4	TCGA-DD-A3A4-01	37	5th	Liver	Hepatocellular Carcinoma	Hepatocellular Carcinoma	NA	-13739	612	107.111155	0:DiseaseFree	Hepatocellular Carcinoma	NOT HISPANIC OR LATINO	0.0574	C22.0	NO	8170/3	30	HCC	20.105124835742444	1:DECEASED	ab35c9f9-3040-424d-a89f-dff3a1365bc6	8bcc5576-c437-4ea7-a914-d4b465c8d5dd	M0	N0	Stage IIIA	T3	Hepatocellular Carcinoma	Liver	False	False	TCGA-LIHC	Hepatocellular Carcinoma	released	WHITE	1	Primary Tumor	1	Male	1.0	Dead	1998
hcc_tcga_gdc	TCGA-DD-A3A5	TCGA-DD-A3A5-01	66	4th	Liver	Hepatocellular Carcinoma	Hepatocellular Carcinoma	NA	-24288	3125	4.734194694	1:Recurred/Progressed	Hepatocellular Carcinoma	NOT HISPANIC OR LATINO	0.1602	C22.0	NO	8170/3	48	HCC	102.66097240473061	1:DECEASED	d8549d23-37d4-42bd-b472-f49bbebd09b0	2be2966f-d7be-4fb4-bee9-c00c47f7ab69	M0	N0	Stage III	T3	Hepatocellular Carcinoma	Liver	False	False	TCGA-LIHC	Hepatocellular Carcinoma	released	WHITE	1	Primary Tumor	1	Female	1.6	Dead	1996
hcc_tcga_gdc	TCGA-DD-A3A6	TCGA-DD-A3A6-01	72	4th	Liver	Hepatocellular Carcinoma	Hepatocellular Carcinoma	NA	-26319	3258	0.361639872	0:DiseaseFree	Hepatocellular Carcinoma	NOT HISPANIC OR LATINO	0.0000	C22.0	NO	8170/3	19	HCC	107.03022339027595	1:DECEASED	c4c4820b-6f4c-4cdd-b233-4d22f5933fd9	8bbfeeab-ff99-4bd0-b407-e1e532bd04fc	M0	N0	Stage II	T2	Hepatocellular Carcinoma	Liver	False	False	TCGA-LIHC	Hepatocellular Carcinoma	released	WHITE	1	Primary Tumor	1	Female	0.6333333333333333	Dead	1997
hcc_tcga_gdc	TCGA-DD-A3A7	TCGA-DD-A3A7-01	67	7th	Liver	Hepatocellular Carcinoma	Hepatocellular Carcinoma	NA	-24599	419	NA	NA	Hepatocellular Carcinoma	NA	0.5280	C22.0	NO	8170/3	103	HCC	13.764783180026281	1:DECEASED	614c0ecf-6a84-4c86-8706-79be5bb00991	1ef290a3-d054-4e3a-9683-8f99a2010e3e	M0	N0	Stage IIIB	T3b	Hepatocellular Carcinoma	Liver	False	False	TCGA-LIHC	Hepatocellular Carcinoma	released	NA	1	Primary Tumor	1	Male	3.433333333333333	Dead	1998
hcc_tcga_gdc	TCGA-DD-A3A8	TCGA-DD-A3A8-01	75	5th	Liver	Hepatocellular Carcinoma	Hepatocellular Carcinoma	NA	-27524	11	33.13936286	0:DiseaseFree	Hepatocellular Carcinoma	NOT HISPANIC OR LATINO	0.2067	C22.0	NO	8170/3	106	HCC	0.36136662286465177	1:DECEASED	69d6881b-9e9a-407b-8b02-bad5fc2455bf	93d007f8-84d9-427d-a1e9-54919605f7b3	M0	N0	Stage II	T2	Hepatocellular Carcinoma	Liver	True	False	TCGA-LIHC	Hepatocellular Carcinoma	released	WHITE	1	Primary Tumor	1	Male	3.533333333333333	Dead	2001
hcc_tcga_gdc	TCGA-DD-A3A9	TCGA-DD-A3A9-01	64	5th	Liver	Hepatocellular Carcinoma	Hepatocellular Carcinoma	NA	-23526	931	29.98323306	1:Recurred/Progressed	Hepatocellular Carcinoma	NOT HISPANIC OR LATINO	0.5902	C22.0	NO	8170/3	297	HCC	30.584756898817343	1:DECEASED	457cca7c-a8b4-414e-a3c0-7fccf0ee2034	9bfbc85e-86e0-4ac5-9304-84b1eb32b9cc	M1	N0	Stage IVB	T4	Hepatocellular Carcinoma	Liver	False	False	TCGA-LIHC	Hepatocellular Carcinoma	released	WHITE	1	Primary Tumor	1	Female	9.9	Dead	2001
hcc_tcga_gdc	TCGA-DD-A4NA	TCGA-DD-A4NA-01	67	6th	Liver	Hepatocellular Carcinoma	Hepatocellular Carcinoma	1008	-24603	NA	90.2784627	0:DiseaseFree	Hepatocellular Carcinoma	NOT HISPANIC OR LATINO	0.2998	C22.0	NO	8170/3	22	HCC	33.11432325886991	0:LIVING	bee9d6c8-948f-4b76-97ca-b985064249ef	1e7c53f1-dfb6-4a50-bd83-f8062b1306f2	M0	N1	Stage IIIC	T2	Hepatocellular Carcinoma	Liver	False	False	TCGA-LIHC	Hepatocellular Carcinoma	released	WHITE	1	Primary Tumor	1	Female	0.7333333333333333	Alive	2009
hcc_tcga_gdc	TCGA-DD-A4NB	TCGA-DD-A4NB-01	25	7th	Liver	Hepatocellular Carcinoma	Hepatocellular Carcinoma	391	-9426	NA	6.246506888	1:Recurred/Progressed	Fibrolamellar Carcinoma	NOT HISPANIC OR LATINO	0.0952	C22.0	NO	8171/3	20	HCC	32.49014454664914	0:LIVING	1983fade-44f1-41e0-8983-f2ce8d649655	0a79c3ee-9dd0-4ff7-b079-c9a0aeb08e1f	M0	N0	Stage I	T1	Fibrolamellar Carcinoma	Liver	False	False	TCGA-LIHC	Hepatocellular Carcinoma	released	WHITE	1	Primary Tumor	1	Male	0.6666666666666666	Alive	2011
hcc_tcga_gdc	TCGA-DD-A4ND	TCGA-DD-A4ND-01	56	6th	Liver	Hepatocellular Carcinoma	Hepatocellular Carcinoma	2141	-20782	NA	21.56688694	1:Recurred/Progressed	Hepatocellular Carcinoma	NOT HISPANIC OR LATINO	0.3780	C22.0	NO	8170/3	48	HCC	90.21024967148489	0:LIVING	c0bf9278-9cbb-4361-b4d8-ab172b67e276	4282039e-396b-44d8-b4ec-ac14c46ddef6	M0	N0	Stage I	T1	Hepatocellular Carcinoma	Liver	True	False	TCGA-LIHC	Hepatocellular Carcinoma	released	WHITE	1	Primary Tumor	1	Female	1.6	Alive	2007
hcc_tcga_gdc	TCGA-DD-A4NE	TCGA-DD-A4NE-01	75	7th	Liver	Hepatocellular Carcinoma	Hepatocellular Carcinoma	NA	-27549	660	14.13683138	1:Recurred/Progressed	Hepatocellular Carcinoma	HISPANIC OR LATINO	0.2520	C22.0	NO	8170/3	51	HCC	21.681997371879106	1:DECEASED	bce25281-502e-4599-9679-32dc8462ffb1	c8cb1326-7ab9-4e3d-bdc9-9ce42715dac7	M0	N0	Stage IIIA	T3a	Hepatocellular Carcinoma	Liver	False	False	TCGA-LIHC	Hepatocellular Carcinoma	released	WHITE	1	Primary Tumor	1	Female	1.7	Dead	2011
hcc_tcga_gdc	TCGA-DD-A4NF	TCGA-DD-A4NF-01	72	7th	Liver	Hepatocellular Carcinoma	Hepatocellular Carcinoma	428	-26330	NA	5.293092678	1:Recurred/Progressed	Hepatocellular Carcinoma	NOT HISPANIC OR LATINO	0.1210	C22.0	NO	8170/3	98	HCC	30.946123521681997	0:LIVING	1043bc90-72c9-48c9-ae24-f617d0485e78	64150fa1-b4bf-4918-a801-e6a2cc70e5c7	M0	N0	Stage I	T1	Hepatocellular Carcinoma	Liver	False	False	TCGA-LIHC	Hepatocellular Carcinoma	released	WHITE	1	Primary Tumor	1	Male	3.2666666666666666	Alive	2011
hcc_tcga_gdc	TCGA-DD-A4NG	TCGA-DD-A4NG-01	77	7th	Liver	Hepatocellular Carcinoma	Hepatocellular Carcinoma	445	-28234	802	26.82710327	0:DiseaseFree	Hepatocellular Carcinoma	NOT HISPANIC OR LATINO	0.3518	C22.0	NO	8170/3	59	HCC	26.346911957950066	1:DECEASED	89791f8f-dc06-4a04-b166-afbfd6cf53de	38507edd-dfb4-4931-9895-2c0482bd4555	M0	NX	Stage IIIA	T3a	Hepatocellular Carcinoma	Liver	False	False	TCGA-LIHC	Hepatocellular Carcinoma	released	WHITE	1	Primary Tumor	1	Male	1.9666666666666666	Dead	2011
hcc_tcga_gdc	TCGA-DD-A4NH	TCGA-DD-A4NH-01	65	7th	Liver	Hepatocellular Carcinoma	Hepatocellular Carcinoma	433	-23865	NA	18.04911727	1:Recurred/Progressed	Hepatocellular Carcinoma	NOT HISPANIC OR LATINO	0.3616	C22.0	NO	8170/3	42	HCC	30.12483574244415	0:LIVING	4012ea90-5768-4acc-af3a-ba954f493db4	493270aa-eb7d-4047-b438-c4e056e626ee	M0	N0	Stage IIIB	T3b	Hepatocellular Carcinoma	Liver	False	False	TCGA-LIHC	Hepatocellular Carcinoma	released	WHITE	1	Primary Tumor	1	Female	1.4	Alive	2011
hcc_tcga_gdc	TCGA-DD-A4NI	TCGA-DD-A4NI-01	67	7th	Liver	Hepatocellular Carcinoma	Hepatocellular Carcinoma	328	-24516	NA	2.925995332	1:Recurred/Progressed	Hepatocellular Carcinoma	NOT HISPANIC OR LATINO	0.1352	C22.0	NO	8170/3	119	HCC	26.806833114323258	0:LIVING	518aa9cc-71cf-4734-9d55-b435da99d300	453e3da6-a1b3-4303-9a08-17d99027910f	M0	NX	Stage II	T2	Hepatocellular Carcinoma	Liver	True	False	TCGA-LIHC	Hepatocellular Carcinoma	released	WHITE	1	Primary Tumor	1	Male	3.966666666666667	Alive	2011
hcc_tcga_gdc	TCGA-DD-A4NJ	TCGA-DD-A4NJ-01	54	7th	Liver	Hepatocellular Carcinoma	Hepatocellular Carcinoma	458	-19964	NA	56.25143834	0:DiseaseFree	Hepatocellular Carcinoma	NOT HISPANIC OR LATINO	0.3074	C22.0	NO	8170/3	65	HCC	30.486202365308802	0:LIVING	815dffb0-0c22-4e05-868c-26e6c553980a	9620d434-5aff-4b60-bf5a-f1b80281f608	M0	N0	Stage II	T2	Hepatocellular Carcinoma	Liver	False	False	TCGA-LIHC	Hepatocellular Carcinoma	released	WHITE	1	Primary Tumor	1	Female	2.1666666666666665	Alive	2011
hcc_tcga_gdc	TCGA-DD-A4NK	TCGA-DD-A4NK-01	80	6th	Liver	Hepatocellular Carcinoma	Hepatocellular Carcinoma	NA	-29244	1210	5.457474439	1:Recurred/Progressed	Hepatocellular Carcinoma	NOT HISPANIC OR LATINO	0.2573	C22.0	NO	8170/3	63	HCC	39.7503285151117	1:DECEASED	5b8d04b2-ef40-4216-a3bb-42520efbe863	089d93c5-5e66-4227-8b04-7e4c665148e6	M0	N0	Stage IIIA	T3	Hepatocellular Carcinoma	Liver	False	False	TCGA-LIHC	Hepatocellular Carcinoma	released	WHITE	1	Primary Tumor	1	Female	2.1	Dead	2004
hcc_tcga_gdc	TCGA-DD-A4NL	TCGA-DD-A4NL-01	46	6th	Liver	Hepatocellular Carcinoma	Hepatocellular Carcinoma	1711	-16874	NA	32.54758852	1:Recurred/Progressed	Hepatocellular Carcinoma	NOT HISPANIC OR LATINO	0.0000	C22.0	NO	8170/3	20	HCC	56.20893561103811	0:LIVING	e0067280-2722-46f2-a5a8-352c77b47e38	ae09a90d-e285-44c1-993d-75b9aa7749c4	M0	N0	Stage I	T1	Hepatocellular Carcinoma	Liver	False	False	TCGA-LIHC	Hepatocellular Carcinoma	released	WHITE	1	Primary Tumor	1	Male	0.6666666666666666	Alive	2007
hcc_tcga_gdc	TCGA-DD-A4NN	TCGA-DD-A4NN-01	56	6th	Liver	Hepatocellular Carcinoma	Hepatocellular Carcinoma	NA	-20548	899	42.27898872	1:Recurred/Progressed	Hepatocellular Carcinoma	NOT HISPANIC OR LATINO	0.4205	C22.0	NO	8170/3	43	HCC	29.5335085413929	1:DECEASED	b96b7620-5506-4def-aff2-5e888eaf3ea5	423590e6-7496-40ee-8b1d-99986366ebc8	M0	N0	Stage I	T1	Hepatocellular Carcinoma	Liver	False	False	TCGA-LIHC	Hepatocellular Carcinoma	released	WHITE	1	Primary Tumor	1	Female	1.4333333333333333	Dead	2004
hcc_tcga_gdc	TCGA-DD-A4NO	TCGA-DD-A4NO-01	65	6th	Liver	Hepatocellular Carcinoma	Hepatocellular Carcinoma	1869	-24090	NA	4.142420357	1:Recurred/Progressed	Hepatocellular Carcinoma	NOT HISPANIC OR LATINO	0.6057	C22.0	NO	8170/3	48	HCC	73.75164257555848	0:LIVING	75f78c38-6854-4390-ad11-789b4e549d63	4ef18704-c08f-4f69-a5ae-09ade360650e	M0	N0	Stage I	T1	Hepatocellular Carcinoma	Liver	False	False	TCGA-LIHC	Hepatocellular Carcinoma	released	WHITE	1	Primary Tumor	1	Male	1.6	Alive	2007
hcc_tcga_gdc	TCGA-DD-A4NP	TCGA-DD-A4NP-01	32	6th	Liver	Hepatocellular Carcinoma	Hepatocellular Carcinoma	2849	-11838	NA	0.295887168	0:DiseaseFree	Hepatocellular Carcinoma	NOT HISPANIC OR LATINO	0.0286	C22.0	NO	8170/3	19	HCC	108.67279894875163	0:LIVING	001887aa-36d0-463f-8bca-dec7043b4f2e	8d3e521b-6df4-4633-bb44-7647ded94130	M0	N0	Stage I	T1	Hepatocellular Carcinoma	Liver	False	False	TCGA-LIHC	Hepatocellular Carcinoma	released	WHITE	1	Primary Tumor	1	Male	0.6333333333333333	Alive	2005
hcc_tcga_gdc	TCGA-DD-A4NQ	TCGA-DD-A4NQ-01	60	6th	Liver	Hepatocellular Carcinoma	Hepatocellular Carcinoma	NA	-22111	373	29.35858237	1:Recurred/Progressed	Hepatocellular Carcinoma	HISPANIC OR LATINO	0.2748	C22.0	NO	8170/3	70	HCC	12.253613666228645	1:DECEASED	c05720fe-19c1-4cff-819b-6806b26fc312	1e18c64b-42c7-424b-bd32-a1e7797f28a7	M0	N0	Stage II	T2	Hepatocellular Carcinoma	Liver	False	False	TCGA-LIHC	Hepatocellular Carcinoma	released	WHITE	1	Primary Tumor	1	Male	2.3333333333333335	Dead	2007
hcc_tcga_gdc	TCGA-DD-A4NR	TCGA-DD-A4NR-01	85	6th	Liver	Hepatocellular Carcinoma	Hepatocellular Carcinoma	NA	-31386	9	78.83749219	0:DiseaseFree	Hepatocellular Carcinoma	NOT HISPANIC OR LATINO	0.0542	C22.0	NO	8170/3	39	HCC	0.2956636005256242	1:DECEASED	52a7f734-da07-49c5-861d-c70da37ff959	71bc4fd0-374f-423e-a8b4-ae1bceceda83	M0	N0	Stage I	T1	Hepatocellular Carcinoma	Liver	False	False	TCGA-LIHC	Hepatocellular Carcinoma	released	WHITE	1	Primary Tumor	1	Female	1.2666666666666666	Dead	2005
hcc_tcga_gdc	TCGA-DD-A4NS	TCGA-DD-A4NS-01	61	6th	Liver	Hepatocellular Carcinoma	Hepatocellular Carcinoma	NA	-22638	2456	23.93398429	0:DiseaseFree	Hepatocellular Carcinoma	NOT HISPANIC OR LATINO	0.0000	C22.0	NO	8170/3	35	HCC	80.68331143232588	1:DECEASED	a6a3f07c-ced4-451b-b2e5-c93e4ed622c1	fbab0003-7e83-46d4-a265-c19f9b183292	M0	N0	Stage I	T1	Hepatocellular Carcinoma	Liver	False	False	TCGA-LIHC	Hepatocellular Carcinoma	released	WHITE	1	Primary Tumor	1	Female	1.1666666666666667	Dead	2005
hcc_tcga_gdc	TCGA-DD-A4NV	TCGA-DD-A4NV-01	61	6th	Liver	Hepatocellular Carcinoma	Hepatocellular Carcinoma	2018	-22438	NA	7.89032449	1:Recurred/Progressed	Hepatocellular Carcinoma	NOT HISPANIC OR LATINO	0.1482	C22.0	NO	8170/3	102	HCC	78.77792378449408	0:LIVING	8e5ce60b-2eda-482d-b109-210df1321aff	118f2987-8ab8-4e16-8010-94971faa29a0	M0	N0	Stage IIIA	T3	Hepatocellular Carcinoma	Liver	False	False	TCGA-LIHC	Hepatocellular Carcinoma	released	WHITE	1	Primary Tumor	1	Male	3.4	Alive	2007
hcc_tcga_gdc	TCGA-DD-A73A	TCGA-DD-A73A-01	71	7th	Liver	Hepatocellular Carcinoma	Hepatocellular Carcinoma	334	-26136	NA	18.60801526	1:Recurred/Progressed	Hepatocellular Carcinoma	NOT HISPANIC OR LATINO	0.0907	C22.0	NO	8170/3	86	HCC	23.915900131406044	0:LIVING	b6c0266a-cf34-464a-808d-1d3c28dc90f2	51a910ec-5097-4f8e-b520-b574e23f33df	M0	N0	Stage I	T1	Hepatocellular Carcinoma	Liver	False	False	TCGA-LIHC	Hepatocellular Carcinoma	released	WHITE	1	Primary Tumor	1	Male	2.8666666666666667	Alive	2012
hcc_tcga_gdc	TCGA-DD-A73B	TCGA-DD-A73B-01	72	7th	Liver	Hepatocellular Carcinoma	Hepatocellular Carcinoma	NA	-26390	283	19.46280041	1:Recurred/Progressed	Hepatocellular Carcinoma	HISPANIC OR LATINO	0.7565	C22.0	NO	8170/3	66	HCC	9.296977660972404	1:DECEASED	5449c232-56f1-4e03-9421-aba3ae180107	7a4f8926-1472-4a9b-b0f6-e28bd7ceb6e8	M0	N0	Stage I	T1	Hepatocellular Carcinoma	Liver	False	False	TCGA-LIHC	Hepatocellular Carcinoma	released	WHITE	1	Primary Tumor	1	Female	2.2	Dead	2012
hcc_tcga_gdc	TCGA-DD-A73C	TCGA-DD-A73C-01	65	7th	Liver	Hepatocellular Carcinoma	Hepatocellular Carcinoma	230	-23782	NA	1.44655949	0:DiseaseFree	Hepatocellular Carcinoma	NOT HISPANIC OR LATINO	0.0467	C22.0	NO	8170/3	70	HCC	23.028909329829172	0:LIVING	79f9331c-9e00-4277-a9d1-7c848e132134	2473ff5a-9cd4-4695-b5f3-36a30e2a04a1	M0	N0	Stage IIIA	T3a	Hepatocellular Carcinoma	Liver	False	False	TCGA-LIHC	Hepatocellular Carcinoma	released	WHITE	1	Primary Tumor	1	Female	2.3333333333333335	Alive	2012
hcc_tcga_gdc	TCGA-DD-A73D	TCGA-DD-A73D-01	68	7th	Liver	Hepatocellular Carcinoma	Hepatocellular Carcinoma	334	-24941	NA	35.67084196	0:DiseaseFree	Hepatocellular Carcinoma	NOT HISPANIC OR LATINO	0.3714	C22.0	NO	8170/3	56	HCC	22.766097240473062	0:LIVING	24170a77-94e0-4002-9d3e-a46c84e84fca	294d514d-43dd-4fda-852a-792a8999493a	MX	NX	Stage II	T2	Hepatocellular Carcinoma	Liver	False	False	TCGA-LIHC	Hepatocellular Carcinoma	released	WHITE	1	Primary Tumor	1	Female	1.8666666666666667	Alive	2012
hcc_tcga_gdc	TCGA-DD-A73E	TCGA-DD-A73E-01	66	7th	Liver	Hepatocellular Carcinoma	Hepatocellular Carcinoma	44	-24377	NA	114.3439524	0:DiseaseFree	Hepatocellular Carcinoma	NOT HISPANIC OR LATINO	0.2232	C22.0	NO	8170/3	85	HCC	1.445466491458607	0:LIVING	e0863874-f7b8-49b6-a88b-5ae5f1ec2b15	d4fcbd8f-0b83-4b9d-ac2c-ce8c47412cc3	M0	N0	Stage I	T1	Hepatocellular Carcinoma	Liver	False	False	TCGA-LIHC	Hepatocellular Carcinoma	released	WHITE	1	Primary Tumor	1	Male	2.8333333333333335	Alive	2012
hcc_tcga_gdc	TCGA-DD-A73F	TCGA-DD-A73F-01	77	7th	Liver	Hepatocellular Carcinoma	Hepatocellular Carcinoma	843	-28234	NA	13.47930434	0:DiseaseFree	Hepatocellular Carcinoma	NOT HISPANIC OR LATINO	0.1129	C22.0	NO	8170/3	52	HCC	35.64388961892247	0:LIVING	870c86e7-d6e1-4f9d-bb0b-bd1c66d6bcde	a15cf382-8456-4096-96a6-f211dea6ba78	M0	N0	Stage I	T1	Hepatocellular Carcinoma	Liver	False	False	TCGA-LIHC	Hepatocellular Carcinoma	released	WHITE	1	Primary Tumor	1	Female	1.7	Alive	2010
hcc_tcga_gdc	TCGA-DD-A73G	TCGA-DD-A73G-01	73	6th	Liver	Hepatocellular Carcinoma	Hepatocellular Carcinoma	3071	-26949	NA	0.526021633	0:DiseaseFree	Hepatocellular Carcinoma	NOT HISPANIC OR LATINO	0.2475	C22.0	NO	8170/3	91	HCC	114.25755584756898	0:LIVING	4774367c-5d8f-4b23-934a-e6d33a89dca8	985f2e16-e330-4896-b5e7-971fb8be57ed	M0	N0	Stage I	T1	Hepatocellular Carcinoma	Liver	False	False	TCGA-LIHC	Hepatocellular Carcinoma	released	WHITE	1	Primary Tumor	1	Female	3.033333333333333	Alive	2005
hcc_tcga_gdc	TCGA-DD-AA3A	TCGA-DD-AA3A-01	81	6th	Liver	Hepatocellular Carcinoma	Hepatocellular Carcinoma	NA	-29712	410	11.40809416	0:DiseaseFree	Hepatocholangiocarcinoma (Mixed)	NOT HISPANIC OR LATINO	0.3892	C22.0	NO	8180/3	35	HCC	13.469119579500656	1:DECEASED	56abd1c1-8f22-4856-8b0a-73d7e092bdb3	3a71a328-228a-4609-b162-f38c825503b7	MX	N0	Stage I	T1	Hepatocholangiocarcinoma (Mixed)	Liver	False	False	TCGA-LIHC	Hepatocellular Carcinoma	released	WHITE	1	Primary Tumor	1	Female	1.1666666666666667	Dead	2009
hcc_tcga_gdc	TCGA-DD-AAC8	TCGA-DD-AAC8-01	72	6th	Liver	Hepatocellular Carcinoma	Hepatocellular Carcinoma	NA	-26322	16	25.51204918	1:Recurred/Progressed	Hepatocellular Carcinoma	NOT HISPANIC OR LATINO	0.4653	C22.0	NO	8170/3	473	HCC	0.5256241787122208	1:DECEASED	496beef9-80d9-4734-a23d-334ae1b6aaab	3e29928b-b802-4eb8-bfcc-a88e3edf1806	M0	N0	Stage I	T1	Hepatocellular Carcinoma	Liver	False	False	TCGA-LIHC	Hepatocellular Carcinoma	released	ASIAN	1	Primary Tumor	1	Male	15.733333333333333	Dead	2008
hcc_tcga_gdc	TCGA-DD-AAC9	TCGA-DD-AAC9-01	51	6th	Liver	Hepatocellular Carcinoma	Hepatocellular Carcinoma	347	-18911	NA	76.40464214	0:DiseaseFree	Hepatocellular Carcinoma	NOT HISPANIC OR LATINO	0.0924	C22.0	NO	8170/3	69	HCC	11.399474375821287	0:LIVING	ac6a1e0c-dba0-4b21-b12b-a501ed796bec	d657ebda-3f44-4dee-8963-88dd5c4f5002	M0	N0	Stage I	T1	Hepatocellular Carcinoma	Liver	False	False	TCGA-LIHC	Hepatocellular Carcinoma	released	ASIAN	1	Primary Tumor	1	Male	2.3	Alive	2008
hcc_tcga_gdc	TCGA-DD-AACA	TCGA-DD-AACA-01	65	6th	Liver	Hepatocellular Carcinoma	Hepatocellular Carcinoma	2000	-23973	NA	17.65460105	1:Recurred/Progressed	Hepatocellular Carcinoma	NOT HISPANIC OR LATINO	0.1648	C22.0	NO	8170/3	96	HCC	75.59132720105124	0:LIVING	d6486001-240a-455a-980c-e06c25c61fa5	df383057-c8c2-4691-b040-609377773e2a	M0	N0	Stage I	T1	Hepatocellular Carcinoma	Liver	False	False	TCGA-LIHC	Hepatocellular Carcinoma	released	ASIAN	2	Primary Tumor	1	Male	3.2	Alive	2008
hcc_tcga_gdc	TCGA-DD-AACA	TCGA-DD-AACA-02	65	6th	Liver	Hepatocellular Carcinoma	Hepatocellular Carcinoma	2000	-23973	NA	17.65460105	1:Recurred/Progressed	Hepatocellular Carcinoma	NOT HISPANIC OR LATINO	0.1579	C22.0	NO	8170/3	104	HCC	75.59132720105124	0:LIVING	d6486001-240a-455a-980c-e06c25c61fa5	3410a3fc-aa65-4302-a800-315f0f723fc5	M0	N0	Stage I	T1	Hepatocellular Carcinoma	Liver	False	False	TCGA-LIHC	Hepatocellular Carcinoma	released	ASIAN	2	Recurrent Tumor	2	Male	3.466666666666667	Alive	2008
hcc_tcga_gdc	TCGA-DD-AACB	TCGA-DD-AACB-01	74	6th	Liver	Hepatocellular Carcinoma	Hepatocellular Carcinoma	1800	-27103	NA	4.964329158	1:Recurred/Progressed	Hepatocellular Carcinoma	NOT HISPANIC OR LATINO	0.4793	C22.0	NO	8170/3	84	HCC	76.34691195795006	0:LIVING	6d2e8bc2-ca86-41c1-ae49-289e20fce758	b6104862-f135-46a7-86a4-1e12b96386e6	M0	N0	Stage I	T1	Hepatocellular Carcinoma	Liver	False	False	TCGA-LIHC	Hepatocellular Carcinoma	released	ASIAN	1	Primary Tumor	1	Female	2.8	Alive	2008
hcc_tcga_gdc	TCGA-DD-AACC	TCGA-DD-AACC-01	61	6th	Liver	Hepatocellular Carcinoma	Hepatocellular Carcinoma	NA	-22499	1685	42.04885426	1:Recurred/Progressed	Hepatocellular Carcinoma	NOT HISPANIC OR LATINO	0.1742	C22.0	NO	8180/3	75	HCC	55.35479632063075	1:DECEASED	ed8c0d53-5db0-4b77-95ec-15971926e313	9e4d2c81-e63b-4807-bdd5-f3192b95b3ad	M0	N0	Stage I	T1	Hepatocellular Carcinoma	Liver	False	False	TCGA-LIHC	Hepatocellular Carcinoma	released	ASIAN	1	Primary Tumor	1	Male	2.5	Dead	2008
hcc_tcga_gdc	TCGA-DD-AACD	TCGA-DD-AACD-01	48	6th	Liver	Hepatocellular Carcinoma	Hepatocellular Carcinoma	NA	-17828	381	3.912285893	1:Recurred/Progressed	Hepatocellular Carcinoma	NOT HISPANIC OR LATINO	0.2271	C22.0	NO	8170/3	69	HCC	12.516425755584756	1:DECEASED	41fb30aa-63b4-4cc6-a275-b77048612fa0	3c6d6d34-3bed-49ef-8737-5c96a6e79e16	M0	N0	Stage I	T1	Hepatocellular Carcinoma	Liver	False	False	TCGA-LIHC	Hepatocellular Carcinoma	released	ASIAN	1	Primary Tumor	1	Male	2.3	Dead	2008
hcc_tcga_gdc	TCGA-DD-AACE	TCGA-DD-AACE-01	62	6th	Liver	Hepatocellular Carcinoma	Hepatocellular Carcinoma	1931	-22727	NA	4.109544005	1:Recurred/Progressed	Hepatocellular Carcinoma	NOT HISPANIC OR LATINO	0.5247	C22.0	NO	8170/3	60	HCC	71.74770039421813	0:LIVING	abbcf6bd-4683-45ac-947a-51ae6ef0a244	ffaf08d5-9193-45f3-91b3-b32a78dd6724	M0	N0	Stage I	T1	Hepatocellular Carcinoma	Liver	False	False	TCGA-LIHC	Hepatocellular Carcinoma	released	ASIAN	1	Primary Tumor	1	Male	2.0	Alive	2008
hcc_tcga_gdc	TCGA-DD-AACF	TCGA-DD-AACF-01	68	6th	Liver	Hepatocellular Carcinoma	Hepatocellular Carcinoma	NA	-25172	365	2.728737219	1:Recurred/Progressed	Hepatocellular Carcinoma	NOT HISPANIC OR LATINO	0.3078	C22.0	NO	8170/3	106	HCC	11.990801576872535	1:DECEASED	635aad0b-9c47-4564-821f-c00ddb280d53	0a4ceca6-6ac5-416e-bdb9-4ef957f5f9ee	M0	N0	Stage I	T1	Hepatocellular Carcinoma	Liver	False	False	TCGA-LIHC	Hepatocellular Carcinoma	released	ASIAN	1	Primary Tumor	1	Male	3.533333333333333	Dead	2008
hcc_tcga_gdc	TCGA-DD-AACG	TCGA-DD-AACG-01	52	6th	Liver	Hepatocellular Carcinoma	Hepatocellular Carcinoma	NA	-19174	469	47.07893612	1:Recurred/Progressed	Hepatocellular Carcinoma	NOT HISPANIC OR LATINO	0.3737	C22.0	NO	8170/3	82	HCC	15.407358738501971	1:DECEASED	b5bef77a-f46c-406c-9aa8-55f7a61aa885	503cf010-40b3-41b0-b4e9-5ca06b5afb95	M0	N0	Stage II	T2	Hepatocellular Carcinoma	Liver	False	False	TCGA-LIHC	Hepatocellular Carcinoma	released	ASIAN	1	Primary Tumor	1	Male	2.7333333333333334	Dead	2008
hcc_tcga_gdc	TCGA-DD-AACH	TCGA-DD-AACH-01	69	6th	Liver	Hepatocellular Carcinoma	Hepatocellular Carcinoma	NA	-25544	195	3.287635204	1:Recurred/Progressed	Hepatocellular Carcinoma	NOT HISPANIC OR LATINO	0.3232	C22.0	NO	8170/3	79	HCC	6.40604467805519	1:DECEASED	219b067c-522f-4971-b0d0-86f9971d369d	31dfd0a9-31c4-4665-adad-3cbe49c1c5eb	M0	N0	Stage II	T2	Hepatocellular Carcinoma	Liver	False	False	TCGA-LIHC	Hepatocellular Carcinoma	released	ASIAN	1	Primary Tumor	1	Male	2.6	Dead	2008
hcc_tcga_gdc	TCGA-DD-AACI	TCGA-DD-AACI-01	69	6th	Liver	Hepatocellular Carcinoma	Hepatocellular Carcinoma	1618	-25236	NA	0.295887168	0:DiseaseFree	Hepatocellular Carcinoma	NOT HISPANIC OR LATINO	0.3916	C22.0	NO	8170/3	300	HCC	53.153745072273324	0:LIVING	e6fa354e-ada7-41e0-8c8b-38520a5e6601	3df80a55-0381-48a9-acb0-58bcf702e209	M0	N0	Stage II	T2	Hepatocellular Carcinoma	Liver	False	False	TCGA-LIHC	Hepatocellular Carcinoma	released	ASIAN	1	Primary Tumor	1	Male	9.966666666666667	Alive	2008
hcc_tcga_gdc	TCGA-DD-AACJ	TCGA-DD-AACJ-01	75	6th	Liver	Hepatocellular Carcinoma	Hepatocellular Carcinoma	1828	-27528	NA	3.517769668	0:DiseaseFree	Hepatocellular Carcinoma	NOT HISPANIC OR LATINO	0.3092	C22.0	NO	8170/3	79	HCC	69.053876478318	0:LIVING	93afbfa1-4d03-4105-8dda-b095f0ab308a	24b87b32-13c6-4f3c-8dd1-775b15f5654b	M0	N0	Stage II	T2	Hepatocellular Carcinoma	Liver	False	False	TCGA-LIHC	Hepatocellular Carcinoma	released	ASIAN	1	Primary Tumor	1	Male	2.6333333333333333	Alive	2008
hcc_tcga_gdc	TCGA-DD-AACK	TCGA-DD-AACK-01	70	6th	Liver	Hepatocellular Carcinoma	Hepatocellular Carcinoma	9	-25796	NA	36.06535819	1:Recurred/Progressed	Hepatocellular Carcinoma	NOT HISPANIC OR LATINO	0.0315	C22.0	NO	8170/3	120	HCC	0.2956636005256242	0:LIVING	d7cd045a-0be2-4b6d-aefd-5d75e57bc6f6	9d81f1db-2a62-4ac1-b7d3-2f7b18f0ec1e	M0	N0	Stage I	T1	Hepatocellular Carcinoma	Liver	False	False	TCGA-LIHC	Hepatocellular Carcinoma	released	ASIAN	1	Primary Tumor	1	Male	4.0	Alive	2008
hcc_tcga_gdc	TCGA-DD-AACL	TCGA-DD-AACL-01	66	6th	Liver	Hepatocellular Carcinoma	Hepatocellular Carcinoma	58	-24355	107	11.73685768	1:Recurred/Progressed	Hepatocellular Carcinoma	NOT HISPANIC OR LATINO	0.2205	C22.0	NO	8170/3	254	HCC	3.515111695137976	1:DECEASED	3da3cfec-5464-4dd8-9757-a0cdfe3536f8	bfa0e9b2-6a36-4865-9455-0a942dc9ca44	M0	N0	Stage I	T1	Hepatocellular Carcinoma	Liver	False	False	TCGA-LIHC	Hepatocellular Carcinoma	released	ASIAN	1	Primary Tumor	1	Female	8.433333333333334	Dead	2008
hcc_tcga_gdc	TCGA-DD-AACM	TCGA-DD-AACM-01	48	6th	Liver	Hepatocellular Carcinoma	Hepatocellular Carcinoma	1769	-17590	NA	15.74777263	1:Recurred/Progressed	Hepatocellular Carcinoma	NOT HISPANIC OR LATINO	0.2616	C22.0	NO	8170/3	45	HCC	58.1143232588699	0:LIVING	173088ed-6bc0-4ccf-80e7-c647028cccd6	66a01b18-fcb1-466d-aebf-401816b17ec2	M0	N0	Stage II	T2	Hepatocellular Carcinoma	Liver	False	False	TCGA-LIHC	Hepatocellular Carcinoma	released	ASIAN	1	Primary Tumor	1	Male	1.5	Alive	2009
hcc_tcga_gdc	TCGA-DD-AACN	TCGA-DD-AACN-01	32	6th	Liver	Hepatocellular Carcinoma	Hepatocellular Carcinoma	1292	-12007	NA	13.6436861	0:DiseaseFree	Hepatocellular Carcinoma	NOT HISPANIC OR LATINO	0.4081	C22.0	NO	8170/3	41	HCC	42.77266754270696	0:LIVING	0afd4283-7311-4d69-a2f5-779628da45fc	a118a851-65b2-4604-8b33-b731410cc205	M0	N0	Stage I	T1	Hepatocellular Carcinoma	Liver	False	False	TCGA-LIHC	Hepatocellular Carcinoma	released	ASIAN	1	Primary Tumor	1	Male	1.3333333333333333	Alive	2009
hcc_tcga_gdc	TCGA-DD-AACO	TCGA-DD-AACO-01	40	6th	Liver	Hepatocellular Carcinoma	Hepatocellular Carcinoma	1485	-14796	NA	3.452016964	1:Recurred/Progressed	Hepatocellular Carcinoma	NOT HISPANIC OR LATINO	0.3428	C22.0	NO	8170/3	38	HCC	61.629434954007884	0:LIVING	34413807-07be-4204-b095-5e1dd1ed87dc	c71f310e-5777-4e78-aafa-64a5510b45c1	M0	N0	Stage I	T1	Hepatocellular Carcinoma	Liver	False	False	TCGA-LIHC	Hepatocellular Carcinoma	released	ASIAN	1	Primary Tumor	1	Male	1.2666666666666666	Alive	2009
hcc_tcga_gdc	TCGA-DD-AACP	TCGA-DD-AACP-01	64	6th	Liver	Hepatocellular Carcinoma	Hepatocellular Carcinoma	400	-23728	NA	59.30893908	0:DiseaseFree	Hepatocellular Carcinoma	NOT HISPANIC OR LATINO	0.5468	C22.0	NO	8170/3	142	HCC	13.633377135348226	0:LIVING	7ad77384-0946-4fb5-9b10-bdc8a5fc8d87	2fb00cd2-6470-42f1-83bb-2c89e170fbd9	M0	N0	Stage I	T1	Hepatocellular Carcinoma	Liver	False	False	TCGA-LIHC	Hepatocellular Carcinoma	released	ASIAN	1	Primary Tumor	1	Male	4.7	Alive	2009
hcc_tcga_gdc	TCGA-DD-AACQ	TCGA-DD-AACQ-01	50	6th	Liver	Hepatocellular Carcinoma	Hepatocellular Carcinoma	429	-18429	432	51.35286189	0:DiseaseFree	Hepatocellular Carcinoma	NOT HISPANIC OR LATINO	0.1464	C22.0	NO	8170/3	181	HCC	14.19185282522996	1:DECEASED	0f34d654-8984-4b8b-b345-67066d611513	9f0fa2f5-a595-4ba1-a42f-e2079c71c750	M0	N0	Stage II	T2	Hepatocellular Carcinoma	Liver	False	False	TCGA-LIHC	Hepatocellular Carcinoma	released	ASIAN	1	Primary Tumor	1	Male	6.0	Dead	2009
hcc_tcga_gdc	TCGA-DD-AACS	TCGA-DD-AACS-01	39	6th	Liver	Hepatocellular Carcinoma	Hepatocellular Carcinoma	1475	-14473	NA	51.51724365	0:DiseaseFree	Hepatocellular Carcinoma	NOT HISPANIC OR LATINO	0.3630	C22.0	NO	8170/3	43	HCC	59.26412614980289	0:LIVING	82d6268a-de59-4a14-abd2-7492178fa5bd	87bac135-bc68-4ced-bc5f-f36699c593c9	M0	N0	Stage I	T1	Hepatocellular Carcinoma	Liver	False	False	TCGA-LIHC	Hepatocellular Carcinoma	released	ASIAN	1	Primary Tumor	1	Male	1.4333333333333333	Alive	2009
hcc_tcga_gdc	TCGA-DD-AACT	TCGA-DD-AACT-01	69	7th	Liver	Hepatocellular Carcinoma	Hepatocellular Carcinoma	1291	-25292	NA	11.3094651	1:Recurred/Progressed	Hepatocellular Carcinoma	NOT HISPANIC OR LATINO	0.2673	C22.0	NO	8170/3	165	HCC	51.31406044678055	0:LIVING	3ea084c5-3783-4fde-b341-5914d2edb977	d1cdc76a-e306-44a0-b509-8ddef84ddfdf	M0	N0	Stage I	T1	Hepatocellular Carcinoma	Liver	False	False	TCGA-LIHC	Hepatocellular Carcinoma	released	ASIAN	1	Primary Tumor	1	Female	5.5	Alive	2010
hcc_tcga_gdc	TCGA-DD-AACU	TCGA-DD-AACU-01	59	7th	Liver	Hepatocellular Carcinoma	Hepatocellular Carcinoma	1240	-21606	NA	46.81592531	0:DiseaseFree	Hepatocellular Carcinoma	NOT HISPANIC OR LATINO	0.7381	C22.0	NO	8170/3	100	HCC	51.47831800262812	0:LIVING	88b6181c-1086-42df-8bb9-1069ec2dc675	c43a96b1-db0b-481c-8d94-46155dc7cdda	M0	N0	Stage I	T1	Hepatocellular Carcinoma	Liver	False	False	TCGA-LIHC	Hepatocellular Carcinoma	released	ASIAN	1	Primary Tumor	1	Male	3.3333333333333335	Alive	2010
hcc_tcga_gdc	TCGA-DD-AACV	TCGA-DD-AACV-01	53	7th	Liver	Hepatocellular Carcinoma	Hepatocellular Carcinoma	1210	-19660	NA	1.380806786	1:Recurred/Progressed	Hepatocellular Carcinoma	NOT HISPANIC OR LATINO	0.4303	C22.0	NO	8170/3	85	HCC	50.29566360052562	0:LIVING	8e79ea29-787e-4a33-8465-9891776f47ed	e37b6eaa-e3e8-4268-ae61-7a571488f519	M0	N0	Stage I	T1	Hepatocellular Carcinoma	Liver	False	False	TCGA-LIHC	Hepatocellular Carcinoma	released	ASIAN	1	Primary Tumor	1	Male	2.8666666666666667	Alive	2010
hcc_tcga_gdc	TCGA-DD-AACW	TCGA-DD-AACW-01	43	7th	Liver	Hepatocellular Carcinoma	Hepatocellular Carcinoma	1157	-15872	NA	25.51204918	1:Recurred/Progressed	Hepatocellular Carcinoma	NOT HISPANIC OR LATINO	0.2123	C22.0	NO	8170/3	40	HCC	46.78055190538765	0:LIVING	67a00f5f-c753-48f9-bc24-8287f50ec776	32c40946-b067-48a5-8a7c-cd1923bd6d60	M0	N0	Stage I	T1	Hepatocellular Carcinoma	Liver	False	False	TCGA-LIHC	Hepatocellular Carcinoma	released	ASIAN	1	Primary Tumor	1	Male	1.3333333333333333	Alive	2010
hcc_tcga_gdc	TCGA-DD-AACX	TCGA-DD-AACX-01	66	7th	Liver	Hepatocellular Carcinoma	Hepatocellular Carcinoma	170	-24329	NA	2.89311898	1:Recurred/Progressed	Hepatocellular Carcinoma	NOT HISPANIC OR LATINO	0.1128	C22.0	NO	8170/3	103	HCC	5.5847568988173455	0:LIVING	431a72e1-ea03-4e40-89c4-2f02d454c897	373ca39a-ac3e-4129-95ae-18eed3237cac	M0	N0	Stage II	T2	Hepatocellular Carcinoma	Liver	False	False	TCGA-LIHC	Hepatocellular Carcinoma	released	ASIAN	1	Primary Tumor	1	Male	3.4	Alive	2010
hcc_tcga_gdc	TCGA-DD-AACY	TCGA-DD-AACY-01	61	7th	Liver	Hepatocellular Carcinoma	Hepatocellular Carcinoma	1140	-22332	NA	1.545188546	1:Recurred/Progressed	Hepatocellular Carcinoma	NOT HISPANIC OR LATINO	0.2366	C22.0	NO	8170/3	69	HCC	47.63469119579501	0:LIVING	d884561b-5828-4c47-acd7-3f02e181b596	d99a9d3c-de04-454e-8aa8-2624fd07f2c3	M0	N0	Stage I	T1	Hepatocellular Carcinoma	Liver	False	False	TCGA-LIHC	Hepatocellular Carcinoma	released	ASIAN	1	Primary Tumor	1	Male	2.3	Alive	2010
hcc_tcga_gdc	TCGA-DD-AACZ	TCGA-DD-AACZ-01	63	7th	Liver	Hepatocellular Carcinoma	Hepatocellular Carcinoma	NA	-23230	171	NA	NA	Hepatocellular Carcinoma	NOT HISPANIC OR LATINO	0.4184	C22.0	NO	8170/3	143	HCC	5.617608409986859	1:DECEASED	cce2bb32-84cb-4991-9628-1ea408a9b11a	b67f0f40-26ed-4fa0-b9b4-94686c48c593	M0	N0	Stage I	T1	Hepatocellular Carcinoma	Liver	False	False	TCGA-LIHC	Hepatocellular Carcinoma	released	ASIAN	1	Primary Tumor	1	Female	4.766666666666667	Dead	2010
hcc_tcga_gdc	TCGA-DD-AAD0	TCGA-DD-AAD0-01	73	7th	Liver	Hepatocellular Carcinoma	Hepatocellular Carcinoma	137	-26781	NA	21.63263964	0:DiseaseFree	Hepatocellular Carcinoma	NOT HISPANIC OR LATINO	0.1648	C22.0	NO	8170/3	88	HCC	4.50065703022339	0:LIVING	09790a9b-cc2f-4d7e-a971-8fb4ecd9f791	387f3824-23a9-4acb-b330-ea2573f8dc0d	M0	N0	Stage I	T1	Hepatocellular Carcinoma	Liver	False	False	TCGA-LIHC	Hepatocellular Carcinoma	released	ASIAN	1	Primary Tumor	1	Female	2.9	Alive	2010
hcc_tcga_gdc	TCGA-DD-AAD1	TCGA-DD-AAD1-01	51	7th	Liver	Hepatocellular Carcinoma	Hepatocellular Carcinoma	564	-18794	NA	42.57487589	0:DiseaseFree	Hepatocellular Carcinoma	NOT HISPANIC OR LATINO	0.1457	C22.0	NO	8170/3	105	HCC	18.528252299605782	0:LIVING	1f482810-433a-4d46-b81b-f7909fff8c09	a727f2ad-4d22-4d42-a8ce-37e5cfaf75c8	M0	N0	Stage I	T1	Hepatocellular Carcinoma	Liver	False	False	TCGA-LIHC	Hepatocellular Carcinoma	released	ASIAN	1	Primary Tumor	1	Female	3.5	Alive	2010
hcc_tcga_gdc	TCGA-DD-AAD2	TCGA-DD-AAD2-01	66	7th	Liver	Hepatocellular Carcinoma	Hepatocellular Carcinoma	658	-24221	NA	4.273925765	1:Recurred/Progressed	Hepatocellular Carcinoma	NOT HISPANIC OR LATINO	0.1410	C22.0	NO	8170/3	68	HCC	21.616294349540077	0:LIVING	03f5de7d-45a9-4a73-8c61-ed816d4a3ac5	51cd88e1-b32b-41b4-b971-eef962f15720	M0	N0	Stage I	T1	Hepatocellular Carcinoma	Liver	False	False	TCGA-LIHC	Hepatocellular Carcinoma	released	ASIAN	1	Primary Tumor	1	Male	2.2666666666666666	Alive	2010
hcc_tcga_gdc	TCGA-DD-AAD3	TCGA-DD-AAD3-01	43	7th	Liver	Hepatocellular Carcinoma	Hepatocellular Carcinoma	1029	-15706	NA	1.643817602	1:Recurred/Progressed	Hepatocellular Carcinoma	NOT HISPANIC OR LATINO	0.2182	C22.0	NO	8170/3	56	HCC	42.54270696452036	0:LIVING	0d13229a-304a-48a6-a761-12e68e94a4b4	bfc24617-ab7b-494e-b404-ab0c1934b5b3	M0	N0	Stage I	T1	Hepatocellular Carcinoma	Liver	False	False	TCGA-LIHC	Hepatocellular Carcinoma	released	ASIAN	1	Primary Tumor	1	Male	1.8666666666666667	Alive	2011
hcc_tcga_gdc	TCGA-DD-AAD5	TCGA-DD-AAD5-01	54	7th	Liver	Hepatocellular Carcinoma	Hepatocellular Carcinoma	1037	-19748	NA	40.07627314	0:DiseaseFree	Hepatocellular Carcinoma	NOT HISPANIC OR LATINO	0.4501	C22.0	NO	8170/3	105	HCC	44.185282522996054	0:LIVING	6312d5b5-68ad-4d4f-a0a9-03d895ae30f9	3a5f387a-a6c4-479f-a172-ee734fbbb365	M0	N0	Stage I	T1	Hepatocellular Carcinoma	Liver	False	False	TCGA-LIHC	Hepatocellular Carcinoma	released	ASIAN	1	Primary Tumor	1	Male	3.5	Alive	2011
hcc_tcga_gdc	TCGA-DD-AAD6	TCGA-DD-AAD6-01	66	7th	Liver	Hepatocellular Carcinoma	Hepatocellular Carcinoma	672	-24185	NA	40.53654207	0:DiseaseFree	Hepatocellular Carcinoma	NOT HISPANIC OR LATINO	0.2283	C22.0	NO	8170/3	84	HCC	22.07621550591327	0:LIVING	418e79d1-51c7-4cef-a1b6-e291fb13c2a5	873e2132-94ee-426a-9f9a-6488373ab2ad	M0	N0	Stage IIIA	T3a	Hepatocellular Carcinoma	Liver	False	False	TCGA-LIHC	Hepatocellular Carcinoma	released	ASIAN	1	Primary Tumor	1	Male	2.8	Alive	2011
hcc_tcga_gdc	TCGA-DD-AAD8	TCGA-DD-AAD8-01	73	7th	Liver	Hepatocellular Carcinoma	Hepatocellular Carcinoma	959	-26781	NA	40.83242923	0:DiseaseFree	Hepatocellular Carcinoma	NOT HISPANIC OR LATINO	0.6234	C22.0	NO	8170/3	97	HCC	40.04599211563732	0:LIVING	24b66729-242b-4771-819d-77c9a1fcbb10	a4847550-1a54-489f-a533-79b159cdb8cd	M0	N0	Stage I	T1	Hepatocellular Carcinoma	Liver	False	False	TCGA-LIHC	Hepatocellular Carcinoma	released	ASIAN	1	Primary Tumor	1	Female	3.2333333333333334	Alive	2011
hcc_tcga_gdc	TCGA-DD-AADA	TCGA-DD-AADA-01	66	7th	Liver	Hepatocellular Carcinoma	Hepatocellular Carcinoma	930	-24288	NA	3.320511556	1:Recurred/Progressed	Hepatocellular Carcinoma	NOT HISPANIC OR LATINO	0.2521	C22.0	NO	8170/3	103	HCC	40.50591327201051	0:LIVING	e50edba1-8ec4-47e7-a01e-9f1b2cd75fd7	3065d32f-2852-4478-a6e7-c8129a2acf0b	M0	N0	Stage I	T1	Hepatocellular Carcinoma	Liver	False	False	TCGA-LIHC	Hepatocellular Carcinoma	released	ASIAN	1	Primary Tumor	1	Female	3.433333333333333	Alive	2011
hcc_tcga_gdc	TCGA-DD-AADB	TCGA-DD-AADB-01	51	7th	Liver	Hepatocellular Carcinoma	Hepatocellular Carcinoma	890	-18728	NA	40.47078936	0:DiseaseFree	Hepatocellular Carcinoma	NOT HISPANIC OR LATINO	0.2871	C22.0	NO	8170/3	101	HCC	40.80157687253614	0:LIVING	5eaaf7ae-36af-4fb4-8940-e0861983ceb0	d7116164-d537-4b2d-b699-ec091c094363	M0	N0	Stage I	T1	Hepatocellular Carcinoma	Liver	False	False	TCGA-LIHC	Hepatocellular Carcinoma	released	ASIAN	1	Primary Tumor	1	Male	3.3666666666666667	Alive	2011
hcc_tcga_gdc	TCGA-DD-AADC	TCGA-DD-AADC-01	53	7th	Liver	Hepatocellular Carcinoma	Hepatocellular Carcinoma	NA	-19527	425	5.523227143	1:Recurred/Progressed	Hepatocellular Carcinoma	NOT HISPANIC OR LATINO	0.3933	C22.0	NO	8170/3	72	HCC	13.961892247043364	1:DECEASED	4100fd8b-cf37-4e63-a73d-95c9c392d606	874df34f-4b31-4201-8537-6572ca07a130	M0	N0	Stage I	T1	Hepatocellular Carcinoma	Liver	False	False	TCGA-LIHC	Hepatocellular Carcinoma	released	ASIAN	1	Primary Tumor	1	Male	2.4	Dead	2011
hcc_tcga_gdc	TCGA-DD-AADD	TCGA-DD-AADD-01	51	7th	Liver	Hepatocellular Carcinoma	Hepatocellular Carcinoma	864	-18752	NA	3.780780485	0:DiseaseFree	Hepatocellular Carcinoma	NOT HISPANIC OR LATINO	0.4379	C22.0	NO	8170/3	68	HCC	40.44021024967148	0:LIVING	b44f664c-444c-4c64-a407-52fd9b55f178	e5819156-d6d0-4295-9787-65ab37c3d900	M0	N0	Stage I	T1	Hepatocellular Carcinoma	Liver	False	False	TCGA-LIHC	Hepatocellular Carcinoma	released	ASIAN	1	Primary Tumor	1	Male	2.2333333333333334	Alive	2011
hcc_tcga_gdc	TCGA-DD-AADE	TCGA-DD-AADE-01	50	7th	Liver	Hepatocellular Carcinoma	Hepatocellular Carcinoma	918	-18482	NA	8.876615051	1:Recurred/Progressed	Hepatocellular Carcinoma	NOT HISPANIC OR LATINO	0.0734	C22.0	NO	8170/3	92	HCC	39.48751642575559	0:LIVING	0904fd43-e25c-4d0f-acee-29faa3fd933b	64bcb18b-1287-4e57-8851-d83b3e2757f3	M0	N0	Stage I	T1	Hepatocellular Carcinoma	Liver	False	False	TCGA-LIHC	Hepatocellular Carcinoma	released	ASIAN	1	Primary Tumor	1	Male	3.066666666666667	Alive	2011
hcc_tcga_gdc	TCGA-DD-AADF	TCGA-DD-AADF-01	64	7th	Liver	Hepatocellular Carcinoma	Hepatocellular Carcinoma	NA	-23614	115	35.67084196	0:DiseaseFree	Hepatocellular Carcinoma	NOT HISPANIC OR LATINO	0.3813	C22.0	NO	8170/3	183	HCC	3.7779237844940865	1:DECEASED	70bb26b8-b38b-4e79-90e7-033a38405b00	f38012cb-8922-4401-b2c1-05cc36c3c79f	M0	N0	Stage I	T1	Hepatocellular Carcinoma	Liver	False	False	TCGA-LIHC	Hepatocellular Carcinoma	released	ASIAN	1	Primary Tumor	1	Female	6.066666666666666	Dead	2011
hcc_tcga_gdc	TCGA-DD-AADG	TCGA-DD-AADG-01	70	7th	Liver	Hepatocellular Carcinoma	Hepatocellular Carcinoma	808	-25887	NA	35.04619128	0:DiseaseFree	Hepatocellular Carcinoma	NOT HISPANIC OR LATINO	0.1789	C22.0	NO	8170/3	138	HCC	37.614980289093296	0:LIVING	89d1261c-6d93-4298-a2af-b5ff52be0cb6	1acafc42-0ee1-405c-af15-c71581ff6d69	M0	N0	Stage IIIA	T3a	Hepatocellular Carcinoma	Liver	False	False	TCGA-LIHC	Hepatocellular Carcinoma	released	ASIAN	1	Primary Tumor	1	Male	4.6	Alive	2011
hcc_tcga_gdc	TCGA-DD-AADI	TCGA-DD-AADI-01	43	7th	Liver	Hepatocellular Carcinoma	Hepatocellular Carcinoma	763	-15928	NA	34.48729329	0:DiseaseFree	Hepatocellular Carcinoma	NOT HISPANIC OR LATINO	0.2687	C22.0	NO	8170/3	90	HCC	35.64388961892247	0:LIVING	97472e71-66eb-434b-81b0-d727765f44cb	49b874c4-a313-4678-ab43-3e4fa8bf97b7	M0	N0	Stage I	T1	Hepatocellular Carcinoma	Liver	False	False	TCGA-LIHC	Hepatocellular Carcinoma	released	ASIAN	1	Primary Tumor	1	Female	3.0	Alive	2011
hcc_tcga_gdc	TCGA-DD-AADJ	TCGA-DD-AADJ-01	70	7th	Liver	Hepatocellular Carcinoma	Hepatocellular Carcinoma	730	-25863	NA	20.9093599	0:DiseaseFree	Hepatocellular Carcinoma	NOT HISPANIC OR LATINO	0.1718	C22.0	NO	8170/3	52	HCC	35.019710906701704	0:LIVING	1d880aea-9efe-4a43-8a6a-6a81801da9e0	5733ea09-3aae-4aea-9828-00104bea3be1	M0	N0	Stage I	T1	Hepatocellular Carcinoma	Liver	False	False	TCGA-LIHC	Hepatocellular Carcinoma	released	ASIAN	1	Primary Tumor	1	Female	1.7333333333333334	Alive	2011
hcc_tcga_gdc	TCGA-DD-AADK	TCGA-DD-AADK-01	68	7th	Liver	Hepatocellular Carcinoma	Hepatocellular Carcinoma	734	-25046	NA	0.394516225	0:DiseaseFree	Hepatocellular Carcinoma	NOT HISPANIC OR LATINO	0.3127	C22.0	NO	8170/3	51	HCC	34.46123521681997	0:LIVING	40f30ffb-51de-4786-a88f-16c170aac207	c7352d50-28d0-4284-a54a-df0f9629efdc	M0	N0	Stage II	T2	Hepatocellular Carcinoma	Liver	False	False	TCGA-LIHC	Hepatocellular Carcinoma	released	ASIAN	1	Primary Tumor	1	Female	1.7	Alive	2011
hcc_tcga_gdc	TCGA-DD-AADL	TCGA-DD-AADL-01	58	7th	Liver	Hepatocellular Carcinoma	Hepatocellular Carcinoma	636	-21512	NA	29.52296413	0:DiseaseFree	Hepatocellular Carcinoma	NOT HISPANIC OR LATINO	0.4573	C22.0	NO	8170/3	107	HCC	20.893561103810775	0:LIVING	a7f7e313-4636-4c54-b2b7-f5928a8368e4	3299e2bc-db36-4b1d-ad37-f0e10cf11338	M0	N0	Stage I	T1	Hepatocellular Carcinoma	Liver	False	False	TCGA-LIHC	Hepatocellular Carcinoma	released	ASIAN	1	Primary Tumor	1	Male	3.566666666666667	Alive	2012
hcc_tcga_gdc	TCGA-DD-AADM	TCGA-DD-AADM-01	58	7th	Liver	Hepatocellular Carcinoma	Hepatocellular Carcinoma	NA	-21349	12	14.89298747	0:DiseaseFree	Hepatocellular Carcinoma	NOT HISPANIC OR LATINO	0.2790	C22.0	NO	8170/3	157	HCC	0.39421813403416556	1:DECEASED	62c02da8-e4b4-4294-9923-8992d187fc7b	96ff95cf-c5d9-4a58-b252-74859c1a8103	M0	N0	Stage II	T2	Hepatocellular Carcinoma	Liver	False	False	TCGA-LIHC	Hepatocellular Carcinoma	released	ASIAN	1	Primary Tumor	1	Male	5.233333333333333	Dead	2012
hcc_tcga_gdc	TCGA-DD-AADN	TCGA-DD-AADN-01	59	7th	Liver	Hepatocellular Carcinoma	Hepatocellular Carcinoma	527	-21632	NA	15.05736923	0:DiseaseFree	Hepatocellular Carcinoma	NOT HISPANIC OR LATINO	0.3679	C22.0	NO	8170/3	95	HCC	29.50065703022339	0:LIVING	32e39c1d-b8e8-4efe-b451-8efb112d3518	cb0f3b50-8342-4d9f-9810-98eba5ae6a8f	MX	NX	Stage I	T1	Hepatocellular Carcinoma	Liver	False	False	TCGA-LIHC	Hepatocellular Carcinoma	released	ASIAN	1	Primary Tumor	1	Male	3.1666666666666665	Alive	2012
hcc_tcga_gdc	TCGA-DD-AADO	TCGA-DD-AADO-01	55	7th	Liver	Hepatocellular Carcinoma	Hepatocellular Carcinoma	92	-20139	NA	14.33408949	0:DiseaseFree	Hepatocellular Carcinoma	NOT HISPANIC OR LATINO	0.4989	C22.0	NO	8170/3	177	HCC	14.88173455978975	0:LIVING	9f056388-7529-4fd1-af11-c82cc350f51c	dff1bb71-01ee-480e-83c9-98abafe60d2e	M0	N0	Stage I	T1	Hepatocellular Carcinoma	Liver	False	False	TCGA-LIHC	Hepatocellular Carcinoma	released	ASIAN	1	Primary Tumor	1	Male	5.866666666666666	Alive	2013
hcc_tcga_gdc	TCGA-DD-AADP	TCGA-DD-AADP-01	45	7th	Liver	Hepatocellular Carcinoma	Hepatocellular Carcinoma	120	-16760	NA	55.88979847	1:Recurred/Progressed	Hepatocellular Carcinoma	NOT HISPANIC OR LATINO	0.2748	C22.0	NO	8170/3	88	HCC	15.045992115637318	0:LIVING	96d42ecc-1157-453a-9661-9248ddf8f273	de29419c-e3db-4c0a-b2bc-1d73154e1e32	M0	N0	Stage I	T1	Hepatocellular Carcinoma	Liver	False	False	TCGA-LIHC	Hepatocellular Carcinoma	released	ASIAN	1	Primary Tumor	1	Male	2.933333333333333	Alive	2013
hcc_tcga_gdc	TCGA-DD-AADQ	TCGA-DD-AADQ-01	59	7th	Liver	Hepatocellular Carcinoma	Hepatocellular Carcinoma	161	-21756	NA	15.58339087	0:DiseaseFree	Hepatocellular Carcinoma	NOT HISPANIC OR LATINO	0.1981	C22.0	NO	8170/3	103	HCC	14.323258869908015	0:LIVING	485d283a-552c-485a-84fb-3abdb98dc797	b2060a24-43d9-48f2-8a45-1db926042938	M0	N0	Stage II	T2	Hepatocellular Carcinoma	Liver	False	False	TCGA-LIHC	Hepatocellular Carcinoma	released	ASIAN	1	Primary Tumor	1	Male	3.433333333333333	Alive	2013
hcc_tcga_gdc	TCGA-DD-AADR	TCGA-DD-AADR-01	58	6th	Liver	Hepatocellular Carcinoma	Hepatocellular Carcinoma	1742	-21217	NA	18.21349903	0:DiseaseFree	Hepatocellular Carcinoma	NOT HISPANIC OR LATINO	0.3026	C22.0	NO	8170/3	78	HCC	66.62286465177398	0:LIVING	899d8ea5-49dc-4970-8848-ea6ea088a272	44b29302-be2e-4e06-864a-44df6155250b	M0	N0	Stage I	T1	Hepatocellular Carcinoma	Liver	False	False	TCGA-LIHC	Hepatocellular Carcinoma	released	ASIAN	1	Primary Tumor	1	Male	2.6	Alive	2009
hcc_tcga_gdc	TCGA-DD-AADS	TCGA-DD-AADS-01	63	7th	Liver	Hepatocellular Carcinoma	Hepatocellular Carcinoma	216	-23227	NA	18.87102607	0:DiseaseFree	Hepatocellular Carcinoma	NOT HISPANIC OR LATINO	0.0885	C22.0	NO	8170/3	122	HCC	15.571616294349539	0:LIVING	460a3cbd-c63c-4e6f-b670-2619687ac5a0	31a1acbe-df1c-42b1-817a-da0e805c7fb3	M0	N0	Stage I	T1	Hepatocellular Carcinoma	Liver	False	False	TCGA-LIHC	Hepatocellular Carcinoma	released	ASIAN	1	Primary Tumor	1	Male	4.066666666666666	Alive	2013
hcc_tcga_gdc	TCGA-DD-AADU	TCGA-DD-AADU-01	60	7th	Liver	Hepatocellular Carcinoma	Hepatocellular Carcinoma	252	-21940	NA	12.69027189	1:Recurred/Progressed	Hepatocellular Carcinoma	NOT HISPANIC OR LATINO	0.7749	C22.0	NO	8170/3	76	HCC	18.199737187910642	0:LIVING	cf358fb8-866c-4780-a550-d6c1c30b8c63	8566dfb0-570b-4540-b4cd-eaec48cc27fd	M0	N0	Stage II	T2	Hepatocellular Carcinoma	Liver	False	False	TCGA-LIHC	Hepatocellular Carcinoma	released	ASIAN	1	Primary Tumor	1	Male	2.5	Alive	2013
hcc_tcga_gdc	TCGA-DD-AADV	TCGA-DD-AADV-01	50	7th	Liver	Hepatocellular Carcinoma	Hepatocellular Carcinoma	230	-18300	NA	18.24637538	0:DiseaseFree	Hepatocellular Carcinoma	NOT HISPANIC OR LATINO	0.3843	C22.0	NO	8170/3	86	HCC	18.85676741130092	0:LIVING	4c78b999-4797-4e19-8bc5-9ffd01cf768a	bbe36805-117d-4923-92de-64b83dd318f0	M0	N0	Stage I	T1	Hepatocellular Carcinoma	Liver	True	False	TCGA-LIHC	Hepatocellular Carcinoma	released	ASIAN	1	Primary Tumor	1	Male	2.8333333333333335	Alive	2013
hcc_tcga_gdc	TCGA-DD-AADW	TCGA-DD-AADW-01	48	7th	Liver	Hepatocellular Carcinoma	Hepatocellular Carcinoma	203	-17781	NA	18.24637538	0:DiseaseFree	Hepatocellular Carcinoma	NOT HISPANIC OR LATINO	0.3379	C22.0	NO	8170/3	39	HCC	19.2838370565046	0:LIVING	1bcf1762-7926-45f6-a367-d45fc3af7bc3	db312a8d-28b5-4828-9731-5a175eb2c517	M0	N0	Stage I	T1	Hepatocellular Carcinoma	Liver	False	False	TCGA-LIHC	Hepatocellular Carcinoma	released	ASIAN	1	Primary Tumor	1	Male	1.3	Alive	2013
hcc_tcga_gdc	TCGA-DD-AADY	TCGA-DD-AADY-01	55	7th	Liver	Hepatocellular Carcinoma	Hepatocellular Carcinoma	294	-20233	NA	18.14774633	0:DiseaseFree	Hepatocellular Carcinoma	NOT HISPANIC OR LATINO	0.9054	C22.0	NO	8170/3	39	HCC	18.232588699080157	0:LIVING	e42e4244-dce8-453a-b5e0-7593a9b5af61	a6a4b393-f67d-4b53-a5d0-3407fa71b9f1	M0	N0	Stage I	T1	Hepatocellular Carcinoma	Liver	False	False	TCGA-LIHC	Hepatocellular Carcinoma	released	ASIAN	1	Primary Tumor	1	Female	1.3	Alive	2013
hcc_tcga_gdc	TCGA-DD-AAE0	TCGA-DD-AAE0-01	45	7th	Liver	Hepatocellular Carcinoma	Hepatocellular Carcinoma	300	-16732	NA	20.9751126	0:DiseaseFree	Hepatocellular Carcinoma	NOT HISPANIC OR LATINO	0.4796	C22.0	NO	8170/3	54	HCC	18.232588699080157	0:LIVING	5e4136e4-ddd8-4faf-8a8e-5f836fd97f49	29ef7722-025a-458b-aa60-1ca9c3e70ada	M0	N0	Stage IIIA	T3a	Hepatocellular Carcinoma	Liver	False	False	TCGA-LIHC	Hepatocellular Carcinoma	released	ASIAN	1	Primary Tumor	1	Female	1.8	Alive	2013
hcc_tcga_gdc	TCGA-DD-AAE1	TCGA-DD-AAE1-01	52	7th	Liver	Hepatocellular Carcinoma	Hepatocellular Carcinoma	293	-19073	NA	18.60801526	0:DiseaseFree	Hepatocellular Carcinoma	NOT HISPANIC OR LATINO	0.2476	C22.0	NO	8170/3	41	HCC	18.134034165571617	0:LIVING	3bbff405-dae4-4dc9-985a-33e7ac9cb2dd	d949102d-e461-4c1f-b168-d41027d9a1fc	M0	N0	Stage I	T1	Hepatocellular Carcinoma	Liver	False	False	TCGA-LIHC	Hepatocellular Carcinoma	released	ASIAN	1	Primary Tumor	1	Male	1.3666666666666667	Alive	2013
hcc_tcga_gdc	TCGA-DD-AAE2	TCGA-DD-AAE2-01	51	7th	Liver	Hepatocellular Carcinoma	Hepatocellular Carcinoma	288	-18695	NA	3.649275076	1:Recurred/Progressed	Hepatocellular Carcinoma	NOT HISPANIC OR LATINO	0.1898	C22.0	NO	8170/3	68	HCC	20.9592641261498	0:LIVING	56447eb8-c50c-4e31-a29e-bde6bfd31af4	6fdfd765-bbf7-4094-b5f9-3332e9514873	M0	N0	Stage I	T1	Hepatocellular Carcinoma	Liver	False	False	TCGA-LIHC	Hepatocellular Carcinoma	released	ASIAN	1	Primary Tumor	1	Male	2.2666666666666666	Alive	2013
hcc_tcga_gdc	TCGA-DD-AAE3	TCGA-DD-AAE3-01	50	7th	Liver	Hepatocellular Carcinoma	Hepatocellular Carcinoma	300	-18271	NA	3.452016964	1:Recurred/Progressed	Hepatocellular Carcinoma	NOT HISPANIC OR LATINO	0.4223	C22.0	NO	8170/3	136	HCC	18.593955321944808	0:LIVING	3c969bdf-cae8-44f5-839f-5abd4cba0ec8	45f03983-5591-49d2-a555-43279e78cc07	M0	N0	Stage I	T1	Hepatocellular Carcinoma	Liver	False	False	TCGA-LIHC	Hepatocellular Carcinoma	released	ASIAN	1	Primary Tumor	1	Male	4.533333333333333	Alive	2013
hcc_tcga_gdc	TCGA-DD-AAE4	TCGA-DD-AAE4-01	49	7th	Liver	Hepatocellular Carcinoma	Hepatocellular Carcinoma	259	-18009	NA	21.17237071	0:DiseaseFree	Hepatocellular Carcinoma	NOT HISPANIC OR LATINO	0.1111	C22.0	NO	8170/3	51	HCC	19.97371879106439	0:LIVING	c797d6ad-05d4-4322-bad2-29801a986b4e	1cf2d738-51f7-4038-b07d-e66a1995c8ca	M0	N0	Stage I	T1	Hepatocellular Carcinoma	Liver	False	False	TCGA-LIHC	Hepatocellular Carcinoma	released	ASIAN	1	Primary Tumor	1	Female	1.7	Alive	2013
hcc_tcga_gdc	TCGA-DD-AAE6	TCGA-DD-AAE6-01	59	7th	Liver	Hepatocellular Carcinoma	Hepatocellular Carcinoma	141	-21764	NA	0.920537857	1:Recurred/Progressed	Hepatocellular Carcinoma	NOT HISPANIC OR LATINO	0.4528	C22.0	NO	8170/3	65	HCC	4.6320630749014455	0:LIVING	a61f823b-9164-4bd6-92f4-0a8d8ff0f55e	99cc40c9-d05e-4b6b-ac17-1524d2adf79b	M0	N0	Stage I	T1	Hepatocellular Carcinoma	Liver	False	False	TCGA-LIHC	Hepatocellular Carcinoma	released	ASIAN	1	Primary Tumor	1	Female	2.1333333333333333	Alive	2012
hcc_tcga_gdc	TCGA-DD-AAE7	TCGA-DD-AAE7-01	72	7th	Liver	Hepatocellular Carcinoma	Hepatocellular Carcinoma	382	-26568	NA	23.73672617	0:DiseaseFree	Hepatocellular Carcinoma	NOT HISPANIC OR LATINO	0.0480	C22.0	NO	8170/3	204	HCC	21.156373193166885	0:LIVING	427fdbf8-1603-466f-a5c6-963bb2ec3dac	974eae11-2dfb-4f80-8aa7-338076d54204	M0	N0	Stage I	T1	Hepatocellular Carcinoma	Liver	True	False	TCGA-LIHC	Hepatocellular Carcinoma	released	ASIAN	1	Primary Tumor	1	Male	6.8	Alive	2012
hcc_tcga_gdc	TCGA-DD-AAE8	TCGA-DD-AAE8-01	45	7th	Liver	Hepatocellular Carcinoma	Hepatocellular Carcinoma	344	-16549	NA	18.90390242	0:DiseaseFree	Hepatocellular Carcinoma	NOT HISPANIC OR LATINO	0.3602	C22.0	NO	8170/3	52	HCC	21.81340341655716	0:LIVING	b929ece7-6caf-4081-83d3-9923306b4a8a	99fcb09e-a7db-4218-983d-3f6df4872996	M0	N0	Stage I	T1	Hepatocellular Carcinoma	Liver	True	False	TCGA-LIHC	Hepatocellular Carcinoma	released	ASIAN	1	Primary Tumor	1	Male	1.7333333333333334	Alive	2012
hcc_tcga_gdc	TCGA-DD-AAE9	TCGA-DD-AAE9-01	69	7th	Liver	Hepatocellular Carcinoma	Hepatocellular Carcinoma	386	-25451	NA	15.71489628	0:DiseaseFree	Hepatocellular Carcinoma	NOT HISPANIC OR LATINO	0.3419	C22.0	NO	8170/3	88	HCC	23.71879106438896	0:LIVING	4c960eee-e4b5-499d-a596-238aa78745a4	0a21720b-c36f-402b-b0f4-69570fce8976	M0	N0	Stage I	T1	Hepatocellular Carcinoma	Liver	False	False	TCGA-LIHC	Hepatocellular Carcinoma	released	ASIAN	1	Primary Tumor	1	Male	2.933333333333333	Alive	2012
hcc_tcga_gdc	TCGA-DD-AAEA	TCGA-DD-AAEA-01	65	7th	Liver	Hepatocellular Carcinoma	Hepatocellular Carcinoma	450	-24027	NA	6.509517704	1:Recurred/Progressed	Hepatocellular Carcinoma	NOT HISPANIC OR LATINO	0.2629	C22.0	NO	8170/3	161	HCC	18.889618922470433	0:LIVING	ad9657aa-34e9-48b1-ba63-916fe7bd14bb	3bf98906-2844-4070-9deb-3a792f19281b	M0	N0	Stage I	T1	Hepatocellular Carcinoma	Liver	True	False	TCGA-LIHC	Hepatocellular Carcinoma	released	ASIAN	1	Primary Tumor	1	Male	5.366666666666666	Alive	2012
hcc_tcga_gdc	TCGA-DD-AAEB	TCGA-DD-AAEB-01	60	7th	Liver	Hepatocellular Carcinoma	Hepatocellular Carcinoma	370	-22121	NA	7.364302857	1:Recurred/Progressed	Hepatocellular Carcinoma	NOT HISPANIC OR LATINO	0.1550	C22.0	NO	8170/3	104	HCC	15.703022339027594	0:LIVING	f0ece8e2-a6b0-4ed9-a613-d2fbb20e51b1	a89b7843-1c53-4d0c-977f-9674bfa717f1	M0	N0	Stage I	T1	Hepatocellular Carcinoma	Liver	False	False	TCGA-LIHC	Hepatocellular Carcinoma	released	ASIAN	1	Primary Tumor	1	Male	3.466666666666667	Alive	2012
hcc_tcga_gdc	TCGA-DD-AAED	TCGA-DD-AAED-01	51	7th	Liver	Hepatocellular Carcinoma	Hepatocellular Carcinoma	470	-18722	NA	23.63809712	0:DiseaseFree	Hepatocellular Carcinoma	NOT HISPANIC OR LATINO	0.4464	C22.0	NO	8170/3	55	HCC	25.065703022339026	0:LIVING	527d2bc3-7fdd-4b08-839d-67e2f246db04	4d6702b7-c774-466f-9c42-dde5c4c422d0	M0	N0	Stage I	T1	Hepatocellular Carcinoma	Liver	False	False	TCGA-LIHC	Hepatocellular Carcinoma	released	ASIAN	1	Primary Tumor	1	Male	1.8333333333333333	Alive	2012
hcc_tcga_gdc	TCGA-DD-AAEE	TCGA-DD-AAEE-01	55	7th	Liver	Hepatocellular Carcinoma	Hepatocellular Carcinoma	498	-20396	NA	21.17237071	1:Recurred/Progressed	Hepatocellular Carcinoma	NOT HISPANIC OR LATINO	0.3169	C22.0	NO	8170/3	65	HCC	26.609724047306177	0:LIVING	3c51fee0-da54-40e9-a954-dfe30f6f075c	2df88392-7502-4dfe-8f51-7334f363883e	M0	N0	Stage I	T1	Hepatocellular Carcinoma	Liver	False	False	TCGA-LIHC	Hepatocellular Carcinoma	released	ASIAN	1	Primary Tumor	1	Male	2.1666666666666665	Alive	2012
hcc_tcga_gdc	TCGA-DD-AAEG	TCGA-DD-AAEG-01	59	7th	Liver	Hepatocellular Carcinoma	Hepatocellular Carcinoma	476	-21853	NA	16.14228885	1:Recurred/Progressed	Hepatocellular Carcinoma	NOT HISPANIC OR LATINO	0.2956	C22.0	NO	8170/3	91	HCC	23.62023653088042	0:LIVING	bd627786-31a8-46d9-b3e2-7f489d50f608	e8159d19-97f4-4690-b60b-40080d1e83eb	M0	N0	Stage I	T1	Hepatocellular Carcinoma	Liver	True	False	TCGA-LIHC	Hepatocellular Carcinoma	released	ASIAN	1	Primary Tumor	1	Female	3.033333333333333	Alive	2012
hcc_tcga_gdc	TCGA-DD-AAEH	TCGA-DD-AAEH-01	73	7th	Liver	Hepatocellular Carcinoma	Hepatocellular Carcinoma	476	-26894	NA	35.07906763	0:DiseaseFree	Hepatocellular Carcinoma	NOT HISPANIC OR LATINO	0.2110	C22.0	NO	8170/3	78	HCC	25.755584756898816	0:LIVING	fbb0e4bc-5398-4a7e-963c-86ea1108a2de	4f20bdec-deac-4529-8e2f-823cfa8341e2	M0	N0	Stage I	T1	Hepatocellular Carcinoma	Liver	False	False	TCGA-LIHC	Hepatocellular Carcinoma	released	ASIAN	1	Primary Tumor	1	Male	2.6	Alive	2012
hcc_tcga_gdc	TCGA-DD-AAEI	TCGA-DD-AAEI-01	72	7th	Liver	Hepatocellular Carcinoma	Hepatocellular Carcinoma	1233	-26465	NA	29.68734589	1:Recurred/Progressed	Hepatocellular Carcinoma	NOT HISPANIC OR LATINO	0.1513	C22.0	NO	8170/3	99	HCC	50.29566360052562	0:LIVING	34416be6-b6d6-4029-b899-9ba685e39590	dcc6d13a-31e3-495a-8d63-5c897fc3c4a0	M0	N0	Stage I	T1	Hepatocellular Carcinoma	Liver	False	False	TCGA-LIHC	Hepatocellular Carcinoma	released	ASIAN	1	Primary Tumor	1	Male	3.3	Alive	2010
hcc_tcga_gdc	TCGA-DD-AAEK	TCGA-DD-AAEK-01	51	7th	Liver	Hepatocellular Carcinoma	Hepatocellular Carcinoma	1067	-18757	NA	49.61041523	1:Recurred/Progressed	Hepatocellular Carcinoma	NOT HISPANIC OR LATINO	0.4701	C22.0	NO	8170/3	73	HCC	35.05256241787122	0:LIVING	6ea0ef82-694d-492d-95da-a3bc8de99149	bda59599-c551-4e99-804b-c58af26a039b	M0	N0	Stage II	T2	Hepatocellular Carcinoma	Liver	False	False	TCGA-LIHC	Hepatocellular Carcinoma	released	ASIAN	1	Primary Tumor	1	Male	2.433333333333333	Alive	2010
hcc_tcga_gdc	TCGA-DD-AAVP	TCGA-DD-AAVP-01	48	6th	Liver	Hepatocellular Carcinoma	Hepatocellular Carcinoma	2405	-17833	NA	82.61827268	0:DiseaseFree	Hepatocellular Carcinoma	NOT HISPANIC OR LATINO	0.2395	C22.0	NO	8170/3	64	HCC	90.40735873850197	0:LIVING	0004d251-3f70-4395-b175-c94c2f5b1b81	9259e9ee-7279-4b62-8512-509cb705029c	M0	N0	Stage I	T1	Hepatocellular Carcinoma	Liver	False	False	TCGA-LIHC	Hepatocellular Carcinoma	released	ASIAN	1	Primary Tumor	1	Male	2.1333333333333333	Alive	2007
hcc_tcga_gdc	TCGA-DD-AAVQ	TCGA-DD-AAVQ-01	38	6th	Liver	Hepatocellular Carcinoma	Hepatocellular Carcinoma	2406	-13911	NA	59.93358977	0:DiseaseFree	Hepatocellular Carcinoma	NOT HISPANIC OR LATINO	0.2408	C22.0	NO	8170/3	48	HCC	89.61892247043363	0:LIVING	80e7742f-abbe-4f11-b4e4-c999dc1bd459	9fefeef1-1d0b-4fef-a46a-6017c8f746a5	M0	N0	Stage I	T1	Hepatocellular Carcinoma	Liver	False	False	TCGA-LIHC	Hepatocellular Carcinoma	released	ASIAN	1	Primary Tumor	1	Male	1.6	Alive	2007
hcc_tcga_gdc	TCGA-DD-AAVR	TCGA-DD-AAVR-01	44	6th	Liver	Hepatocellular Carcinoma	Hepatocellular Carcinoma	2198	-16157	NA	53.58845383	1:Recurred/Progressed	Hepatocellular Carcinoma	NOT HISPANIC OR LATINO	0.1533	C22.0	NO	8170/3	52	HCC	82.55584756898817	0:LIVING	834cff01-3c12-42fa-abbe-ae0ae168c568	afa9379a-fb68-4153-9327-411007f223eb	M0	N0	Stage I	T1	Hepatocellular Carcinoma	Liver	False	False	TCGA-LIHC	Hepatocellular Carcinoma	released	ASIAN	1	Primary Tumor	1	Male	1.7333333333333334	Alive	2007
hcc_tcga_gdc	TCGA-DD-AAVS	TCGA-DD-AAVS-01	56	6th	Liver	Hepatocellular Carcinoma	Hepatocellular Carcinoma	1823	-20586	NA	80.71144426	0:DiseaseFree	Hepatocellular Carcinoma	NOT HISPANIC OR LATINO	0.3453	C22.0	NO	8170/3	44	HCC	59.88830486202365	0:LIVING	9fc30c21-2c78-4843-a658-fe84a64b8fad	8a8c8e2f-36fd-4fa4-8b45-f92607f26845	M0	N0	Stage I	T1	Hepatocellular Carcinoma	Liver	False	False	TCGA-LIHC	Hepatocellular Carcinoma	released	ASIAN	1	Primary Tumor	1	Male	1.4666666666666666	Alive	2007
hcc_tcga_gdc	TCGA-DD-AAVU	TCGA-DD-AAVU-01	46	6th	Liver	Hepatocellular Carcinoma	Hepatocellular Carcinoma	1882	-16889	NA	76.17450768	0:DiseaseFree	Hepatocellular Carcinoma	NOT HISPANIC OR LATINO	0.8498	C22.0	NO	8170/3	45	HCC	72.33902759526939	0:LIVING	146c5332-1af5-4c49-b740-9a9edc795f24	7b4920a8-a742-4065-bad4-14473fe429a1	M0	N0	Stage II	T2	Hepatocellular Carcinoma	Liver	False	False	TCGA-LIHC	Hepatocellular Carcinoma	released	ASIAN	1	Primary Tumor	1	Male	1.5	Alive	2008
hcc_tcga_gdc	TCGA-DD-AAVV	TCGA-DD-AAVV-01	56	6th	Liver	Hepatocellular Carcinoma	Hepatocellular Carcinoma	2455	-20751	NA	12.92040635	1:Recurred/Progressed	Hepatocellular Carcinoma	NOT HISPANIC OR LATINO	0.3401	C22.0	NO	8170/3	100	HCC	80.65045992115637	0:LIVING	915f531b-8448-41c7-9dfb-9c83062b906e	4e04e745-d37e-4412-9995-fae0927b6140	M0	N0	Stage II	T2	Hepatocellular Carcinoma	Liver	False	False	TCGA-LIHC	Hepatocellular Carcinoma	released	ASIAN	1	Primary Tumor	1	Male	3.3	Alive	2007
hcc_tcga_gdc	TCGA-DD-AAVW	TCGA-DD-AAVW-01	35	6th	Liver	Hepatocellular Carcinoma	Hepatocellular Carcinoma	1867	-12986	NA	64.76641352	0:DiseaseFree	Hepatocellular Carcinoma	NOT HISPANIC OR LATINO	0.3370	C22.0	NO	8170/3	27	HCC	76.11695137976346	0:LIVING	11823a8a-194f-4e6b-a373-ef5a3fc7d2b9	aaee0b65-c176-431d-a2d5-4912c8281a7c	M0	N0	Stage I	T1	Hepatocellular Carcinoma	Liver	False	False	TCGA-LIHC	Hepatocellular Carcinoma	released	ASIAN	1	Primary Tumor	1	Male	0.8666666666666667	Alive	2008
hcc_tcga_gdc	TCGA-DD-AAVX	TCGA-DD-AAVX-01	38	6th	Liver	Hepatocellular Carcinoma	Hepatocellular Carcinoma	1718	-14016	NA	62.46506888	0:DiseaseFree	Hepatocellular Carcinoma	NOT HISPANIC OR LATINO	0.1237	C22.0	NO	8170/3	57	HCC	56.4388961892247	0:LIVING	afcb9708-92b3-4727-9c0d-63e7ff22d87b	512f703d-14cb-4e9f-9356-4a6d8325caba	M0	N0	Stage II	T2	Hepatocellular Carcinoma	Liver	False	False	TCGA-LIHC	Hepatocellular Carcinoma	released	ASIAN	1	Primary Tumor	1	Male	1.9	Alive	2008
hcc_tcga_gdc	TCGA-DD-AAVY	TCGA-DD-AAVY-01	56	6th	Liver	Hepatocellular Carcinoma	Hepatocellular Carcinoma	1788	-20709	NA	66.24584936	0:DiseaseFree	Hepatocellular Carcinoma	NOT HISPANIC OR LATINO	0.2903	C22.0	NO	8170/3	80	HCC	64.71747700394218	0:LIVING	c36f9ffe-515b-4895-b82a-aadc49fe3016	ddc48731-4b43-4122-9e19-9be1e072ac2c	M0	N0	Stage IIIA	T3	Hepatocellular Carcinoma	Liver	False	False	TCGA-LIHC	Hepatocellular Carcinoma	released	ASIAN	1	Primary Tumor	1	Male	2.6666666666666665	Alive	2009
hcc_tcga_gdc	TCGA-DD-AAVZ	TCGA-DD-AAVZ-01	38	6th	Liver	Hepatocellular Carcinoma	Hepatocellular Carcinoma	1699	-14005	NA	65.39106421	0:DiseaseFree	Hepatocellular Carcinoma	NOT HISPANIC OR LATINO	0.2338	C22.0	NO	8170/3	33	HCC	62.417871222076215	0:LIVING	11f69d9f-a67d-41fa-95a9-baa194b3fcfb	d04de415-140d-4600-8586-4f5ff51f043e	M0	N0	Stage I	T1	Hepatocellular Carcinoma	Liver	False	False	TCGA-LIHC	Hepatocellular Carcinoma	released	ASIAN	1	Primary Tumor	1	Male	1.1	Alive	2009
hcc_tcga_gdc	TCGA-DD-AAW0	TCGA-DD-AAW0-01	54	6th	Liver	Hepatocellular Carcinoma	Hepatocellular Carcinoma	1644	-19981	NA	12.85465365	1:Recurred/Progressed	Hepatocellular Carcinoma	NOT HISPANIC OR LATINO	0.2845	C22.0	NO	8170/3	82	HCC	66.1957950065703	0:LIVING	109436aa-a655-429b-8d3b-1a43385c9016	c7da1402-2958-469e-9956-395c03833125	M0	N0	Stage I	T1	Hepatocellular Carcinoma	Liver	False	False	TCGA-LIHC	Hepatocellular Carcinoma	released	ASIAN	1	Primary Tumor	1	Male	2.7333333333333334	Alive	2009
hcc_tcga_gdc	TCGA-DD-AAW1	TCGA-DD-AAW1-01	55	6th	Liver	Hepatocellular Carcinoma	Hepatocellular Carcinoma	1644	-20288	NA	53.68708288	0:DiseaseFree	Hepatocellular Carcinoma	NOT HISPANIC OR LATINO	0.1372	C22.0	NO	8170/3	97	HCC	65.34165571616295	0:LIVING	31c7d56b-4af7-4fdb-ba83-63bf615fcc3d	6396d448-e089-4406-9b7b-d0710c48ed1d	M0	N0	Stage IIIA	T3	Hepatocellular Carcinoma	Liver	False	False	TCGA-LIHC	Hepatocellular Carcinoma	released	ASIAN	1	Primary Tumor	1	Male	3.2333333333333334	Alive	2009
hcc_tcga_gdc	TCGA-DD-AAW2	TCGA-DD-AAW2-01	69	6th	Liver	Hepatocellular Carcinoma	Hepatocellular Carcinoma	1505	-25420	NA	29.91748036	0:DiseaseFree	Hepatocellular Carcinoma	NOT HISPANIC OR LATINO	0.2877	C22.0	NO	8170/3	100	HCC	60.939553219448094	0:LIVING	03df105e-a005-4577-bfdb-9644758d778e	6af93255-f2a0-43b1-b78f-2e8f53bf6764	M0	N0	Stage I	T1	Hepatocellular Carcinoma	Liver	False	False	TCGA-LIHC	Hepatocellular Carcinoma	released	ASIAN	1	Primary Tumor	1	Male	3.3	Alive	2009
hcc_tcga_gdc	TCGA-DD-AAW3	TCGA-DD-AAW3-01	69	6th	Liver	Hepatocellular Carcinoma	Hepatocellular Carcinoma	1451	-25254	NA	26.92573232	0:DiseaseFree	Hepatocellular Carcinoma	NOT HISPANIC OR LATINO	0.2361	C22.0	NO	8170/3	82	HCC	53.64651773981603	0:LIVING	564b4f4d-3c18-40d5-9d95-916774df600c	95c763b1-759b-47a3-8009-de916d6d457e	M0	N0	Stage I	T1	Hepatocellular Carcinoma	Liver	False	False	TCGA-LIHC	Hepatocellular Carcinoma	released	ASIAN	1	Primary Tumor	1	Male	2.7333333333333334	Alive	2009
hcc_tcga_gdc	TCGA-ED-A459	TCGA-ED-A459-01	47	7th	Liver	Hepatocellular Carcinoma	Hepatocellular Carcinoma	7	-17402	NA	28.07640464	0:DiseaseFree	Hepatocellular Carcinoma	NOT HISPANIC OR LATINO	0.4283	C22.0	NO	8170/3	198	HCC	29.894875164257556	0:LIVING	56403463-1727-4c23-a709-de5f168c4073	97fa4d8b-1c05-41a6-97c4-0b27dc70eb4c	M0	N0	Stage II	T2	Hepatocellular Carcinoma	Liver	False	False	TCGA-LIHC	Hepatocellular Carcinoma	released	ASIAN	1	Primary Tumor	1	Male	6.566666666666666	Alive	2012
hcc_tcga_gdc	TCGA-ED-A4XI	TCGA-ED-A4XI-01	58	7th	Liver	Hepatocellular Carcinoma	Hepatocellular Carcinoma	6	-21497	NA	13.90669691	0:DiseaseFree	Hepatocellular Carcinoma	NOT HISPANIC OR LATINO	0.0539	C22.0	NO	8170/3	120	HCC	26.905387647831798	0:LIVING	c52abac9-07da-4b3d-bf8a-2161cacf9682	25eb5afd-e7a6-4f3c-82b4-a3de1f8f9be1	M0	N0	Stage II	T2	Hepatocellular Carcinoma	Liver	False	False	TCGA-LIHC	Hepatocellular Carcinoma	released	ASIAN	1	Primary Tumor	1	Male	4.0	Alive	2012
hcc_tcga_gdc	TCGA-ED-A5KG	TCGA-ED-A5KG-01	60	7th	Liver	Hepatocellular Carcinoma	Hepatocellular Carcinoma	6	-22258	NA	4.076667653	1:Recurred/Progressed	Hepatocellular Carcinoma	NOT HISPANIC OR LATINO	0.0001	C22.0	NO	8170/3	11	HCC	28.055190538764784	0:LIVING	cebdafee-8ffd-4ee2-8dd1-9225e06623c2	7e3298d1-7ee0-470d-be0f-fc638ea6c62e	M0	N0	Stage II	T2	Hepatocellular Carcinoma	Liver	False	False	TCGA-LIHC	Hepatocellular Carcinoma	released	ASIAN	1	Primary Tumor	1	Female	0.36666666666666664	Alive	2012
hcc_tcga_gdc	TCGA-ED-A627	TCGA-ED-A627-01	74	7th	Liver	Hepatocellular Carcinoma	Hepatocellular Carcinoma	0	-27303	NA	9.731400204	0:DiseaseFree	Hepatocellular Carcinoma	NOT HISPANIC OR LATINO	0.0001	C22.0	NO	8170/3	NA	HCC	13.896189224704337	0:LIVING	a4af0084-edd4-4dcd-8975-4a59ee5da64c	975ec176-7f4a-4bf2-85ea-df821b23865c	M0	NX	Stage I	T1	Hepatocellular Carcinoma	Liver	False	False	TCGA-LIHC	Hepatocellular Carcinoma	released	WHITE	1	Primary Tumor	1	Male	NA	Alive	2012
hcc_tcga_gdc	TCGA-ED-A66X	TCGA-ED-A66X-01	35	7th	Liver	Hepatocellular Carcinoma	Hepatocellular Carcinoma	6	-12947	NA	0.197258112	0:DiseaseFree	Hepatocellular Carcinoma	NOT HISPANIC OR LATINO	0.2871	C22.0	NO	8170/3	34	HCC	13.337713534822601	0:LIVING	b75ca9e4-a474-4960-9343-c8e9524cd096	c46cc628-1a71-4a9a-9111-8c78f89694f8	M0	N0	Stage IIIA	T3a	Hepatocellular Carcinoma	Liver	False	False	TCGA-LIHC	Hepatocellular Carcinoma	released	ASIAN	1	Primary Tumor	1	Male	1.1	Alive	2013
hcc_tcga_gdc	TCGA-ED-A66Y	TCGA-ED-A66Y-01	51	7th	Liver	Hepatocellular Carcinoma	Hepatocellular Carcinoma	7	-18797	296	12.8217773	0:DiseaseFree	Hepatocellular Carcinoma	NOT HISPANIC OR LATINO	0.2158	C22.0	NO	8170/3	78	HCC	9.724047306176084	1:DECEASED	34303cdd-c31c-4b95-9965-2a5513dc322d	bc90ead3-1a92-49c8-9d97-ef4a8751833a	M0	N0	Stage IIIA	T3a	Hepatocellular Carcinoma	Liver	False	False	TCGA-LIHC	Hepatocellular Carcinoma	released	ASIAN	1	Primary Tumor	1	Female	2.6	Dead	2013
hcc_tcga_gdc	TCGA-ED-A7PX	TCGA-ED-A7PX-01	48	7th	Liver	Hepatocellular Carcinoma	Hepatocellular Carcinoma	6	-17638	NA	0.197258112	0:DiseaseFree	Hepatocellular Carcinoma	NOT HISPANIC OR LATINO	0.2991	C22.0	NO	8170/3	27	HCC	0.19710906701708278	0:LIVING	470d52b8-3d74-4789-b714-b9869a96657b	35600f0a-effb-40a5-a608-d60a42f3a43d	M0	NX	Stage II	T2	Hepatocellular Carcinoma	Liver	False	False	TCGA-LIHC	Hepatocellular Carcinoma	released	ASIAN	1	Primary Tumor	1	Female	0.9	Alive	2013
hcc_tcga_gdc	TCGA-ED-A7PY	TCGA-ED-A7PY-01	20	7th	Liver	Hepatocellular Carcinoma	Hepatocellular Carcinoma	6	-7556	NA	8.613604235	1:Recurred/Progressed	Hepatocellular Carcinoma	NOT HISPANIC OR LATINO	0.3633	C22.0	NO	8170/3	20	HCC	12.81208935611038	0:LIVING	a396e048-5aa0-4d71-96bd-7f4fdf6934aa	7c611dd6-6237-45f6-ae24-50bfa63d7835	M0	NX	Stage II	T2	Hepatocellular Carcinoma	Liver	False	False	TCGA-LIHC	Hepatocellular Carcinoma	released	ASIAN	1	Primary Tumor	1	Female	0.6666666666666666	Alive	2013
hcc_tcga_gdc	TCGA-ED-A7PZ	TCGA-ED-A7PZ-01	61	7th	Liver	Hepatocellular Carcinoma	Hepatocellular Carcinoma	6	-22601	NA	6.147877832	1:Recurred/Progressed	Hepatocellular Carcinoma	NOT HISPANIC OR LATINO	0.5347	C22.0	NO	8170/3	226	HCC	0.19710906701708278	0:LIVING	87750e70-3af7-452a-9aa5-375acd3843ea	6931e9f2-8dae-45cf-9fa3-dee9d629472a	M0	NX	Stage II	T2	Hepatocellular Carcinoma	Liver	False	False	TCGA-LIHC	Hepatocellular Carcinoma	released	ASIAN	1	Primary Tumor	1	Male	7.5	Alive	2013
hcc_tcga_gdc	TCGA-ED-A7XO	TCGA-ED-A7XO-01	29	7th	Liver	Hepatocellular Carcinoma	Hepatocellular Carcinoma	6	-10828	NA	13.41355163	0:DiseaseFree	Hepatocellular Carcinoma	NOT HISPANIC OR LATINO	0.2173	C22.0	NO	8170/3	49	HCC	14.027595269382392	0:LIVING	20bb3855-66e2-46d4-b189-006b4b254c2e	8ae44ec9-741c-484b-a784-a0cb2f02aaa0	M0	N0	Stage IIIA	T3a	Hepatocellular Carcinoma	Liver	False	False	TCGA-LIHC	Hepatocellular Carcinoma	released	ASIAN	1	Primary Tumor	1	Male	1.6333333333333333	Alive	2013
hcc_tcga_gdc	TCGA-ED-A7XP	TCGA-ED-A7XP-01	53	7th	Liver	Hepatocellular Carcinoma	Hepatocellular Carcinoma	6	-19504	NA	13.34779893	0:DiseaseFree	Hepatocellular Carcinoma	NOT HISPANIC OR LATINO	0.2698	C22.0	NO	8170/3	54	HCC	13.140604467805518	0:LIVING	cca827ca-0066-497d-83dc-477f3b08ea6d	cbdaac78-7866-47b0-bbde-62e1b84b96d7	M0	N0	Stage II	T2	Hepatocellular Carcinoma	Liver	False	False	TCGA-LIHC	Hepatocellular Carcinoma	released	ASIAN	1	Primary Tumor	1	Female	1.8	Alive	2013
hcc_tcga_gdc	TCGA-ED-A82E	TCGA-ED-A82E-01	60	7th	Liver	Hepatocellular Carcinoma	Hepatocellular Carcinoma	6	-22234	NA	1.841075714	0:DiseaseFree	Hepatocellular Carcinoma	NOT HISPANIC OR LATINO	0.6377	C22.0	NO	8170/3	22	HCC	13.403416557161629	0:LIVING	a96b67ba-6180-4b80-8792-877860421ca0	f05898c4-ee50-4a7b-8504-1cbb6f7b1e41	M0	N0	Stage IIIA	T3a	Hepatocellular Carcinoma	Liver	False	False	TCGA-LIHC	Hepatocellular Carcinoma	released	ASIAN	1	Primary Tumor	1	Female	0.7333333333333333	Alive	2013
hcc_tcga_gdc	TCGA-ED-A8O5	TCGA-ED-A8O5-01	59	7th	Liver	Hepatocellular Carcinoma	Hepatocellular Carcinoma	6	-21648	NA	0.197258112	0:DiseaseFree	Hepatocellular Carcinoma	NOT HISPANIC OR LATINO	0.2578	C22.0	NO	8170/3	97	HCC	13.337713534822601	0:LIVING	2bea076b-c923-4a91-a37b-c6615fec021c	384d3f50-c931-45e4-bd65-bcfed8e1c602	M0	N0	Stage IIIA	T3a	Hepatocellular Carcinoma	Liver	False	False	TCGA-LIHC	Hepatocellular Carcinoma	released	ASIAN	1	Primary Tumor	1	Female	3.2333333333333334	Alive	2013
hcc_tcga_gdc	TCGA-ED-A8O6	TCGA-ED-A8O6-01	50	7th	Liver	Hepatocellular Carcinoma	Hepatocellular Carcinoma	6	-18572	56	18.73952066	0:DiseaseFree	Hepatocellular Carcinoma	NOT HISPANIC OR LATINO	0.5511	C22.0	NO	8170/3	57	HCC	1.8396846254927726	1:DECEASED	7fb03840-5153-4dc6-a302-5a89aa4e1fb6	7c3d43a4-d7b7-4988-8195-fbfcd14592fc	M0	N0	Stage IIIA	T3a	Hepatocellular Carcinoma	Liver	False	False	TCGA-LIHC	Hepatocellular Carcinoma	released	ASIAN	1	Primary Tumor	1	Female	1.9	Dead	2013
hcc_tcga_gdc	TCGA-ED-A97K	TCGA-ED-A97K-01	54	7th	Liver	Hepatocellular Carcinoma	Hepatocellular Carcinoma	6	-20073	NA	NA	NA	Hepatocholangiocarcinoma (Mixed)	NOT HISPANIC OR LATINO	0.3013	C22.0	NO	8180/3	43	HCC	0.19710906701708278	0:LIVING	8778dc9e-a7db-4464-a8af-11addb5e441a	6b015154-d6c7-4aa4-b631-45439cecfb97	M0	N0	Stage IIIA	T3a	Hepatocholangiocarcinoma (Mixed)	Liver	False	False	TCGA-LIHC	Hepatocellular Carcinoma	released	ASIAN	1	Primary Tumor	1	Male	1.4333333333333333	Alive	2013
hcc_tcga_gdc	TCGA-EP-A12J	TCGA-EP-A12J-01	62	7th	Liver	Hepatocellular Carcinoma	Hepatocellular Carcinoma	129	-22997	NA	9.632771148	1:Recurred/Progressed	Hepatocellular Carcinoma	NOT HISPANIC OR LATINO	0.1909	C22.0	NO	8170/3	43	HCC	18.725361366622863	0:LIVING	959918d7-cb84-4745-a72f-d138176b1ecb	9d2fd2fd-b53a-4dbd-ace1-278e53f629af	MX	NX	Stage I	T1	Hepatocellular Carcinoma	Liver	False	False	TCGA-LIHC	Hepatocellular Carcinoma	released	BLACK OR AFRICAN AMERICAN	1	Primary Tumor	1	Male	1.4333333333333333	Alive	2010
hcc_tcga_gdc	TCGA-EP-A26S	TCGA-EP-A26S-01	70	7th	Liver	Hepatocellular Carcinoma	Hepatocellular Carcinoma	111	-25677	NA	5.293092678	1:Recurred/Progressed	Hepatocellular Carcinoma	NOT HISPANIC OR LATINO	0.0874	C22.0	NO	8170/3	73	HCC	19.97371879106439	0:LIVING	b7d6621c-8bce-4a01-8588-9d7761d9372b	a0b2ff38-e6bf-4f27-98ab-5cf924b0e236	MX	N0	Stage I	T1	Hepatocellular Carcinoma	Liver	False	False	TCGA-LIHC	Hepatocellular Carcinoma	released	WHITE	1	Primary Tumor	1	Male	2.433333333333333	Alive	2011
hcc_tcga_gdc	TCGA-EP-A2KA	TCGA-EP-A2KA-01	52	7th	Liver	Hepatocellular Carcinoma	Hepatocellular Carcinoma	111	-19214	627	0.624650689	0:DiseaseFree	Hepatocellular Carcinoma	NOT HISPANIC OR LATINO	0.2656	C22.0	NO	8170/3	88	HCC	20.59789750328515	1:DECEASED	440375d7-cdcd-418a-8992-0a8ca42d290d	e6e1bf11-da29-4052-85a1-584401f0fa3d	MX	NX	Stage IIIA	T3a	Hepatocellular Carcinoma	Liver	False	False	TCGA-LIHC	Hepatocellular Carcinoma	released	WHITE	1	Primary Tumor	1	Female	2.933333333333333	Dead	2011
hcc_tcga_gdc	TCGA-EP-A2KB	TCGA-EP-A2KB-01	46	7th	Liver	Hepatocellular Carcinoma	Hepatocellular Carcinoma	60	-16835	596	NA	NA	Hepatocellular Carcinoma	NOT HISPANIC OR LATINO	0.6360	C22.0	NO	8170/3	70	HCC	19.579500657030223	1:DECEASED	18c08546-bed3-4ed9-b223-479afe633c8e	e2895132-da4f-4db5-b417-510e99fce776	MX	NX	Stage I	T1	Hepatocellular Carcinoma	Liver	False	False	TCGA-LIHC	Hepatocellular Carcinoma	released	WHITE	1	Primary Tumor	1	Female	2.3	Dead	2011
hcc_tcga_gdc	TCGA-EP-A2KC	TCGA-EP-A2KC-01	62	7th	Liver	Hepatocellular Carcinoma	Hepatocellular Carcinoma	NA	-22677	19	NA	NA	Hepatocellular Carcinoma	NOT HISPANIC OR LATINO	0.3795	C22.0	NO	8170/3	65	HCC	0.6241787122207622	1:DECEASED	71681db9-fa90-4fe1-a497-67d501eb75f0	e3e1e85e-585f-4a19-b972-6119f1e39237	MX	NX	Stage I	T1	Hepatocellular Carcinoma	Liver	False	False	TCGA-LIHC	Hepatocellular Carcinoma	released	BLACK OR AFRICAN AMERICAN	1	Primary Tumor	1	Male	2.1666666666666665	Dead	2011
hcc_tcga_gdc	TCGA-EP-A3JL	TCGA-EP-A3JL-01	76	7th	Liver	Hepatocellular Carcinoma	Hepatocellular Carcinoma	97	-27886	NA	22.6189302	0:DiseaseFree	Hepatocellular Carcinoma	NOT HISPANIC OR LATINO	0.1616	C22.0	NO	8170/3	77	HCC	9.95400788436268	0:LIVING	a196a937-b17d-4d4a-965b-8af0f4f41367	93612bcd-f1d2-44dd-8abf-7da2865878ce	MX	NX	Stage I	T1	Hepatocellular Carcinoma	Liver	True	False	TCGA-LIHC	Hepatocellular Carcinoma	released	WHITE	1	Primary Tumor	1	Male	2.533333333333333	Alive	2011
hcc_tcga_gdc	TCGA-EP-A3RK	TCGA-EP-A3RK-01	73	7th	Liver	Hepatocellular Carcinoma	Hepatocellular Carcinoma	13	-26985	NA	14.39984219	0:DiseaseFree	Hepatocellular Carcinoma	NOT HISPANIC OR LATINO	0.2353	C22.0	NO	8170/3	49	HCC	11.925098554533507	0:LIVING	f15279dd-5d12-460b-9bd1-b4f95681ca65	253da6ee-8786-4a20-a0dc-58816a8a9c39	MX	NX	Stage IIIA	T3a	Hepatocellular Carcinoma	Liver	False	False	TCGA-LIHC	Hepatocellular Carcinoma	released	WHITE	1	Primary Tumor	1	Male	1.6	Alive	2012
hcc_tcga_gdc	TCGA-ES-A2HS	TCGA-ES-A2HS-01	80	6th	Liver	Hepatocellular Carcinoma	Hepatocellular Carcinoma	NA	-29268	688	47.76933951	1:Recurred/Progressed	Hepatocellular Carcinoma	NOT HISPANIC OR LATINO	0.3678	C22.0	NO	8170/3	57	HCC	22.601839684625492	1:DECEASED	728aedb3-551a-4c16-9be3-7733a9539e9e	a06fe860-8d5f-4ed0-b7fc-72f74567fb7e	MX	NX	Stage I	T1	Hepatocellular Carcinoma	Liver	True	False	TCGA-LIHC	Hepatocellular Carcinoma	released	WHITE	1	Primary Tumor	1	Male	1.9	Dead	2008
hcc_tcga_gdc	TCGA-ES-A2HT	TCGA-ES-A2HT-01	54	6th	Liver	Hepatocellular Carcinoma	Hepatocellular Carcinoma	NA	-20023	438	23.96686064	0:DiseaseFree	Hepatocellular Carcinoma	NOT HISPANIC OR LATINO	0.1556	C22.0	NO	8170/3	58	HCC	14.388961892247043	1:DECEASED	7dd3bda9-3a0a-46fa-b052-a6d24b847804	9b68c72d-30d4-4a7a-ade7-a2bde50a84f2	MX	NX	Stage I	T1	Hepatocellular Carcinoma	Liver	False	False	TCGA-LIHC	Hepatocellular Carcinoma	released	BLACK OR AFRICAN AMERICAN	1	Primary Tumor	1	Male	1.9333333333333333	Dead	2007
hcc_tcga_gdc	TCGA-FV-A23B	TCGA-FV-A23B-01	70	6th	Liver	Hepatocellular Carcinoma	Hepatocellular Carcinoma	987	-25788	1852	NA	NA	Hepatocellular Carcinoma	NOT HISPANIC OR LATINO	0.1968	C22.0	NO	8170/3	69	HCC	60.84099868593955	1:DECEASED	c95ed407-bcc2-44aa-bc59-bf7549f2d665	d056433d-c3e2-467a-8151-ddf2a6d8683a	M0	N0	Stage II	T2	Hepatocellular Carcinoma	Liver	False	False	TCGA-LIHC	Hepatocellular Carcinoma	released	WHITE	1	Primary Tumor	1	Female	2.3	Dead	2005
hcc_tcga_gdc	TCGA-FV-A2QQ	TCGA-FV-A2QQ-01	80	7th	Liver	Hepatocellular Carcinoma	Hepatocellular Carcinoma	0	-29354	NA	5.227339974	1:Recurred/Progressed	Hepatocellular Carcinoma	NOT HISPANIC OR LATINO	0.1486	C22.0	NO	8170/3	105	HCC	23.94875164257556	0:LIVING	d680df09-368e-42b5-b540-45c41ed31042	a0096af4-abd3-4f6e-a6ac-2cf2e57c7bd9	MX	N0	Stage I	T1	Hepatocellular Carcinoma	Liver	False	False	TCGA-LIHC	Hepatocellular Carcinoma	released	WHITE	1	Primary Tumor	1	Male	3.466666666666667	Alive	2011
hcc_tcga_gdc	TCGA-FV-A2QR	TCGA-FV-A2QR-01	NA	6th	Liver	Hepatocellular Carcinoma	Hepatocellular Carcinoma	NA	NA	581	8.120458954	0:DiseaseFree	Hepatocellular Carcinoma	NOT HISPANIC OR LATINO	0.2604	C22.0	NO	8170/3	91	HCC	19.086727989487514	1:DECEASED	d3a03f7a-3482-4548-957e-05c692b20101	5e6e2c83-3102-4130-98aa-167c8be39120	M0	N0	Stage I	T1	Hepatocellular Carcinoma	Liver	False	False	TCGA-LIHC	Hepatocellular Carcinoma	released	WHITE	1	Primary Tumor	1	Male	3.033333333333333	Dead	2006
hcc_tcga_gdc	TCGA-FV-A3I0	TCGA-FV-A3I0-01	76	7th	Liver	Hepatocellular Carcinoma	Hepatocellular Carcinoma	6	-28101	NA	6.378012296	0:DiseaseFree	Hepatocholangiocarcinoma (Mixed)	NOT HISPANIC OR LATINO	0.3755	C22.0	NO	8171/3	70	HCC	27.8580814717477	0:LIVING	a8c2aa08-9156-4845-ad77-5e060858c757	810d65b3-59d9-4815-aa41-0c21a0d17ac2	M0	NX	Stage II	T2	Hepatocholangiocarcinoma (Mixed)	Liver	False	False	TCGA-LIHC	Hepatocellular Carcinoma	released	WHITE	1	Primary Tumor	1	Female	2.3	Alive	2011
hcc_tcga_gdc	TCGA-FV-A3I1	TCGA-FV-A3I1-01	NA	7th	Liver	Hepatocellular Carcinoma	Hepatocellular Carcinoma	0	NA	247	12.03274485	0:DiseaseFree	Hepatocellular Carcinoma	NOT HISPANIC OR LATINO	0.2519	C22.0	NO	8170/3	60	HCC	8.114323258869907	1:DECEASED	bfd20d71-18a5-4f01-8d56-84378ad92359	a744be68-d008-4847-a11d-89918a419a5f	MX	N0	Stage II	T2	Hepatocellular Carcinoma	Liver	True	False	TCGA-LIHC	Hepatocellular Carcinoma	released	WHITE	1	Primary Tumor	1	Female	2.0	Dead	2011
hcc_tcga_gdc	TCGA-FV-A3R2	TCGA-FV-A3R2-01	75	6th	Liver	Hepatocellular Carcinoma	Hepatocellular Carcinoma	NA	-27530	194	0.032876352	0:DiseaseFree	Hepatocellular Carcinoma	NOT HISPANIC OR LATINO	0.4052	C22.0	NO	8170/3	66	HCC	6.3731931668856765	1:DECEASED	17833039-0d7e-47f0-90e6-8cabae94c124	04beca9f-830c-4ca8-a947-1bf2d7df1b26	MX	NX	Stage I	T1	Hepatocellular Carcinoma	Liver	True	False	TCGA-LIHC	Hepatocellular Carcinoma	released	WHITE	1	Primary Tumor	1	Male	2.2	Dead	2005
hcc_tcga_gdc	TCGA-FV-A3R3	TCGA-FV-A3R3-01	38	7th	Liver	Hepatocellular Carcinoma	Hepatocellular Carcinoma	4	-14231	366	0.32876352	0:DiseaseFree	Hepatocellular Carcinoma	NOT HISPANIC OR LATINO	0.0916	C22.0	NO	8170/3	43	HCC	12.02365308804205	1:DECEASED	3dd7c93d-8194-44ee-8014-10dd81ef6441	8abda02f-aedf-4599-9407-e253207d5d4c	MX	NX	Stage I	T1	Hepatocellular Carcinoma	Liver	False	False	TCGA-LIHC	Hepatocellular Carcinoma	released	WHITE	1	Primary Tumor	1	Female	1.4333333333333333	Dead	2012
hcc_tcga_gdc	TCGA-FV-A495	TCGA-FV-A495-01	51	7th	Liver	Hepatocellular Carcinoma	Hepatocellular Carcinoma	1	-18740	NA	NA	NA	Hepatocellular Carcinoma	NOT HISPANIC OR LATINO	0.1942	C22.0	NO	8170/3	84	HCC	0.0328515111695138	0:LIVING	bd48fa5e-0152-46f0-a4fa-8cf723ff2dcd	b7fc877d-6055-4a28-bbdf-50ce7236b7bf	M0	NX	Stage II	T2	Hepatocellular Carcinoma	Liver	False	False	TCGA-LIHC	Hepatocellular Carcinoma	released	WHITE	1	Primary Tumor	1	Female	2.8	Alive	2012
hcc_tcga_gdc	TCGA-FV-A496	TCGA-FV-A496-01	84	7th	Liver	Hepatocellular Carcinoma	Hepatocellular Carcinoma	10	-30950	NA	0.394516225	0:DiseaseFree	Hepatocellular Carcinoma	NOT HISPANIC OR LATINO	0.4894	C22.0	NO	8170/3	99	HCC	0.328515111695138	0:LIVING	8afa3140-dcbd-44c0-ab13-4ada6a0444d4	fd1e3b28-c143-4ef6-a699-3a61cb20a5ed	M0	NX	Stage I	T1	Hepatocellular Carcinoma	Liver	False	False	TCGA-LIHC	Hepatocellular Carcinoma	released	WHITE	1	Primary Tumor	1	Female	3.3	Alive	2012
hcc_tcga_gdc	TCGA-FV-A4ZP	TCGA-FV-A4ZP-01	78	6th	Liver	Hepatocellular Carcinoma	Hepatocellular Carcinoma	1836	-28771	2486	NA	NA	Hepatocellular Carcinoma	NOT HISPANIC OR LATINO	0.5151	C22.0	NO	8170/3	69	HCC	81.6688567674113	1:DECEASED	5c08008d-5ed4-4480-bd00-c8a2d8c787dc	856ae98c-ce7b-4436-922b-bf76456a5edd	M0	NX	Stage IIIA	T3	Hepatocellular Carcinoma	Liver	True	False	TCGA-LIHC	Hepatocellular Carcinoma	released	WHITE	1	Primary Tumor	1	Male	2.2666666666666666	Dead	2005
hcc_tcga_gdc	TCGA-FV-A4ZQ	TCGA-FV-A4ZQ-01	52	7th	Liver	Hepatocellular Carcinoma	Hepatocellular Carcinoma	12	-19090	NA	14.86011112	1:Recurred/Progressed	Hepatocellular Carcinoma	NOT HISPANIC OR LATINO	0.2869	C22.0	NO	8170/3	59	HCC	0.39421813403416556	0:LIVING	65e430e1-0c9a-4045-83a9-653b7cff811d	56daad30-a336-4311-9feb-26cf3e48c734	M0	NX	Stage I	T1	Hepatocellular Carcinoma	Liver	False	False	TCGA-LIHC	Hepatocellular Carcinoma	released	WHITE	1	Primary Tumor	1	Male	1.9666666666666666	Alive	2012
hcc_tcga_gdc	TCGA-G3-A25S	TCGA-G3-A25S-01	64	6th	Liver	Hepatocellular Carcinoma	Hepatocellular Carcinoma	37	-23571	416	53.78571194	0:DiseaseFree	Hepatocellular Carcinoma	NOT HISPANIC OR LATINO	0.5723	C22.0	NO	8170/3	101	HCC	13.66622864651774	1:DECEASED	b865dec4-f051-4fbe-9405-f832ff2010d7	d12be3f6-68bc-4583-9478-fc01a0eb9387	M0	N0	Stage I	T1	Hepatocellular Carcinoma	Liver	False	False	TCGA-LIHC	Hepatocellular Carcinoma	released	WHITE	1	Primary Tumor	1	Male	3.3	Dead	2009
hcc_tcga_gdc	TCGA-G3-A25T	TCGA-G3-A25T-01	45	6th	Liver	Hepatocellular Carcinoma	Hepatocellular Carcinoma	1175	-16461	NA	16.07653615	1:Recurred/Progressed	Hepatocellular Carcinoma	NOT HISPANIC OR LATINO	0.4350	C22.0	NO	8170/3	34	HCC	51.01839684625492	0:LIVING	f6e5979d-d6a9-4408-bd1b-1b37d1064e83	d42d6e07-8e0e-4345-b1b9-1b8b4574d042	M0	N0	Stage IIIA	T3	Hepatocellular Carcinoma	Liver	False	False	TCGA-LIHC	Hepatocellular Carcinoma	released	WHITE	1	Primary Tumor	1	Female	1.1333333333333333	Alive	2007
hcc_tcga_gdc	TCGA-G3-A25U	TCGA-G3-A25U-01	63	6th	Liver	Hepatocellular Carcinoma	Hepatocellular Carcinoma	1231	-23207	NA	30.73938916	0:DiseaseFree	Hepatocellular Carcinoma	NOT HISPANIC OR LATINO	0.2462	C22.0	NO	8170/3	47	HCC	53.745072273324574	0:LIVING	b9835dc5-bf31-4541-a973-e8ca802d80ba	824e95b4-5d35-4b11-b320-fcf96e78ad10	M0	N0	Stage I	T1	Hepatocellular Carcinoma	Liver	False	False	TCGA-LIHC	Hepatocellular Carcinoma	released	ASIAN	1	Primary Tumor	1	Female	1.5666666666666667	Alive	2007
hcc_tcga_gdc	TCGA-G3-A25V	TCGA-G3-A25V-01	68	7th	Liver	Hepatocellular Carcinoma	Hepatocellular Carcinoma	69	-25144	NA	58.48703028	0:DiseaseFree	Hepatocellular Carcinoma	NOT HISPANIC OR LATINO	0.0019	C22.0	NO	8170/3	42	HCC	28.252299605781864	0:LIVING	f435ec00-0db8-46b4-96bf-890a9d931df3	634ab666-0845-4b62-a2a1-abd408d8b829	M0	N0	Stage I	T1	Hepatocellular Carcinoma	Liver	False	False	TCGA-LIHC	Hepatocellular Carcinoma	released	WHITE	1	Primary Tumor	1	Male	1.4	Alive	2010
hcc_tcga_gdc	TCGA-G3-A25W	TCGA-G3-A25W-01	79	7th	Liver	Hepatocellular Carcinoma	Hepatocellular Carcinoma	391	-29018	NA	11.67110497	1:Recurred/Progressed	Hepatocellular Carcinoma	NOT HISPANIC OR LATINO	0.2386	C22.0	NO	8170/3	66	HCC	30.716162943495398	0:LIVING	06ac44e9-1226-4202-828b-6f224766d7ac	859cde68-b3bb-4867-bced-c016bfaffde9	M0	N0	Stage IIIB	T3b	Hepatocellular Carcinoma	Liver	True	False	TCGA-LIHC	Hepatocellular Carcinoma	released	WHITE	1	Primary Tumor	1	Female	2.2	Alive	2010
hcc_tcga_gdc	TCGA-G3-A25X	TCGA-G3-A25X-01	73	6th	Liver	Hepatocellular Carcinoma	Hepatocellular Carcinoma	1359	-26988	NA	21.53401059	0:DiseaseFree	Hepatocellular Carcinoma	NOT HISPANIC OR LATINO	0.4064	C22.0	NO	8170/3	NA	HCC	58.44283837056504	0:LIVING	08428220-abd4-484e-85ca-3673454c837e	5ff97822-0520-45b7-a28a-a1c68c5ac324	M0	N0	Stage II	T2	Hepatocellular Carcinoma	Liver	False	False	TCGA-LIHC	Hepatocellular Carcinoma	released	ASIAN	1	Primary Tumor	1	Male	NA	Alive	2007
hcc_tcga_gdc	TCGA-G3-A25Y	TCGA-G3-A25Y-01	52	6th	Liver	Hepatocellular Carcinoma	Hepatocellular Carcinoma	NA	-19055	452	3.813656837	1:Recurred/Progressed	Hepatocellular Carcinoma	NOT HISPANIC OR LATINO	0.2505	C22.0	NO	8170/3	71	HCC	14.848883048620236	1:DECEASED	239b4298-b090-480a-a19f-9758a827aa30	433df923-691a-41f8-8718-6f9783f59873	M0	N0	Stage I	T1	Hepatocellular Carcinoma	Liver	False	False	TCGA-LIHC	Hepatocellular Carcinoma	released	ASIAN	1	Primary Tumor	1	Female	2.3666666666666667	Dead	2006
hcc_tcga_gdc	TCGA-G3-A25Z	TCGA-G3-A25Z-01	58	7th	Liver	Hepatocellular Carcinoma	Hepatocellular Carcinoma	269	-21509	NA	5.917743367	0:DiseaseFree	Hepatocellular Carcinoma	NOT HISPANIC OR LATINO	0.3072	C22.0	NO	8170/3	60	HCC	21.517739816031536	0:LIVING	2f3d22ad-6917-4189-89d9-2a06c2d2de0a	6fa5e58b-6bc3-4b13-b76d-92bcb28dc908	M0	N0	Stage I	T1	Hepatocellular Carcinoma	Liver	False	False	TCGA-LIHC	Hepatocellular Carcinoma	released	ASIAN	1	Primary Tumor	1	Male	2.0	Alive	2010
hcc_tcga_gdc	TCGA-G3-A3CG	TCGA-G3-A3CG-01	80	7th	Liver	Hepatocellular Carcinoma	Hepatocellular Carcinoma	254	-29432	NA	10.81	1:Recurred/Progressed	Hepatocellular Carcinoma	NOT HISPANIC OR LATINO	0.2015	C22.0	NO	8170/3	86	HCC	22.109067017082786	0:LIVING	8a14d153-bbf7-4512-a067-976edfb65f91	d02deece-d8bc-4614-ac26-60a4282fdb07	M0	N0	Stage I	T1	Hepatocellular Carcinoma	Liver	True	True	TCGA-LIHC	Hepatocellular Carcinoma	released	WHITE	1	Primary Tumor	1	Male	2.8666666666666667	Alive	2011
hcc_tcga_gdc	TCGA-G3-A3CH	TCGA-G3-A3CH-01	53	7th	Liver	Hepatocellular Carcinoma	Hepatocellular Carcinoma	193	-19473	NA	19.23266594	0:DiseaseFree	Hepatocellular Carcinoma	NOT HISPANIC OR LATINO	0.1314	C22.0	NO	8170/3	35	HCC	25.62417871222076	0:LIVING	3a2d7482-c246-411e-841f-71d96e353328	4621932d-aa60-4886-8ed4-3a34edd8baf4	M0	N0	Stage IIIA	T3a	Hepatocellular Carcinoma	Liver	False	False	TCGA-LIHC	Hepatocellular Carcinoma	released	ASIAN	1	Primary Tumor	1	Male	1.1666666666666667	Alive	2010
hcc_tcga_gdc	TCGA-G3-A3CI	TCGA-G3-A3CI-01	71	7th	Liver	Hepatocellular Carcinoma	Hepatocellular Carcinoma	180	-26224	NA	11.44097051	1:Recurred/Progressed	Hepatocellular Carcinoma	NOT HISPANIC OR LATINO	0.0164	C22.0	NO	8170/3	11	HCC	5.913272010512483	0:LIVING	b5465221-78fe-40a8-abec-bed600602dd4	2c1ac52f-293b-4cc1-9c90-2870cc4b14e1	M0	N0	Stage I	T1	Hepatocellular Carcinoma	Liver	False	False	TCGA-LIHC	Hepatocellular Carcinoma	released	WHITE	1	Primary Tumor	1	Male	0.36666666666666664	Alive	2011
hcc_tcga_gdc	TCGA-G3-A3CJ	TCGA-G3-A3CJ-01	52	7th	Liver	Hepatocellular Carcinoma	Hepatocellular Carcinoma	136	-19305	NA	10.12591643	1:Recurred/Progressed	Hepatocellular Carcinoma	NOT HISPANIC OR LATINO	0.1580	C22.0	NO	8170/3	359	HCC	19.513797634691194	0:LIVING	cb8f3c76-da86-4a1d-977c-44ab399b342a	a8ab7daf-079d-458b-ad09-a99306384864	M0	N0	Stage II	T2	Hepatocellular Carcinoma	Liver	False	False	TCGA-LIHC	Hepatocellular Carcinoma	released	AMERICAN INDIAN OR ALASKA NATIVE	1	Primary Tumor	1	Male	11.966666666666667	Alive	2011
hcc_tcga_gdc	TCGA-G3-A3CK	TCGA-G3-A3CK-01	61	7th	Liver	Hepatocellular Carcinoma	Hepatocellular Carcinoma	27	-22462	NA	15.87927804	1:Recurred/Progressed	Hepatocellular Carcinoma	NOT HISPANIC OR LATINO	0.0785	C22.0	NO	8170/3	194	HCC	19.21813403416557	0:LIVING	39eb1db0-2722-4af4-8254-d0e10256c64d	2f38c711-639f-4611-9076-dc99a1db8239	M0	N0	Stage I	T1	Hepatocellular Carcinoma	Liver	False	False	TCGA-LIHC	Hepatocellular Carcinoma	released	ASIAN	1	Primary Tumor	1	Male	6.4	Alive	2011
hcc_tcga_gdc	TCGA-G3-A5SI	TCGA-G3-A5SI-01	44	7th	Liver	Hepatocellular Carcinoma	Hepatocellular Carcinoma	447	-16126	768	20.41621462	0:DiseaseFree	Hepatocellular Carcinoma	NOT HISPANIC OR LATINO	0.3231	C22.0	NO	8170/3	24	HCC	25.229960578186596	1:DECEASED	14201da5-4446-47be-af72-120b7780c6bf	81ade549-b8a5-4cbe-9970-1be85c005002	M0	N0	Stage II	T2	Hepatocellular Carcinoma	Liver	False	False	TCGA-LIHC	Hepatocellular Carcinoma	released	ASIAN	1	Primary Tumor	1	Male	0.7666666666666667	Dead	2011
hcc_tcga_gdc	TCGA-G3-A5SJ	TCGA-G3-A5SJ-01	59	7th	Liver	Hepatocellular Carcinoma	Hepatocellular Carcinoma	364	-21848	NA	8.284840714	1:Recurred/Progressed	Hepatocellular Carcinoma	NOT HISPANIC OR LATINO	0.2127	C22.0	NO	8170/3	86	HCC	22.93035479632063	0:LIVING	2c8a1e74-33de-453f-8d1e-e226185e52fc	74a3b091-f6de-49fe-be1d-7e091348da2c	M0	NX	Stage I	T1	Hepatocellular Carcinoma	Liver	False	False	TCGA-LIHC	Hepatocellular Carcinoma	released	WHITE	1	Primary Tumor	1	Male	2.8666666666666667	Alive	2012
hcc_tcga_gdc	TCGA-G3-A5SK	TCGA-G3-A5SK-01	58	7th	Liver	Hepatocellular Carcinoma	Hepatocellular Carcinoma	302	-21320	NA	21.00798895	1:Recurred/Progressed	Hepatocellular Carcinoma	NOT HISPANIC OR LATINO	0.1327	C22.0	NO	8170/3	72	HCC	24.441524310118265	0:LIVING	24259d55-20ac-4359-861f-dcad7ad88cee	b245c6c9-405b-48c9-bcaa-02bcdf11bd2e	M0	NX	Stage I	T1	Hepatocellular Carcinoma	Liver	False	False	TCGA-LIHC	Hepatocellular Carcinoma	released	WHITE	1	Primary Tumor	1	Male	2.4	Alive	2012
hcc_tcga_gdc	TCGA-G3-A5SL	TCGA-G3-A5SL-01	70	7th	Liver	Hepatocellular Carcinoma	Hepatocellular Carcinoma	243	-25671	NA	14.69572936	0:DiseaseFree	Hepatocellular Carcinoma	NOT HISPANIC OR LATINO	0.1831	C22.0	NO	8170/3	113	HCC	20.40078843626807	0:LIVING	9a56d8a8-dadd-442e-bc09-732cd619aef7	5af5519d-73ee-481b-a47c-06f54dbd372f	M0	NX	Stage II	T2	Hepatocellular Carcinoma	Liver	False	False	TCGA-LIHC	Hepatocellular Carcinoma	released	WHITE	1	Primary Tumor	1	Male	3.7666666666666666	Alive	2012
hcc_tcga_gdc	TCGA-G3-A5SM	TCGA-G3-A5SM-01	58	7th	Liver	Hepatocellular Carcinoma	Hepatocellular Carcinoma	133	-21236	NA	9.632771148	1:Recurred/Progressed	Hepatocellular Carcinoma	NOT HISPANIC OR LATINO	0.2328	C22.0	NO	8170/3	94	HCC	17.082785808147175	0:LIVING	d397e70f-c174-4656-9b7e-5e4c00754410	8313a442-e572-476a-b96f-565b105834ea	M0	NX	Stage II	T2	Hepatocellular Carcinoma	Liver	False	False	TCGA-LIHC	Hepatocellular Carcinoma	released	WHITE	1	Primary Tumor	1	Male	3.1333333333333333	Alive	2012
hcc_tcga_gdc	TCGA-G3-A6UC	TCGA-G3-A6UC-01	65	7th	Liver	Hepatocellular Carcinoma	Hepatocellular Carcinoma	236	-23793	NA	11.86836309	0:DiseaseFree	Hepatocellular Carcinoma	NOT HISPANIC OR LATINO	0.2597	C22.0	NO	8170/3	98	HCC	22.043363994743757	0:LIVING	87aa894e-7676-40b7-9557-6541446d8cea	00c2eeb7-b822-4dbd-a127-98aad0c0f184	M0	N0	Stage IIIB	T3b	Hepatocellular Carcinoma	Liver	True	False	TCGA-LIHC	Hepatocellular Carcinoma	released	WHITE	1	Primary Tumor	1	Male	3.2666666666666666	Alive	2012
hcc_tcga_gdc	TCGA-G3-A7M5	TCGA-G3-A7M5-01	76	7th	Liver	Hepatocellular Carcinoma	Hepatocellular Carcinoma	0	-27963	NA	NA	NA	Hepatocellular Carcinoma	NOT HISPANIC OR LATINO	0.2683	C22.0	NO	8170/3	155	HCC	14.684625492772668	0:LIVING	869f8a17-bced-4002-bd60-99df84a03b93	738d9234-646f-431b-8ee3-661d2b3ca23b	MX	NX	Stage I	T1	Hepatocellular Carcinoma	Liver	False	False	TCGA-LIHC	Hepatocellular Carcinoma	released	ASIAN	1	Primary Tumor	1	Male	5.166666666666667	Alive	2013
hcc_tcga_gdc	TCGA-G3-A7M6	TCGA-G3-A7M6-01	60	7th	Liver	Hepatocellular Carcinoma	Hepatocellular Carcinoma	366	-22205	NA	1.841075714	0:DiseaseFree	Hepatocellular Carcinoma	NOT HISPANIC OR LATINO	0.2599	C22.0	NO	8170/3	76	HCC	20.76215505913272	0:LIVING	2681f83d-233f-4ea2-b5e6-3c05af81f123	33b4c69a-230a-4d4b-9d6b-5f1c28d7d25b	MX	NX	Stage I	T1	Hepatocellular Carcinoma	Liver	False	False	TCGA-LIHC	Hepatocellular Carcinoma	released	WHITE	1	Primary Tumor	1	Female	2.533333333333333	Alive	2013
hcc_tcga_gdc	TCGA-G3-A7M7	TCGA-G3-A7M7-01	65	7th	Liver	Hepatocellular Carcinoma	Hepatocellular Carcinoma	182	-24002	NA	15.78064898	0:DiseaseFree	Hepatocellular Carcinoma	NOT HISPANIC OR LATINO	0.0496	C22.0	NO	8170/3	NA	HCC	11.85939553219448	0:LIVING	3d048a45-3d5d-4563-acc8-3c662861f18a	fd7c8159-102b-4af5-ae93-4e468e54ec10	MX	NX	Stage I	T1	Hepatocellular Carcinoma	Liver	False	False	TCGA-LIHC	Hepatocellular Carcinoma	released	WHITE	1	Primary Tumor	1	Male	NA	Alive	2013
hcc_tcga_gdc	TCGA-G3-A7M8	TCGA-G3-A7M8-01	31	7th	Liver	Hepatocellular Carcinoma	Hepatocellular Carcinoma	0	-11527	NA	15.64914357	0:DiseaseFree	Hepatocellular Carcinoma	NOT HISPANIC OR LATINO	0.0000	C22.0	NO	8170/3	18	HCC	14.126149802890932	0:LIVING	01cc571c-a47c-4548-9c14-5e51c79b095b	957cbaf2-52d1-4102-a87e-f1d0d5687c17	MX	NX	Stage I	T1	Hepatocellular Carcinoma	Liver	False	False	TCGA-LIHC	Hepatocellular Carcinoma	released	ASIAN	1	Primary Tumor	1	Male	0.6	Alive	2013
hcc_tcga_gdc	TCGA-G3-A7M9	TCGA-G3-A7M9-01	70	7th	Liver	Hepatocellular Carcinoma	Hepatocellular Carcinoma	NA	-25588	56	1.61094125	1:Recurred/Progressed	Hepatocellular Carcinoma	NOT HISPANIC OR LATINO	0.4286	C22.0	NO	8170/3	98	HCC	1.8396846254927726	1:DECEASED	115b754d-8559-4f1d-af44-fcd8c2cef86a	0ffdd482-a87e-45bc-a39b-09f5c4f23b55	MX	NX	Stage IIIB	T3b	Hepatocellular Carcinoma	Liver	True	False	TCGA-LIHC	Hepatocellular Carcinoma	released	WHITE	1	Primary Tumor	1	Male	3.2666666666666666	Dead	2013
hcc_tcga_gdc	TCGA-G3-AAUZ	TCGA-G3-AAUZ-01	48	7th	Liver	Hepatocellular Carcinoma	Hepatocellular Carcinoma	342	-17760	NA	12.23000296	0:DiseaseFree	Hepatocellular Carcinoma	HISPANIC OR LATINO	0.2012	C22.0	NO	8170/3	67	HCC	15.768725361366622	0:LIVING	d74ddbe2-5860-40b1-9bd8-99cc50f3392d	7c4e023a-de49-4a4a-b4cf-26731b5650b2	M0	N0	Stage I	T1	Hepatocellular Carcinoma	Liver	False	False	TCGA-LIHC	Hepatocellular Carcinoma	released	NA	1	Primary Tumor	1	Male	2.2333333333333334	Alive	2013
hcc_tcga_gdc	TCGA-G3-AAV0	TCGA-G3-AAV0-01	58	7th	Liver	Hepatocellular Carcinoma	Hepatocellular Carcinoma	260	-21249	NA	13.54505704	0:DiseaseFree	Hepatocellular Carcinoma	NOT HISPANIC OR LATINO	0.1794	C22.0	NO	8170/3	151	HCC	15.637319316688567	0:LIVING	6e657705-8579-433b-af7a-b6155b599518	d4862074-e347-4318-a4a4-bf1878ead618	M0	N0	Stage I	T1	Hepatocellular Carcinoma	Liver	False	False	TCGA-LIHC	Hepatocellular Carcinoma	released	ASIAN	1	Primary Tumor	1	Male	5.033333333333333	Alive	2013
hcc_tcga_gdc	TCGA-G3-AAV1	TCGA-G3-AAV1-01	51	7th	Liver	Hepatocellular Carcinoma	Hepatocellular Carcinoma	NA	-18973	359	0.887661505	0:DiseaseFree	Hepatocellular Carcinoma	NOT HISPANIC OR LATINO	0.3863	C22.0	NO	8170/3	42	HCC	11.793692509855452	1:DECEASED	ee6d81bf-0470-4652-aff0-d85f6ab67626	ad535210-07ee-41a5-b9f7-8548e41df779	M0	N0	Stage IIIC	T4	Hepatocellular Carcinoma	Liver	False	False	TCGA-LIHC	Hepatocellular Carcinoma	released	ASIAN	1	Primary Tumor	1	Male	1.4	Dead	2013
hcc_tcga_gdc	TCGA-G3-AAV2	TCGA-G3-AAV2-01	50	7th	Liver	Hepatocellular Carcinoma	Hepatocellular Carcinoma	295	-18363	NA	3.846533189	1:Recurred/Progressed	Hepatocellular Carcinoma	NOT HISPANIC OR LATINO	0.2131	C22.0	NO	8170/3	41	HCC	12.220762155059132	0:LIVING	1724c96a-2aa3-43d4-992a-08af948c0f45	a82bc212-23ad-4e9b-af92-653f4b3c9df4	M0	N0	Stage I	T1	Hepatocellular Carcinoma	Liver	False	False	TCGA-LIHC	Hepatocellular Carcinoma	released	WHITE	1	Primary Tumor	1	Male	1.3666666666666667	Alive	2013
hcc_tcga_gdc	TCGA-G3-AAV3	TCGA-G3-AAV3-01	58	7th	Liver	Hepatocellular Carcinoma	Hepatocellular Carcinoma	279	-21449	NA	1.44655949	1:Recurred/Progressed	Hepatocellular Carcinoma	NOT HISPANIC OR LATINO	0.1794	C22.0	NO	8170/3	76	HCC	13.534822601839684	0:LIVING	efc865fd-7c74-4361-9d7a-eef923dbcd24	b0d2fd7c-04e8-459b-80ee-e7f786f163d1	M0	N0	Stage II	T2	Hepatocellular Carcinoma	Liver	False	False	TCGA-LIHC	Hepatocellular Carcinoma	released	WHITE	1	Primary Tumor	1	Female	2.533333333333333	Alive	2013
hcc_tcga_gdc	TCGA-G3-AAV4	TCGA-G3-AAV4-01	83	7th	Liver	Hepatocellular Carcinoma	Hepatocellular Carcinoma	NA	-30466	27	11.86836309	0:DiseaseFree	Hepatocellular Carcinoma	NOT HISPANIC OR LATINO	0.3770	C22.0	NO	8170/3	88	HCC	0.8869908015768725	1:DECEASED	0955d871-5413-4ab2-8fdf-b4feb3aeef5d	076a7d31-e804-4637-b23e-d0e30d32bed4	M0	N0	Stage I	T1	Hepatocellular Carcinoma	Liver	False	False	TCGA-LIHC	Hepatocellular Carcinoma	released	WHITE	1	Primary Tumor	1	Female	2.933333333333333	Dead	2012
hcc_tcga_gdc	TCGA-G3-AAV5	TCGA-G3-AAV5-01	67	7th	Liver	Hepatocellular Carcinoma	Hepatocellular Carcinoma	266	-24655	NA	NA	NA	Hepatocellular Carcinoma	NOT HISPANIC OR LATINO	0.2763	C22.0	NO	8170/3	60	HCC	11.629434954007884	0:LIVING	4dff4242-4a53-4f46-b200-7ed83f6b7808	4e8b5c38-4e61-4f34-9255-da81ff5db4b7	M0	N0	Stage II	T2	Hepatocellular Carcinoma	Liver	False	False	TCGA-LIHC	Hepatocellular Carcinoma	released	WHITE	1	Primary Tumor	1	Male	2.0	Alive	2013
hcc_tcga_gdc	TCGA-G3-AAV6	TCGA-G3-AAV6-01	53	7th	Liver	Hepatocellular Carcinoma	Hepatocellular Carcinoma	NA	-19556	65	NA	NA	Hepatocellular Carcinoma	NOT HISPANIC OR LATINO	0.6703	C22.0	NO	8170/3	54	HCC	2.135348226018397	1:DECEASED	a6733fa1-030a-45ed-9c24-0e64164d4998	df60f0b3-aa75-41ac-9921-fe3bbc3998eb	M0	N0	Stage IIIA	T3a	Hepatocellular Carcinoma	Liver	False	False	TCGA-LIHC	Hepatocellular Carcinoma	released	WHITE	1	Primary Tumor	1	Female	1.8	Dead	2013
hcc_tcga_gdc	TCGA-G3-AAV7	TCGA-G3-AAV7-01	38	7th	Liver	Hepatocellular Carcinoma	Hepatocellular Carcinoma	92	-14229	NA	2.202715587	0:DiseaseFree	Hepatocellular Carcinoma	NOT HISPANIC OR LATINO	0.4777	C22.0	NO	8170/3	65	HCC	11.85939553219448	0:LIVING	5d259f26-3bef-4fe4-948b-495183f5f8be	5cdd976b-bb2b-47a9-a745-ad446797ac34	M0	N0	Stage II	T2	Hepatocellular Carcinoma	Liver	False	False	TCGA-LIHC	Hepatocellular Carcinoma	released	ASIAN	1	Primary Tumor	1	Male	2.1666666666666665	Alive	2013
hcc_tcga_gdc	TCGA-GJ-A3OU	TCGA-GJ-A3OU-01	59	7th	Liver	Hepatocellular Carcinoma	Hepatocellular Carcinoma	697	-21671	NA	2.991748036	0:DiseaseFree	Hepatocellular Carcinoma	NOT HISPANIC OR LATINO	0.1656	C22.0	NO	8174/3	50	HCC	28.876478318002626	0:LIVING	fb2abc2a-ecf1-4184-912f-26a649f861ff	fe863395-3ebb-45c5-aab9-b0181906c89c	MX	NX	Stage I	T1	Hepatocellular Carcinoma	Liver	False	False	TCGA-LIHC	Hepatocellular Carcinoma	released	WHITE	1	Primary Tumor	1	Male	1.6666666666666667	Alive	2011
hcc_tcga_gdc	TCGA-GJ-A6C0	TCGA-GJ-A6C0-01	75	7th	Liver	Hepatocellular Carcinoma	Hepatocellular Carcinoma	NA	-27626	31	5.884867015	1:Recurred/Progressed	Hepatocellular Carcinoma	NOT HISPANIC OR LATINO	0.1569	C22.0	NO	8170/3	38	HCC	1.0183968462549278	1:DECEASED	1b326242-4be6-4f05-b5fb-07ed76b49850	9d33dab1-ce73-42c6-b504-42e127839882	MX	NX	Stage II	T2	Hepatocellular Carcinoma	Liver	False	False	TCGA-LIHC	Hepatocellular Carcinoma	released	WHITE	1	Primary Tumor	1	Female	1.2666666666666666	Dead	2012
hcc_tcga_gdc	TCGA-GJ-A9DB	TCGA-GJ-A9DB-01	68	7th	Liver	Hepatocellular Carcinoma	Hepatocellular Carcinoma	NA	-25020	67	6.739652168	1:Recurred/Progressed	Hepatocellular Carcinoma	NOT HISPANIC OR LATINO	0.1393	C22.0	NO	8170/3	59	HCC	2.2010512483574245	1:DECEASED	45f00f00-d793-4dca-aeb9-7626d4575c90	ee280cfa-626f-4d7b-a51f-c5dd82635d43	MX	N0	Stage I	T1	Hepatocellular Carcinoma	Liver	False	False	TCGA-LIHC	Hepatocellular Carcinoma	released	WHITE	1	Primary Tumor	1	Male	1.9666666666666666	Dead	2013
hcc_tcga_gdc	TCGA-HP-A5MZ	TCGA-HP-A5MZ-01	62	6th	Liver	Hepatocellular Carcinoma	Hepatocellular Carcinoma	NA	-22702	91	17.06282671	0:DiseaseFree	Hepatocellular Carcinoma	NA	0.0822	C22.0	NO	8170/3	42	HCC	2.9894875164257555	1:DECEASED	2d00f09f-0074-46c8-b357-b5f33567762a	9ec5013e-aabb-487a-87d7-49b4b6bd0f6a	M0	NX	Stage I	T1	Hepatocellular Carcinoma	Liver	False	False	TCGA-LIHC	Hepatocellular Carcinoma	released	NA	1	Primary Tumor	1	Male	1.4	Dead	NA
hcc_tcga_gdc	TCGA-HP-A5N0	TCGA-HP-A5N0-01	87	6th	Liver	Hepatocellular Carcinoma	Hepatocellular Carcinoma	NA	-32120	752	NA	NA	Hepatocellular Carcinoma	NA	0.1743	C22.0	NO	8174/3	109	HCC	24.704336399474375	1:DECEASED	7f8e25d4-6021-4327-96ab-79b6fcc97a24	26dc1e14-4925-4258-8e46-1d52dfdd1b4f	M0	NX	NA	TX	Hepatocellular Carcinoma	Liver	False	False	TCGA-LIHC	Hepatocellular Carcinoma	released	NA	1	Primary Tumor	1	Female	3.6333333333333333	Dead	NA
hcc_tcga_gdc	TCGA-K7-A5RF	TCGA-K7-A5RF-01	64	7th	Liver	Hepatocellular Carcinoma	Hepatocellular Carcinoma	240	-23557	NA	NA	NA	Hepatocellular Carcinoma	NOT HISPANIC OR LATINO	0.0003	C22.0	NO	8170/3	41	HCC	20.729303547963205	0:LIVING	3134f7d1-3359-497a-b8be-1f317d8ddaaa	2fa93cb3-45bd-492c-b254-64bb0c9dddd9	MX	NX	Stage I	T1	Hepatocellular Carcinoma	Liver	False	False	TCGA-LIHC	Hepatocellular Carcinoma	released	WHITE	1	Primary Tumor	1	Male	1.3666666666666667	Alive	2012
hcc_tcga_gdc	TCGA-K7-A5RG	TCGA-K7-A5RG-01	66	7th	Liver	Hepatocellular Carcinoma	Hepatocellular Carcinoma	120	-24218	NA	2.136962883	0:DiseaseFree	Hepatocellular Carcinoma	NOT HISPANIC OR LATINO	0.0021	C22.0	NO	8170/3	102	HCC	17.04993429697766	0:LIVING	4fd3ed02-7b66-47bf-8b92-31fee1093a87	3add537e-0692-4d5c-9c32-1341adcb3bfa	MX	NX	Stage I	T1	Hepatocellular Carcinoma	Liver	False	False	TCGA-LIHC	Hepatocellular Carcinoma	released	BLACK OR AFRICAN AMERICAN	1	Primary Tumor	1	Male	3.4	Alive	2012
hcc_tcga_gdc	TCGA-K7-A6G5	TCGA-K7-A6G5-01	66	7th	Liver	Hepatocellular Carcinoma	Hepatocellular Carcinoma	122	-24233	NA	27.25449584	0:DiseaseFree	Hepatocellular Carcinoma	NOT HISPANIC OR LATINO	0.1585	C22.0	NO	8170/3	60	HCC	16.819973718791065	0:LIVING	81eddcda-0069-4652-9dc6-8aac89cba1ff	63a726a2-46cd-48dc-bab7-195b16fb0f25	MX	N0	Stage I	T1	Hepatocellular Carcinoma	Liver	False	False	TCGA-LIHC	Hepatocellular Carcinoma	released	WHITE	1	Primary Tumor	1	Male	2.0	Alive	2013
hcc_tcga_gdc	TCGA-K7-AAU7	TCGA-K7-AAU7-01	61	7th	Liver	Hepatocellular Carcinoma	Hepatocellular Carcinoma	113	-22476	NA	7.857448138	1:Recurred/Progressed	Hepatocholangiocarcinoma (Mixed)	NOT HISPANIC OR LATINO	0.1318	C22.0	NO	8180/3	61	HCC	11.793692509855452	0:LIVING	1eacfcc0-1d05-4441-b3d8-b0790e1c40f1	6e0902dd-f307-4354-9f61-47a9d97fa77f	MX	NX	Stage II	T2a	Hepatocholangiocarcinoma (Mixed)	Liver	False	False	TCGA-LIHC	Hepatocellular Carcinoma	released	WHITE	1	Primary Tumor	1	Male	2.033333333333333	Alive	2013
hcc_tcga_gdc	TCGA-KR-A7K0	TCGA-KR-A7K0-01	65	7th	Liver	Hepatocellular Carcinoma	Hepatocellular Carcinoma	NA	-23974	65	29.78597495	0:DiseaseFree	Hepatocellular Carcinoma	NA	0.0399	C22.0	NO	8170/3	79	HCC	2.135348226018397	1:DECEASED	5a7706ba-3cea-41eb-b78a-fd69206daa93	cbd70f3d-2af2-4645-bd83-aed0d0857083	M0	N0	Stage I	T1	Hepatocellular Carcinoma	Liver	True	False	TCGA-LIHC	Hepatocellular Carcinoma	released	WHITE	1	Primary Tumor	1	Male	2.6333333333333333	Dead	2013
hcc_tcga_gdc	TCGA-KR-A7K2	TCGA-KR-A7K2-01	64	7th	Liver	Hepatocellular Carcinoma	Hepatocellular Carcinoma	360	-23699	NA	12.72314824	0:DiseaseFree	Hepatocholangiocarcinoma (Mixed)	NA	0.5736	C22.0	NO	8180/3	42	HCC	27.233902759526938	0:LIVING	fbb398fe-2ba8-4845-8083-6533ecb4a52e	97843db5-32bd-4b54-8397-d5315d0922ec	M0	N0	Stage I	T1	Hepatocholangiocarcinoma (Mixed)	Liver	False	False	TCGA-LIHC	Hepatocellular Carcinoma	released	WHITE	1	Primary Tumor	1	Male	1.4	Alive	2013
hcc_tcga_gdc	TCGA-KR-A7K7	TCGA-KR-A7K7-01	61	7th	Liver	Hepatocellular Carcinoma	Hepatocellular Carcinoma	407	-22587	NA	13.97244962	0:DiseaseFree	Hepatocellular Carcinoma	NA	0.5151	C22.0	NO	8170/3	51	HCC	31.24178712220762	0:LIVING	7ba3d8f1-0c26-4c49-8d6b-0f2875b58daf	f178cc5c-525a-418b-a868-fa6e7c50947c	M0	N0	Stage II	T2	Hepatocellular Carcinoma	Liver	True	False	TCGA-LIHC	Hepatocellular Carcinoma	released	WHITE	1	Primary Tumor	1	Female	1.7	Alive	2012
hcc_tcga_gdc	TCGA-KR-A7K8	TCGA-KR-A7K8-01	57	7th	Liver	Hepatocellular Carcinoma	Hepatocellular Carcinoma	741	-20914	NA	12.03274485	0:DiseaseFree	Hepatocellular Carcinoma	NA	0.1659	C22.0	NO	8170/3	39	HCC	29.7634691195795	0:LIVING	4b0e544c-4090-4ebb-b3e5-2623aa91356c	30f43a40-040f-4c42-a84e-0ba7ec9c8945	M0	N0	Stage I	T1	Hepatocellular Carcinoma	Liver	False	False	TCGA-LIHC	Hepatocellular Carcinoma	released	NA	1	Primary Tumor	1	Male	1.3	Alive	2012
hcc_tcga_gdc	TCGA-LG-A6GG	TCGA-LG-A6GG-01	79	7th	Liver	Hepatocellular Carcinoma	Hepatocellular Carcinoma	15	-28871	NA	9.567018444	0:DiseaseFree	Hepatocellular Carcinoma	NOT HISPANIC OR LATINO	0.5239	C22.0	NO	8170/3	159	HCC	12.713534822601838	0:LIVING	c618da6d-3c66-4a6a-8832-3526a3b75410	18000b40-b2e5-4c32-81fe-c7c208e99f33	M0	NX	Stage II	T2	Hepatocellular Carcinoma	Liver	True	False	TCGA-LIHC	Hepatocellular Carcinoma	released	WHITE	1	Primary Tumor	1	Female	5.3	Alive	2013
hcc_tcga_gdc	TCGA-LG-A9QC	TCGA-LG-A9QC-01	48	7th	Liver	Hepatocellular Carcinoma	Hepatocellular Carcinoma	180	-17842	NA	16.66831048	0:DiseaseFree	Hepatocellular Carcinoma	NOT HISPANIC OR LATINO	0.2755	C22.0	NO	8170/3	43	HCC	13.961892247043364	0:LIVING	8c2783ef-aa41-44c9-be87-fa4c84108f1e	c8b18401-ab61-4925-a022-62b5f7190139	M0	NX	Stage I	T1	Hepatocellular Carcinoma	Liver	False	False	TCGA-LIHC	Hepatocellular Carcinoma	released	WHITE	1	Primary Tumor	1	Male	1.4333333333333333	Alive	2013
hcc_tcga_gdc	TCGA-LG-A9QD	TCGA-LG-A9QD-01	68	7th	Liver	Hepatocellular Carcinoma	Hepatocellular Carcinoma	130	-24969	NA	22.94769372	0:DiseaseFree	Hepatocellular Carcinoma	HISPANIC OR LATINO	0.1004	C22.0	NO	8170/3	86	HCC	12.02365308804205	0:LIVING	948a9bbc-60b0-4fb7-a707-76bc41294217	3b829cbd-1abb-41f8-9633-597e6b79e362	M0	N0	Stage IIIA	T3a	Hepatocellular Carcinoma	Liver	False	False	TCGA-LIHC	Hepatocellular Carcinoma	released	WHITE	1	Primary Tumor	1	Male	2.8666666666666667	Alive	2013
hcc_tcga_gdc	TCGA-MI-A75C	TCGA-MI-A75C-01	64	7th	Liver	Hepatocellular Carcinoma	Hepatocellular Carcinoma	291	-23441	NA	9.895781964	1:Recurred/Progressed	Hepatocellular Carcinoma	NOT HISPANIC OR LATINO	0.1391	C22.0	NO	8170/3	101	HCC	9.559789750328514	0:LIVING	a6c0def6-7649-485a-a679-50dafb5eade5	db785f76-45d8-49b5-af40-57b01eebcc1b	M0	N0	Stage I	T1	Hepatocellular Carcinoma	Liver	False	False	TCGA-LIHC	Hepatocellular Carcinoma	released	WHITE	1	Primary Tumor	1	Male	3.3666666666666667	Alive	2012
hcc_tcga_gdc	TCGA-MI-A75E	TCGA-MI-A75E-01	61	7th	Liver	Hepatocellular Carcinoma	Hepatocellular Carcinoma	155	-22457	NA	8.712233291	1:Recurred/Progressed	Hepatocellular Carcinoma	NOT HISPANIC OR LATINO	0.1510	C22.0	NO	8170/3	100	HCC	16.655716162943495	0:LIVING	010d5817-9a3f-4a06-8643-653116c044ff	63552745-eb7f-4948-a552-05b77f645de4	M0	N0	Stage IIIC	T4	Hepatocellular Carcinoma	Liver	False	False	TCGA-LIHC	Hepatocellular Carcinoma	released	WHITE	1	Primary Tumor	1	Male	3.3333333333333335	Alive	2013
hcc_tcga_gdc	TCGA-MI-A75G	TCGA-MI-A75G-01	63	7th	Liver	Hepatocellular Carcinoma	Hepatocellular Carcinoma	433	-23284	NA	NA	NA	Hepatocellular Carcinoma	NOT HISPANIC OR LATINO	0.4746	C22.0	NO	8170/3	192	HCC	22.93035479632063	0:LIVING	22dd3876-1f2c-4ddd-8fae-f5fb820993ba	688494f9-f573-4d02-a4a1-11341076e1fb	M0	N0	Stage II	T2	Hepatocellular Carcinoma	Liver	False	False	TCGA-LIHC	Hepatocellular Carcinoma	released	WHITE	1	Primary Tumor	1	Male	6.433333333333334	Alive	2012
hcc_tcga_gdc	TCGA-MI-A75H	TCGA-MI-A75H-01	77	7th	Liver	Hepatocellular Carcinoma	Hepatocellular Carcinoma	391	-28371	NA	NA	NA	Hepatocellular Carcinoma	NOT HISPANIC OR LATINO	0.1575	C22.0	NO	8170/3	105	HCC	24.540078843626805	0:LIVING	f3f6ba92-c68f-4313-99f4-0281272e02b6	637339c3-46aa-4e37-82c8-09ef2b18cf9c	MX	NX	NA	NA	Hepatocellular Carcinoma	Liver	True	False	TCGA-LIHC	Hepatocellular Carcinoma	released	WHITE	1	Primary Tumor	1	Male	3.5	Alive	2012
hcc_tcga_gdc	TCGA-MI-A75I	TCGA-MI-A75I-01	61	7th	Liver	Hepatocellular Carcinoma	Hepatocellular Carcinoma	265	-22341	NA	3.484893316	1:Recurred/Progressed	Hepatocellular Carcinoma	NOT HISPANIC OR LATINO	0.3171	C22.0	NO	8170/3	146	HCC	20.69645203679369	0:LIVING	55e53229-c58f-4922-8869-0f5e2f6c2d7d	f43f95a7-29d8-499a-b8ea-f2a2edd906f9	MX	NX	NA	T2	Hepatocellular Carcinoma	Liver	False	False	TCGA-LIHC	Hepatocellular Carcinoma	released	BLACK OR AFRICAN AMERICAN	1	Primary Tumor	1	Male	4.833333333333333	Alive	2011
hcc_tcga_gdc	TCGA-MR-A520	TCGA-MR-A520-01	58	7th	Liver	Hepatocellular Carcinoma	Hepatocellular Carcinoma	19	-21398	NA	26.26820528	0:DiseaseFree	Hepatocellular Carcinoma	NOT HISPANIC OR LATINO	0.0000	C22.0	NO	8170/3	14	HCC	7.522996057818659	0:LIVING	25e893ad-a0fd-45ae-9aa9-9bcd7c2ec8e5	d7f0e432-c20b-4b2b-8d73-2a235f339be7	MX	NX	Stage I	T1	Hepatocellular Carcinoma	Liver	False	False	TCGA-LIHC	Hepatocellular Carcinoma	released	WHITE	1	Primary Tumor	1	Male	0.4666666666666667	Alive	2012
hcc_tcga_gdc	TCGA-MR-A8JO	TCGA-MR-A8JO-01	34	7th	Liver	Hepatocellular Carcinoma	Hepatocellular Carcinoma	52	-12669	NA	NA	NA	Fibrolamellar Carcinoma	NA	0.1381	C22.0	NO	8171/3	26	HCC	10.840998685939553	0:LIVING	8574d285-e02a-4d2b-931b-73556a9fda02	f2b89e54-ec4d-4c0a-95db-2435412a7254	MX	N0	Stage I	T1	Fibrolamellar Carcinoma	Liver	False	False	TCGA-LIHC	Hepatocellular Carcinoma	released	WHITE	1	Primary Tumor	1	Male	0.8666666666666667	Alive	2013
hcc_tcga_gdc	TCGA-NI-A4U2	TCGA-NI-A4U2-01	71	6th	Liver	Hepatocellular Carcinoma	Hepatocellular Carcinoma	NA	-26011	1791	NA	NA	Hepatocellular Carcinoma	NOT HISPANIC OR LATINO	0.1263	C22.0	NO	8170/3	99	HCC	58.83705650459921	1:DECEASED	9aea3437-572a-48c6-beb9-9bdbcb243875	83e8cddf-0a86-4fed-96ea-0ea1c39ceec5	MX	NX	Stage IIIA	T3	Hepatocellular Carcinoma	Liver	False	False	TCGA-LIHC	Hepatocellular Carcinoma	released	WHITE	1	Primary Tumor	1	Male	3.3	Dead	2005
hcc_tcga_gdc	TCGA-NI-A8LF	TCGA-NI-A8LF-01	74	7th	Liver	Hepatocellular Carcinoma	Hepatocellular Carcinoma	498	-27162	NA	NA	NA	Hepatocellular Carcinoma	NOT HISPANIC OR LATINO	0.4444	C22.0	NO	8170/3	84	HCC	26.248357424441522	0:LIVING	420dc176-e9a8-484b-bfa3-1b84e039c26b	74f6a3da-57d7-4b32-8ef2-186bd131f3b0	MX	NX	Stage I	T1	Hepatocellular Carcinoma	Liver	False	False	TCGA-LIHC	Hepatocellular Carcinoma	released	WHITE	1	Primary Tumor	1	Male	2.8	Alive	2012
hcc_tcga_gdc	TCGA-O8-A75V	TCGA-O8-A75V-01	54	7th	Liver	Hepatocellular Carcinoma	Hepatocellular Carcinoma	135	-19850	NA	0.0	0:DiseaseFree	Hepatocellular Carcinoma	HISPANIC OR LATINO	0.2403	C22.0	NO	8170/3	64	HCC	17.67411300919842	0:LIVING	76cc9c06-0827-465e-bab3-5f4115295ebe	2953eefa-b97d-4328-90e1-5f991e2c2713	MX	NX	Stage I	T1	Hepatocellular Carcinoma	Liver	False	False	TCGA-LIHC	Hepatocellular Carcinoma	released	NA	1	Primary Tumor	1	Male	2.1333333333333333	Alive	2013
hcc_tcga_gdc	TCGA-PD-A5DF	TCGA-PD-A5DF-01	58	6th	Liver	Hepatocellular Carcinoma	Hepatocellular Carcinoma	NA	-21414	639	NA	NA	Hepatocellular Carcinoma	NOT HISPANIC OR LATINO	0.1814	C22.0	NO	8170/3	37	HCC	20.992115637319316	1:DECEASED	1987b453-f97d-45c7-9c89-b9a33313d645	0b88d087-50fb-4893-ae37-2fc5990a5b15	M0	N0	Stage IIIB	T4	Hepatocellular Carcinoma	Liver	False	False	TCGA-LIHC	Hepatocellular Carcinoma	released	WHITE	1	Primary Tumor	1	Female	1.2333333333333334	Dead	2007
hcc_tcga_gdc	TCGA-QA-A7B7	TCGA-QA-A7B7-01	48	7th	Liver	Hepatocellular Carcinoma	Hepatocellular Carcinoma	62	-17636	NA	NA	NA	Hepatocellular Carcinoma	NOT HISPANIC OR LATINO	0.2469	C22.0	NO	8170/3	69	HCC	3.088042049934297	0:LIVING	b0952fd6-62ee-44ef-9a2a-e5262ed4721a	82d635ac-27d1-4aad-bc9c-d52885345163	MX	NX	Stage II	T2	Hepatocellular Carcinoma	Liver	False	False	TCGA-LIHC	Hepatocellular Carcinoma	released	BLACK OR AFRICAN AMERICAN	1	Primary Tumor	1	Male	2.3	Alive	2013
hcc_tcga_gdc	TCGA-RC-A6M3	TCGA-RC-A6M3-01	24	6th	Liver	Hepatocellular Carcinoma	Hepatocellular Carcinoma	0	-8899	NA	NA	NA	Hepatocellular Carcinoma	NA	0.5169	C22.0	NO	8170/3	60	HCC	0.0	0:LIVING	c6a74db2-cf97-4c7b-be8c-557ee27e1d43	642ac714-e100-4da6-a696-0cf9465a10b4	M0	N0	Stage II	T2	Hepatocellular Carcinoma	Liver	False	False	TCGA-LIHC	Hepatocellular Carcinoma	released	AMERICAN INDIAN OR ALASKA NATIVE	1	Primary Tumor	1	Male	2.0	Alive	2009
hcc_tcga_gdc	TCGA-RC-A6M4	TCGA-RC-A6M4-01	74	7th	Liver	Hepatocellular Carcinoma	Hepatocellular Carcinoma	22	-27327	NA	21.04086531	0:DiseaseFree	Hepatocellular Carcinoma	NOT HISPANIC OR LATINO	0.3838	C22.0	NO	8170/3	146	HCC	0.7227332457293035	0:LIVING	2d1dc64d-27de-4c83-a7fa-88da5b48bf24	81585e57-7e85-44bb-88be-f2764e35269d	MX	NX	Stage IIIA	T3	Hepatocellular Carcinoma	Liver	False	False	TCGA-LIHC	Hepatocellular Carcinoma	released	WHITE	1	Primary Tumor	1	Female	4.833333333333333	Alive	2010
hcc_tcga_gdc	TCGA-RC-A6M5	TCGA-RC-A6M5-01	20	7th	Liver	Hepatocellular Carcinoma	Hepatocellular Carcinoma	15	-7634	NA	19.331295	0:DiseaseFree	Fibrolamellar Carcinoma	NA	0.0325	C22.0	NO	8171/3	17	HCC	0.49277266754270693	0:LIVING	d504ee30-6955-4a7b-9311-55ad3decadd5	60914737-d016-4c0d-bc54-f5fbfde78adb	M0	N1	Stage IVA	T1	Fibrolamellar Carcinoma	Liver	False	False	TCGA-LIHC	Hepatocellular Carcinoma	released	WHITE	1	Primary Tumor	1	Female	0.5666666666666667	Alive	2012
hcc_tcga_gdc	TCGA-RC-A6M6	TCGA-RC-A6M6-01	75	7th	Liver	Hepatocellular Carcinoma	Hepatocellular Carcinoma	9	-27649	NA	16.50392872	1:Recurred/Progressed	Hepatocellular Carcinoma	NOT HISPANIC OR LATINO	0.2706	C22.0	NO	8170/3	164	HCC	0.2956636005256242	0:LIVING	a62f065e-7491-493a-87b3-d213cd87091d	9dc8f8f5-bfec-48df-9ce8-ee9526c6a4d8	M0	NX	Stage II	T2	Hepatocellular Carcinoma	Liver	False	False	TCGA-LIHC	Hepatocellular Carcinoma	released	WHITE	1	Primary Tumor	1	Male	5.466666666666667	Alive	2011
hcc_tcga_gdc	TCGA-RC-A7S9	TCGA-RC-A7S9-01	47	7th	Liver	Hepatocellular Carcinoma	Hepatocellular Carcinoma	640	-17403	NA	2.991748036	1:Recurred/Progressed	Hepatocellular Carcinoma	NOT HISPANIC OR LATINO	0.1609	C22.0	NO	8170/3	49	HCC	21.02496714848883	0:LIVING	f5de6712-4de4-43de-8eb5-ec2a798c8438	d70c86b2-d403-4cb3-a381-076819b5b414	M0	N0	Stage I	T1	Hepatocellular Carcinoma	Liver	False	False	TCGA-LIHC	Hepatocellular Carcinoma	released	ASIAN	1	Primary Tumor	1	Female	1.6333333333333333	Alive	2012
hcc_tcga_gdc	TCGA-RC-A7SB	TCGA-RC-A7SB-01	53	7th	Liver	Hepatocellular Carcinoma	Hepatocellular Carcinoma	588	-19698	NA	10.25742184	1:Recurred/Progressed	Hepatocellular Carcinoma	NOT HISPANIC OR LATINO	0.1813	C22.0	NO	8170/3	48	HCC	19.316688567674113	0:LIVING	26d93d77-ab66-45aa-a162-98d091221afb	a3f87572-a82e-4cd9-821d-a1ea2caf867c	M0	N0	Stage II	T2	Hepatocellular Carcinoma	Liver	False	False	TCGA-LIHC	Hepatocellular Carcinoma	released	ASIAN	1	Primary Tumor	1	Male	1.6	Alive	2012
hcc_tcga_gdc	TCGA-RC-A7SF	TCGA-RC-A7SF-01	66	7th	Liver	Hepatocellular Carcinoma	Hepatocellular Carcinoma	579	-24432	NA	36.09823454	0:DiseaseFree	Hepatocellular Carcinoma	NOT HISPANIC OR LATINO	0.2589	C22.0	NO	8170/3	68	HCC	19.021024967148488	0:LIVING	714a6878-ed2a-47f3-9755-b705ac144d68	ffaa3256-0dc7-4e99-9ed5-cac165f3750e	M0	N0	Stage I	T1	Hepatocellular Carcinoma	Liver	False	False	TCGA-LIHC	Hepatocellular Carcinoma	released	ASIAN	1	Primary Tumor	1	Male	2.2666666666666666	Alive	2012
hcc_tcga_gdc	TCGA-RC-A7SH	TCGA-RC-A7SH-01	42	7th	Liver	Hepatocellular Carcinoma	Hepatocellular Carcinoma	468	-15560	NA	NA	NA	Hepatocellular Carcinoma	NOT HISPANIC OR LATINO	0.4277	C22.0	NO	8174/3	55	HCC	15.374507227332456	0:LIVING	32a98b3d-4cbd-4dcc-ac71-428fafc5e1c3	4006aaa4-b2ec-47fe-b35a-319d16e30dd0	M0	N0	Stage II	T2	Hepatocellular Carcinoma	Liver	False	False	TCGA-LIHC	Hepatocellular Carcinoma	released	ASIAN	1	Primary Tumor	1	Male	1.8	Alive	2012
hcc_tcga_gdc	TCGA-RC-A7SK	TCGA-RC-A7SK-01	59	7th	Liver	Hepatocellular Carcinoma	Hepatocellular Carcinoma	472	-21814	NA	1.578064898	1:Recurred/Progressed	Hepatocellular Carcinoma	NOT HISPANIC OR LATINO	0.3085	C22.0	NO	8170/3	110	HCC	15.505913272010512	0:LIVING	acfd58eb-c546-49c3-a846-684f22428219	97c393d9-bb30-4504-8621-fd7827b6cd16	M0	N0	Stage I	T1	Hepatocellular Carcinoma	Liver	False	False	TCGA-LIHC	Hepatocellular Carcinoma	released	ASIAN	1	Primary Tumor	1	Male	3.6333333333333333	Alive	2013
hcc_tcga_gdc	TCGA-RG-A7D4	TCGA-RG-A7D4-01	69	7th	Liver	Hepatocellular Carcinoma	Hepatocellular Carcinoma	734	-25302	NA	11.80261038	1:Recurred/Progressed	Hepatocellular Carcinoma	NOT HISPANIC OR LATINO	0.4472	C22.0	NO	8170/3	80	HCC	36.070959264126145	0:LIVING	08cbbb39-d05a-48b0-a966-5212c5923c8b	20a2b10b-b7e3-4fe3-b8b6-ecbd4e91c5eb	M0	N0	Stage II	T2	Hepatocellular Carcinoma	Liver	False	False	TCGA-LIHC	Hepatocellular Carcinoma	released	BLACK OR AFRICAN AMERICAN	1	Primary Tumor	1	Male	2.6666666666666665	Alive	2012
hcc_tcga_gdc	TCGA-T1-A6J8	TCGA-T1-A6J8-01	68	7th	Liver	Hepatocellular Carcinoma	Hepatocellular Carcinoma	23	-24853	NA	0.76	0:DiseaseFree	Hepatocellular Carcinoma	NOT HISPANIC OR LATINO	0.2740	C22.0	NO	8170/3	68	HCC	0.7555847568988173	0:LIVING	59f163d2-6a7c-41b8-b4d6-f07174dafc6e	44173ac6-a31d-4034-8e96-db1fd1daadbb	M0	NX	NA	T1	Hepatocellular Carcinoma	Liver	True	False	TCGA-LIHC	Hepatocellular Carcinoma	released	WHITE	1	Primary Tumor	1	Male	2.2666666666666666	Alive	2013
hcc_tcga_gdc	TCGA-UB-A7MA	TCGA-UB-A7MA-01	62	7th	Liver	Hepatocellular Carcinoma	Hepatocellular Carcinoma	455	-22843	NA	15.97790709	0:DiseaseFree	Hepatocholangiocarcinoma (Mixed)	NOT HISPANIC OR LATINO	0.4280	C22.0	NO	8180/3	67	HCC	27.8580814717477	0:LIVING	10179efc-a091-4119-8ec2-30db6269d674	b9f894f9-7e61-4604-968e-2592642fc53b	M0	N0	Stage II	T2b	Hepatocholangiocarcinoma (Mixed)	Liver	False	False	TCGA-LIHC	Hepatocellular Carcinoma	released	WHITE	1	Primary Tumor	1	Female	2.2333333333333334	Alive	2013
hcc_tcga_gdc	TCGA-UB-A7MB	TCGA-UB-A7MB-01	24	7th	Liver	Hepatocellular Carcinoma	Hepatocellular Carcinoma	526	-8951	NA	4.372554821	1:Recurred/Progressed	Hepatocellular Carcinoma	NOT HISPANIC OR LATINO	0.1858	C22.0	NO	8170/3	1206	HCC	19.743758212877793	0:LIVING	af1e56af-410c-4cad-a4e8-1c6937f1a350	110dc5cc-bfe1-427d-87ef-037b719bf96f	MX	NX	Stage II	T2	Hepatocellular Carcinoma	Liver	False	False	TCGA-LIHC	Hepatocellular Carcinoma	released	WHITE	1	Primary Tumor	1	Male	40.2	Alive	2013
hcc_tcga_gdc	TCGA-UB-A7MC	TCGA-UB-A7MC-01	59	7th	Liver	Hepatocellular Carcinoma	Hepatocellular Carcinoma	438	-21733	NA	NA	NA	Hepatocellular Carcinoma	NOT HISPANIC OR LATINO	0.4486	C22.0	NO	8170/3	60	HCC	16.4257555847569	0:LIVING	f82aff25-0725-48d1-aefd-d60800f7d1ab	208fa54c-b09d-421b-bacd-fe9e91fca556	MX	N0	Stage IIIA	T3a	Hepatocellular Carcinoma	Liver	False	False	TCGA-LIHC	Hepatocellular Carcinoma	released	WHITE	1	Primary Tumor	1	Male	2.0	Alive	2013
hcc_tcga_gdc	TCGA-UB-A7MD	TCGA-UB-A7MD-01	67	7th	Liver	Hepatocellular Carcinoma	Hepatocellular Carcinoma	NA	-24717	52	10.32317454	0:DiseaseFree	Hepatocellular Carcinoma	NOT HISPANIC OR LATINO	0.1912	C22.0	NO	8170/3	92	HCC	1.7082785808147174	1:DECEASED	c49b41bf-0025-4682-966b-cfe8fb2b2546	2a293fef-70c7-4884-98ba-a5fea95bf541	MX	N0	Stage I	T1	Hepatocellular Carcinoma	Liver	False	False	TCGA-LIHC	Hepatocellular Carcinoma	released	BLACK OR AFRICAN AMERICAN	1	Primary Tumor	1	Male	3.066666666666667	Dead	2013
hcc_tcga_gdc	TCGA-UB-A7ME	TCGA-UB-A7ME-01	51	7th	Liver	Hepatocellular Carcinoma	Hepatocellular Carcinoma	486	-18846	NA	11.34234145	0:DiseaseFree	Hepatocellular Carcinoma	NOT HISPANIC OR LATINO	0.4164	C22.0	NO	8170/3	73	HCC	15.965834428383705	0:LIVING	be1240f0-34dc-4205-b152-c26f11d28462	e473499a-00c0-47a4-8e1c-feae98a8df32	MX	NX	Stage I	T1	Hepatocellular Carcinoma	Liver	False	False	TCGA-LIHC	Hepatocellular Carcinoma	released	ASIAN	1	Primary Tumor	1	Male	2.433333333333333	Alive	2013
hcc_tcga_gdc	TCGA-UB-A7MF	TCGA-UB-A7MF-01	56	7th	Liver	Hepatocellular Carcinoma	Hepatocellular Carcinoma	NA	-20815	214	0.986290561	0:DiseaseFree	Hepatocellular Carcinoma	NOT HISPANIC OR LATINO	0.2554	C22.0	NO	8170/3	89	HCC	7.030223390275952	1:DECEASED	8eef926b-f316-4fdb-b84a-262010258feb	d421eeed-621f-4137-9d3f-1e06c8eb9606	MX	NX	Stage IIIA	T3a	Hepatocellular Carcinoma	Liver	True	False	TCGA-LIHC	Hepatocellular Carcinoma	released	WHITE	1	Primary Tumor	1	Male	2.933333333333333	Dead	2013
hcc_tcga_gdc	TCGA-UB-AA0U	TCGA-UB-AA0U-01	60	7th	Liver	Hepatocellular Carcinoma	Hepatocellular Carcinoma	253	-21985	NA	8.975244107	1:Recurred/Progressed	Hepatocellular Carcinoma	NOT HISPANIC OR LATINO	0.3922	C22.0	NO	8170/3	68	HCC	10.74244415243101	0:LIVING	ae8d4b34-d40a-482d-9d45-23242843df00	e1af89c8-f9ab-4599-a1f5-c7145d40378e	MX	NX	Stage II	T2	Hepatocellular Carcinoma	Liver	False	False	TCGA-LIHC	Hepatocellular Carcinoma	released	WHITE	1	Primary Tumor	1	Male	2.2333333333333334	Alive	2013
hcc_tcga_gdc	TCGA-UB-AA0V	TCGA-UB-AA0V-01	69	7th	Liver	Hepatocellular Carcinoma	Hepatocellular Carcinoma	139	-25340	NA	NA	NA	Hepatocellular Carcinoma	NOT HISPANIC OR LATINO	0.0000	C22.0	NO	8170/3	30	HCC	10.315374507227332	0:LIVING	ea214f79-0f6b-403f-8693-c844bf4b77cb	04a89fe8-95fd-4c44-95ef-7953a6aaf304	MX	NX	Stage I	NA	Hepatocellular Carcinoma	Liver	True	False	TCGA-LIHC	Hepatocellular Carcinoma	released	WHITE	1	Primary Tumor	1	Female	1.0	Alive	2013
hcc_tcga_gdc	TCGA-WJ-A86L	TCGA-WJ-A86L-01	68	7th	Liver	Hepatocellular Carcinoma	Hepatocellular Carcinoma	31	-25018	NA	24.85452214	0:DiseaseFree	Hepatocellular Carcinoma	NOT HISPANIC OR LATINO	0.1558	C22.0	NO	8310/3	106	HCC	11.333771353482259	0:LIVING	63d475ef-8f26-45ed-ae80-cfa87e68b2f5	ab5ccf89-2c0d-4b45-be11-5c859c1cf427	MX	NX	Stage I	T1	Hepatocellular Carcinoma	Liver	False	False	TCGA-LIHC	Hepatocellular Carcinoma	released	WHITE	1	Primary Tumor	1	Female	3.533333333333333	Alive	2013
hcc_tcga_gdc	TCGA-WQ-A9G7	TCGA-WQ-A9G7-01	NA	7th	Liver	Hepatocellular Carcinoma	Hepatocellular Carcinoma	30	NA	NA	3.38626426	1:Recurred/Progressed	Hepatocellular Carcinoma	NOT HISPANIC OR LATINO	0.4123	C22.0	NO	8170/3	416	HCC	0.9855453350854139	0:LIVING	491a3734-dcb8-4779-b098-0b5567f13f87	59c5fc11-a9e1-4a62-9565-8a1dcc5b27aa	M0	NX	NA	T3a	Hepatocellular Carcinoma	Liver	False	False	TCGA-LIHC	Hepatocellular Carcinoma	released	WHITE	1	Primary Tumor	1	Female	13.866666666666667	Alive	2013
hcc_tcga_gdc	TCGA-WQ-AB4B	TCGA-WQ-AB4B-01	62	7th	Liver	Hepatocellular Carcinoma	Hepatocellular Carcinoma	122	-22769	NA	33.8626426	0:DiseaseFree	Hepatocellular Carcinoma	NOT HISPANIC OR LATINO	0.3309	C22.0	NO	8170/3	60	HCC	12.976346911957949	0:LIVING	d5471a2b-f14c-44de-9142-5a5fb07b6fc2	0ee59a68-ae0f-4421-9805-d4c48c64b613	M0	NX	Stage II	T2	Hepatocellular Carcinoma	Liver	False	False	TCGA-LIHC	Hepatocellular Carcinoma	released	WHITE	1	Primary Tumor	1	Male	2.0	Alive	2013
hcc_tcga_gdc	TCGA-WX-AA44	TCGA-WX-AA44-01	64	7th	Liver	Hepatocellular Carcinoma	Hepatocellular Carcinoma	473	-23654	NA	6.904033928	1:Recurred/Progressed	Hepatocellular Carcinoma	HISPANIC OR LATINO	0.1983	C22.0	NO	8170/3	62	HCC	20.203679369250985	0:LIVING	5436fafb-bc16-4450-ac8b-568e1e5ee5fe	faf5de3b-b8b2-43d9-89c4-1a6b2ee207a5	MX	NX	Stage I	T1	Hepatocellular Carcinoma	Liver	False	False	TCGA-LIHC	Hepatocellular Carcinoma	released	WHITE	1	Primary Tumor	1	Female	2.066666666666667	Alive	2011
hcc_tcga_gdc	TCGA-WX-AA46	TCGA-WX-AA46-01	61	7th	Liver	Hepatocellular Carcinoma	Hepatocellular Carcinoma	553	-22639	NA	7.594437321	1:Recurred/Progressed	Hepatocellular Carcinoma	NOT HISPANIC OR LATINO	0.0545	C22.0	NO	8170/3	50	HCC	24.83574244415243	0:LIVING	02c41e28-cf14-42e2-9e15-f43248ae16e0	3117e503-dd64-4fbe-8ea6-406637d39c5f	MX	NX	Stage II	T2	Hepatocellular Carcinoma	Liver	False	False	TCGA-LIHC	Hepatocellular Carcinoma	released	WHITE	1	Primary Tumor	1	Male	1.6666666666666667	Alive	2012
hcc_tcga_gdc	TCGA-WX-AA47	TCGA-WX-AA47-01	33	7th	Liver	Hepatocellular Carcinoma	Hepatocellular Carcinoma	NA	-12056	556	11.50672321	1:Recurred/Progressed	Hepatocellular Carcinoma	NOT HISPANIC OR LATINO	0.2315	C22.0	NO	8170/3	32	HCC	18.265440210249672	1:DECEASED	39e147c9-2acb-4ba8-a991-e43e1719b2d8	45f1a40f-b2c2-45a2-aec8-954945857c31	MX	NX	Stage IIIA	T3a	Hepatocellular Carcinoma	Liver	False	False	TCGA-LIHC	Hepatocellular Carcinoma	released	WHITE	1	Primary Tumor	1	Female	1.0666666666666667	Dead	2012
hcc_tcga_gdc	TCGA-XR-A8TC	TCGA-XR-A8TC-01	43	7th	Liver	Hepatocellular Carcinoma	Hepatocellular Carcinoma	1339	-15817	NA	43.99	0:DiseaseFree	Hepatocellular Carcinoma	HISPANIC OR LATINO	NA	C22.0	NO	8170/3	43	HCC	43.98817345597897	0:LIVING	4db9de75-9297-46e5-acc5-9275f52a642a	607a26fb-b0af-4de3-982d-b8b557e84175	MX	NX	Stage I	T1	Hepatocellular Carcinoma	Liver	True	True	TCGA-LIHC	Hepatocellular Carcinoma	released	WHITE	1	Primary Tumor	1	Female	1.4333333333333333	Alive	2011
hcc_tcga_gdc	TCGA-XR-A8TD	TCGA-XR-A8TD-01	49	7th	Liver	Hepatocellular Carcinoma	Hepatocellular Carcinoma	1030	-17908	NA	NA	NA	Hepatocellular Carcinoma	HISPANIC OR LATINO	0.2291	C22.0	NO	8174/3	46	HCC	33.83705650459921	0:LIVING	574ba00b-fee6-4aab-ac01-6ffaf8fdc0c5	4ef6344b-e31c-425e-96c8-97daa428f5bc	M0	N0	Stage IIIB	T3	Hepatocellular Carcinoma	Liver	False	False	TCGA-LIHC	Hepatocellular Carcinoma	released	WHITE	1	Primary Tumor	1	Female	1.5333333333333334	Alive	2012
hcc_tcga_gdc	TCGA-XR-A8TE	TCGA-XR-A8TE-01	18	7th	Liver	Hepatocellular Carcinoma	Hepatocellular Carcinoma	925	-5862	NA	25.7093073	0:DiseaseFree	Hepatocellular Carcinoma	HISPANIC OR LATINO	0.2097	C22.0	NO	8170/3	11	HCC	30.387647831800262	0:LIVING	ec4b4d34-2576-4412-b036-7460e64f4398	14f227ac-51c0-46bf-9194-d4406a10482a	MX	N0	Stage IIIA	T3	Hepatocellular Carcinoma	Liver	False	False	TCGA-LIHC	Hepatocellular Carcinoma	released	WHITE	1	Primary Tumor	1	Male	0.36666666666666664	Alive	2012
hcc_tcga_gdc	TCGA-XR-A8TF	TCGA-XR-A8TF-01	74	7th	Liver	Hepatocellular Carcinoma	Hepatocellular Carcinoma	NA	-27145	693	23.21070454	0:DiseaseFree	Hepatocellular Carcinoma	HISPANIC OR LATINO	0.5203	C22.0	NO	8170/3	117	HCC	22.766097240473062	1:DECEASED	1e9f910c-82c0-4222-a62f-b656839307fc	6ddbc513-b220-4814-835c-274365f30040	MX	NX	Stage I	T1	Hepatocellular Carcinoma	Liver	False	False	TCGA-LIHC	Hepatocellular Carcinoma	released	WHITE	1	Primary Tumor	1	Male	3.9	Dead	2012
hcc_tcga_gdc	TCGA-XR-A8TG	TCGA-XR-A8TG-01	58	7th	Liver	Hepatocellular Carcinoma	Hepatocellular Carcinoma	867	-21544	NA	35.86810008	0:DiseaseFree	Hepatocellular Carcinoma	HISPANIC OR LATINO	0.2033	C22.0	NO	8170/3	68	HCC	29.50065703022339	0:LIVING	1d7d5166-6582-4ea1-b242-37c2c3919a3c	e96bf364-973c-4282-b3eb-a445b4bc59b6	M0	NX	Stage I	T1	Hepatocellular Carcinoma	Liver	True	False	TCGA-LIHC	Hepatocellular Carcinoma	released	WHITE	1	Primary Tumor	1	Male	2.2666666666666666	Alive	2012
hcc_tcga_gdc	TCGA-YA-A8S7	TCGA-YA-A8S7-01	68	7th	Liver	Hepatocellular Carcinoma	Hepatocellular Carcinoma	NA	-25188	412	0.690403393	0:DiseaseFree	Hepatocellular Carcinoma	HISPANIC OR LATINO	0.2734	C22.0	NO	8170/3	57	HCC	13.534822601839684	1:DECEASED	bb2069d3-e699-4a8a-bb61-b3c28b98a66b	ae98b44c-15ab-4534-8ecc-274d4784ae4f	MX	N0	Stage IIIA	T3a	Hepatocellular Carcinoma	Liver	False	False	TCGA-LIHC	Hepatocellular Carcinoma	released	WHITE	1	Primary Tumor	1	Male	1.9	Dead	2012
hcc_tcga_gdc	TCGA-ZP-A9CV	TCGA-ZP-A9CV-01	59	7th	Liver	Hepatocellular Carcinoma	Hepatocellular Carcinoma	142	-21633	1088	10.35605089	1:Recurred/Progressed	Hepatocellular Carcinoma	NOT HISPANIC OR LATINO	0.1539	C22.0	NO	8170/3	87	HCC	35.74244415243101	1:DECEASED	91909c63-debc-42ad-b4be-56870195bdcb	c8c067a3-f48a-4b5d-bf4c-0e1530618f1b	MX	NX	NA	T1	Hepatocellular Carcinoma	Liver	False	False	TCGA-LIHC	Hepatocellular Carcinoma	released	WHITE	1	Primary Tumor	1	Male	2.9	Dead	2011
hcc_tcga_gdc	TCGA-ZP-A9CY	TCGA-ZP-A9CY-01	66	7th	Liver	Hepatocellular Carcinoma	Hepatocellular Carcinoma	782	-24223	NA	12.98615906	0:DiseaseFree	Hepatocellular Carcinoma	NOT HISPANIC OR LATINO	0.0372	C22.0	NO	8170/3	70	HCC	25.689881734559787	0:LIVING	34fd27ce-930a-4f29-8a6e-dae4949d92eb	ab63fd64-07e1-432c-b904-57adbc7b95db	MX	NX	NA	T1	Hepatocellular Carcinoma	Liver	False	False	TCGA-LIHC	Hepatocellular Carcinoma	released	WHITE	1	Primary Tumor	1	Female	2.3333333333333335	Alive	2011
hcc_tcga_gdc	TCGA-ZP-A9CZ	TCGA-ZP-A9CZ-01	72	7th	Liver	Hepatocellular Carcinoma	Hepatocellular Carcinoma	706	-26403	NA	12.19712661	1:Recurred/Progressed	Hepatocellular Carcinoma	NOT HISPANIC OR LATINO	0.1804	C22.0	NO	8170/3	40	HCC	23.19316688567674	0:LIVING	22077056-067d-4db5-98e5-106778ceca56	6e118e72-6654-42fc-92f5-c7a39e44bb15	MX	NX	NA	T1	Hepatocellular Carcinoma	Liver	False	False	TCGA-LIHC	Hepatocellular Carcinoma	released	ASIAN	1	Primary Tumor	1	Male	1.3	Alive	2011
hcc_tcga_gdc	TCGA-ZP-A9D0	TCGA-ZP-A9D0-01	67	7th	Liver	Hepatocellular Carcinoma	Hepatocellular Carcinoma	717	-24525	NA	40.79955288	0:DiseaseFree	Hepatocellular Carcinoma	NOT HISPANIC OR LATINO	0.1712	C22.0	NO	8170/3	46	HCC	35.84099868593955	0:LIVING	396ef7c2-343e-4d5c-9b20-adc0a52c1978	89213a53-9609-47e5-a4ab-af534237caac	MX	NX	NA	T1	Hepatocellular Carcinoma	Liver	False	False	TCGA-LIHC	Hepatocellular Carcinoma	released	BLACK OR AFRICAN AMERICAN	1	Primary Tumor	1	Female	1.5333333333333334	Alive	2011
hcc_tcga_gdc	TCGA-ZP-A9D1	TCGA-ZP-A9D1-01	56	7th	Liver	Hepatocellular Carcinoma	Hepatocellular Carcinoma	21	-20584	NA	20.9093599	1:Recurred/Progressed	Hepatocellular Carcinoma	NOT HISPANIC OR LATINO	0.5025	C22.0	NO	8170/3	110	HCC	0.6898817345597897	0:LIVING	447ac9e3-0533-461a-bc92-906a7b2180c3	d64641fe-43f3-4251-8332-72c6af236178	MX	NX	NA	T1	Hepatocellular Carcinoma	Liver	True	False	TCGA-LIHC	Hepatocellular Carcinoma	released	WHITE	1	Primary Tumor	1	Female	3.6333333333333333	Alive	2012
hcc_tcga_gdc	TCGA-ZP-A9D2	TCGA-ZP-A9D2-01	51	7th	Liver	Hepatocellular Carcinoma	Hepatocellular Carcinoma	743	-18717	765	11.21083605	0:DiseaseFree	Hepatocellular Carcinoma	NOT HISPANIC OR LATINO	0.2817	C22.0	NO	8170/3	48	HCC	25.131406044678055	1:DECEASED	cbb89556-d783-4e70-8db4-ef53e9a45922	44ab8403-654c-49cd-9577-090448c1d9eb	MX	NX	NA	T2	Hepatocellular Carcinoma	Liver	False	False	TCGA-LIHC	Hepatocellular Carcinoma	released	WHITE	1	Primary Tumor	1	Male	1.5666666666666667	Dead	2012
hcc_tcga_gdc	TCGA-ZP-A9D4	TCGA-ZP-A9D4-01	64	7th	Liver	Hepatocellular Carcinoma	Hepatocellular Carcinoma	395	-23656	NA	NA	NA	Hepatocellular Carcinoma	NOT HISPANIC OR LATINO	0.1417	C22.0	NO	8170/3	51	HCC	12.976346911957949	0:LIVING	4244912d-8527-410c-a084-a56c55eb1f82	545da348-26c6-4e80-90c0-d9422797b8fd	MX	NX	NA	T1	Hepatocellular Carcinoma	Liver	False	False	TCGA-LIHC	Hepatocellular Carcinoma	released	WHITE	1	Primary Tumor	1	Female	1.7	Alive	2012
hcc_tcga_gdc	TCGA-ZS-A9CD	TCGA-ZS-A9CD-01	73	7th	Liver	Hepatocellular Carcinoma	Hepatocellular Carcinoma	NA	-26915	1386	NA	NA	Hepatocellular Carcinoma	NOT HISPANIC OR LATINO	0.1606	C22.0	NO	8170/3	78	HCC	45.532194480946124	1:DECEASED	9197ca4c-e48c-43af-ba61-d894faf3cc24	e7570871-e848-416e-b84c-19c052a10a78	MX	NX	Stage II	T2	Hepatocellular Carcinoma	Liver	False	False	TCGA-LIHC	Hepatocellular Carcinoma	released	WHITE	1	Primary Tumor	1	Male	2.6	Dead	2010
hcc_tcga_gdc	TCGA-ZS-A9CE	TCGA-ZS-A9CE-01	79	7th	Liver	Hepatocellular Carcinoma	Hepatocellular Carcinoma	1066	-29051	NA	NA	NA	Hepatocellular Carcinoma	NOT HISPANIC OR LATINO	0.2739	C22.0	NO	8170/3	103	HCC	40.76872536136662	0:LIVING	7bdc5f86-4d7d-4f1f-bc23-ab51fa9fb947	12076740-d690-48ac-9630-5105ac239111	MX	NX	Stage II	T2	Hepatocellular Carcinoma	Liver	True	False	TCGA-LIHC	Hepatocellular Carcinoma	released	WHITE	1	Primary Tumor	1	Female	3.433333333333333	Alive	2011
hcc_tcga_gdc	TCGA-ZS-A9CF	TCGA-ZS-A9CF-01	64	7th	Liver	Hepatocellular Carcinoma	Hepatocellular Carcinoma	2258	-23510	NA	NA	NA	Hepatocellular Carcinoma	NOT HISPANIC OR LATINO	0.2230	C22.0	NO	8170/3	74	HCC	79.23784494086728	0:LIVING	7fe5e2d9-c514-47bc-8387-3f940f7a822d	b5eb7e48-6f6c-4485-ba52-6430518192b4	MX	NX	Stage II	T2	Hepatocellular Carcinoma	Liver	False	False	TCGA-LIHC	Hepatocellular Carcinoma	released	WHITE	2	Primary Tumor	1	Male	2.466666666666667	Alive	2008
hcc_tcga_gdc	TCGA-ZS-A9CF	TCGA-ZS-A9CF-02	64	7th	Liver	Hepatocellular Carcinoma	Hepatocellular Carcinoma	2258	-23510	NA	NA	NA	Hepatocellular Carcinoma	NOT HISPANIC OR LATINO	0.4371	C22.0	NO	8170/3	103	HCC	79.23784494086728	0:LIVING	7fe5e2d9-c514-47bc-8387-3f940f7a822d	922ac7c8-f72f-412f-9245-16348a6b4551	MX	NX	Stage II	T2	Hepatocellular Carcinoma	Liver	False	False	TCGA-LIHC	Hepatocellular Carcinoma	released	WHITE	2	Recurrent Tumor	2	Male	3.433333333333333	Alive	2008
hcc_tcga_gdc	TCGA-ZS-A9CG	TCGA-ZS-A9CG-01	55	7th	Liver	Hepatocellular Carcinoma	Hepatocellular Carcinoma	250	-20100	NA	NA	NA	Hepatocellular Carcinoma	NOT HISPANIC OR LATINO	0.1947	C22.0	NO	8170/3	68	HCC	11.202365308804204	0:LIVING	3f6a6891-c6d5-447b-ad32-325fd46ec32b	a31bfe51-1193-49d8-b469-1b8d0c1f1cee	MX	NX	Stage II	T2	Hepatocellular Carcinoma	Liver	False	False	TCGA-LIHC	Hepatocellular Carcinoma	released	WHITE	1	Primary Tumor	1	Male	2.2666666666666666	Alive	2013