Study ID	Patient ID	Sample ID	Ablation embolization tx adjuvant	AFP At Procurement	AFP Normal Range Lower Bound	AFP Normal Range Higher Bound	Diagnosis Age	American Joint Committee on Cancer Metastasis Stage Code	Neoplasm Disease Lymph Node Stage American Joint Committee on Cancer Code	Neoplasm Disease Stage American Joint Committee on Cancer Code	American Joint Committee on Cancer Publication Version Type	American Joint Committee on Cancer Tumor Stage Code	Bilirubin Total	Bilirubin Total Norm Range Lower	Bilirubin Total Norm Range Upper	Cancer Type	Cancer Type Detailed	Child pugh classification grade	Neoplasm American Joint Committee on Cancer Clinical Distant Metastasis M Stage	Neoplasm American Joint Committee on Cancer Clinical Regional Lymph Node N Stage	Neoplasm American Joint Committee on Cancer Clinical Primary Tumor T Stage	Neoplasm American Joint Committee on Cancer Clinical Group Stage	Hematology serum creatinine laboratory result value in mg dl	Laboratory procedure creatinine result lower limit of normal value	Laboratory procedure creatinine result upper limit of normal value	Days to Sample Collection.	Last Alive Less Initial Pathologic Diagnosis Date Calculated Day Value	Days to Sample Procurement	Specimen collection method name	Disease Free (Months)	Disease Free Status	Disease code	Performance Status	Ethnicity Category	Lymphomatous Extranodal Site Involvement Indicator	Cancer diagnosis first degree relative number	Family History of Cancer	Form completion date	Fraction Genome Altered	Neoplasm Histologic Grade	Patient Height	Adjacent hepatic tissue inflammation extent type	Neoplasm Histologic Type Name	History hepato carcinoma risk factor	Neoadjuvant Therapy Type Administered Prior To Resection Text	Prior Cancer Diagnosis Occurence	ICD-10 Classification	International Classification of Diseases for Oncology, Third Edition ICD-O-3 Histology Code	International Classification of Diseases for Oncology, Third Edition ICD-O-3 Site Code	Informed consent verified	Is FFPE	Liver fibrosis ishak score category	Longest Dimension	First Pathologic Diagnosis Biospecimen Acquisition Method Type	Mutation Count	New Neoplasm Event Post Initial Therapy Indicator	Oct embedded	Oncotree Code	Overall Survival (Months)	Overall Survival Status	History hepato carcinoma risk factor other	Specimen Collection Method	Other Patient ID	Other Sample ID	Pathology Report File Name	Pathology report uuid	Adjuvant Postoperative Pharmaceutical Therapy Administered Indicator	Platelet count preresection	Laboratory prcoedure platelet result lower limit of normal value	Laboratory prcoedure platelet result upper limit of normal value	Project code	Tissue Prospective Collection Indicator	Laboratory procedure international normalization ratio result lower limit of normal value	Laboratory procedure prothrombin time result value	Laboratory procedure international normalization ratio result upper limit of normal value	Race Category	Did patient start adjuvant postoperative radiotherapy?	Surgical Margin Resection Status	Tissue Retrospective Collection Indicator	Number of Samples Per Patient	Sample Initial Weight	Sample Type	Sample type id	Laboratory procedure albumin result lower limit of normal value	Laboratory procedure albumin result upper limit of normal value	Laboratory procedure albumin result specified value	Sex	Shortest Dimension	Tumor Tissue Site	Somatic Status	Specimen Current Weight	Specimen Freezing Means	Specimen Second Longest Dimension	Stage Other	Time between clamping and freezing	Time between excision and freezing	Tissue Source Site	TMB (nonsynonymous)	Person Neoplasm Status	Vascular Invasion	Vial number	Patient Weight	Year of initial pathologic diagnosis
lihc_tcga	TCGA-2V-A95S	TCGA-2V-A95S-01	NO	10793	0	8	NA	MX	NX	Stage II	7th	T2	1.5	0	.2	Hepatobiliary Cancer	Hepatocellular Carcinoma	A	NA	NA	NA	NA	.6	.7	1.2	NA	NA	NA	Lobectomy	NA	0:DiseaseFree	NA	4	NOT HISPANIC OR LATINO	NA	NA	NO	6/5/15	0.2041	G3	173	Severe	Hepatocellular Carcinoma	Other	No	No	C22.0	8170/3	C22.0	YES	NO	6 - Established Cirrhosis	NA	NA	72	[Unknown]	FALSE	HCC	NA	0:LIVING	former smoker	NA	2C041473-EAAA-4B7C-9B2E-B9DA3543AD18	D7873CBC-8D52-4869-B11A-4A23CB213DBD	TCGA-2V-A95S.BE263DC7-2250-42E2-8AD6-D99A6DF679B6.pdf	BE263DC7-2250-42E2-8AD6-D99A6DF679B6	NO	107	140	370	NA	NO	2	2.0	3	ASIAN	NO	R0	YES	1	170	Primary	1	3.5	5.2	4.2	Male	NA	Liver	Matched	NA	NA	NA	NA	NA	NA	2V	2.366666667	WITH TUMOR	Micro	A	78	NA
lihc_tcga	TCGA-2Y-A9GS	TCGA-2Y-A9GS-01	NO	74	0	6	58	MX	NX	NA	6th	T2	0.7	0.2	1.3	Hepatobiliary Cancer	Hepatocellular Carcinoma	NA	NA	NA	NA	NA	1.6	0.8	1.5	2558	0	NA	Segmentectomy, Single	3.35	1:Recurred/Progressed	NA	NA	HISPANIC OR LATINO	NA	NA	NA	11/3/14	0.3002	G2	162	None	Hepatocellular Carcinoma	Alcohol consumption	No	No	C22.0	8170/3	C22.0	YES	NO	NA	NA	NA	58	YES	TRUE	HCC	23.78	1:DECEASED	NA	NA	95B97198-1A1B-4F01-90F3-6C66638371D1	6FFC6D98-5F3C-4672-A390-98E0076D3E5A	TCGA-2Y-A9GS.DAA3D158-0488-41C9-8B3F-BE6D05E036D8.pdf	DAA3D158-0488-41C9-8B3F-BE6D05E036D8	NO	168	143	382	NA	NO	8.3	9.9	11.5	WHITE	NO	R0	YES	1	80	Primary	1	3.5	5	4	Male	NA	Liver	Matched	NA	NA	NA	NA	NA	NA	2Y	1.933333333	WITH TUMOR	NA	A	92	2006
lihc_tcga	TCGA-2Y-A9GT	TCGA-2Y-A9GT-01	NA	17	NA	7	51	MX	NX	Stage I	6th	T1	0.4	0.2	1.3	Hepatobiliary Cancer	Hepatocellular Carcinoma	C	NA	NA	NA	NA	0.8	0.8	1.5	2603	0	NA	Segmentectomy, Single	35.58	1:Recurred/Progressed	NA	0	NOT HISPANIC OR LATINO	NA	1	YES	11/3/14	0.0622	G2	182	None	Hepatocellular Carcinoma	Alcohol consumption|Hepatitis B|Hepatitis C	No	No	C22.0	8170/3	C22.0	YES	NO	NA	NA	NA	71	YES	TRUE	HCC	53.35	1:DECEASED	NA	NA	31A2ECC5-2D45-4823-8187-DC701DD412A8	D249FFFE-46A4-428C-B433-08949432DED9	TCGA-2Y-A9GT.AC6F0803-6F8E-4708-80DE-DFC708B2217D.pdf	AC6F0803-6F8E-4708-80DE-DFC708B2217D	NO	187	143	382	NA	NO	8.3	9.8	11.5	WHITE	NO	R0	YES	1	60	Primary	1	3.5	5	3.7	Male	NA	Liver	Matched	NA	NA	NA	NA	NA	NA	2Y	2.3	WITH TUMOR	None	A	122	2006
lihc_tcga	TCGA-2Y-A9GU	TCGA-2Y-A9GU-01	NO	304	0	6	55	MX	NX	Stage I	6th	T1	0.3	0.2	1.3	Hepatobiliary Cancer	Hepatocellular Carcinoma	NA	NA	NA	NA	NA	0.9	0.8	1.5	1752	0	NA	Segmentectomy, Single	63.7	0:DiseaseFree	NA	0	NOT HISPANIC OR LATINO	NA	2	YES	11/3/14	0.3157	G2	154	None	Hepatocellular Carcinoma	No History of Primary Risk Factors	No	No	C22.0	8170/3	C22.0	YES	NO	NA	NA	NA	122	NO	TRUE	HCC	63.7	0:LIVING	NA	NA	B27720A2-E240-413C-A0F1-0B1AF3621DE2	6477AF21-E833-4B46-8658-5DA593030FED	TCGA-2Y-A9GU.5585C485-B57A-4CA8-A3E3-F093A7E6AC76.pdf	5585C485-B57A-4CA8-A3E3-F093A7E6AC76	NO	281	143	382	NA	NO	8.3	10.8	11.5	WHITE	NO	R0	YES	1	120	Primary	1	3.5	5	4.4	Female	NA	Liver	Matched	NA	NA	NA	NA	NA	NA	2Y	4.033333333	TUMOR FREE	NA	A	78	2009
lihc_tcga	TCGA-2Y-A9GV	TCGA-2Y-A9GV-01	NO	6	NA	7	54	MX	NX	Stage I	6th	T1	0.3	0.2	1.3	Hepatobiliary Cancer	Hepatocellular Carcinoma	NA	NA	NA	NA	NA	0.6	0.8	1.5	2431	0	NA	Segmentectomy, Multiple	71.91	1:Recurred/Progressed	NA	2	NOT HISPANIC OR LATINO	NA	NA	NO	11/3/14	0.0928	G1	167	NA	Hepatocellular Carcinoma	Alcohol consumption	No	Yes	C22.0	8170/3	C22.0	YES	NO	NA	NA	NA	49	YES	TRUE	HCC	83.18	1:DECEASED	NA	NA	D1AA9C1A-D732-48C0-B669-8A14E0397344	CB3AFDAC-4A19-4D95-BD96-42A1FA5BE795	TCGA-2Y-A9GV.4979AF79-CF92-4D6C-87FD-158C87B5F059.pdf	4979AF79-CF92-4D6C-87FD-158C87B5F059	YES	370	143	382	NA	NO	8.3	9.5	11.5	WHITE	NO	R0	YES	1	120	Primary	1	3.5	5	4.2	Female	NA	Liver	Matched	NA	NA	NA	NA	NA	NA	2Y	1.6	WITH TUMOR	NA	A	85	2007
lihc_tcga	TCGA-2Y-A9GW	TCGA-2Y-A9GW-01	NO	2	0	6	64	MX	N0	Stage I	6th	T1	0.6	0.2	1.3	Hepatobiliary Cancer	Hepatocellular Carcinoma	NA	NA	NA	NA	NA	1	0.8	1.5	2375	0	NA	Segmentectomy, Multiple	40.37	1:Recurred/Progressed	NA	NA	NOT HISPANIC OR LATINO	NA	1	YES	11/3/14	0.1478	G2	182	None	Hepatocellular Carcinoma	Alcohol consumption	No	No	C22.0	8170/3	C22.0	YES	NO	NA	NA	NA	60	YES	TRUE	HCC	41.75	1:DECEASED	NA	NA	3E1920B3-3BD4-4506-A0CF-567257154BCF	5243430A-7662-4858-85ED-A0C95FD1ECDD	TCGA-2Y-A9GW.5846FA3D-E3AD-4530-8A5F-5D90CD17F539.pdf	5846FA3D-E3AD-4530-8A5F-5D90CD17F539	NO	175	143	382	NA	NO	8.3	9.7	11.5	WHITE	NO	R0	YES	1	80	Primary	1	3.5	5	4.5	Male	NA	Liver	Matched	NA	NA	NA	NA	NA	NA	2Y	2	WITH TUMOR	NA	A	139	2007
lihc_tcga	TCGA-2Y-A9GX	TCGA-2Y-A9GX-01	NO	1	0	7	68	MX	NX	Stage I	6th	T1	0.4	0.2	1.3	Hepatobiliary Cancer	Hepatocellular Carcinoma	NA	NA	NA	NA	NA	0.7	0.8	1.5	2365	0	NA	Segmentectomy, Single	70.07	1:Recurred/Progressed	NA	1	NOT HISPANIC OR LATINO	NA	NA	NO	11/3/14	0.0122	G2	175	None	Hepatocellular Carcinoma	Alcohol consumption	No	No	C22.0	8170/3	C22.0	YES	NO	NA	NA	NA	43	YES	TRUE	HCC	80.22	0:LIVING	NA	NA	D6C2C6CE-3483-4FE5-AEF6-E40419F728CF	481741AC-D3AE-4E1F-92EE-18D382017605	TCGA-2Y-A9GX.92541202-F81A-428F-8EF5-19A7C82CC31F.pdf	92541202-F81A-428F-8EF5-19A7C82CC31F	NO	155	143	382	NA	NO	8.3	10.3	11.5	WHITE	NO	R1	YES	1	90	Primary	1	3.5	5	4.3	Male	NA	Liver	Matched	NA	NA	NA	NA	NA	NA	2Y	1.433333333	WITH TUMOR	NA	A	104	2007
lihc_tcga	TCGA-2Y-A9GY	TCGA-2Y-A9GY-01	NO	27600	0	7	64	MX	NX	Stage II	6th	T2	0.4	0.2	1.3	Hepatobiliary Cancer	Hepatocellular Carcinoma	NA	NA	NA	NA	NA	0.6	0.8	1.5	2340	0	NA	Segmentectomy, Multiple	20.93	1:Recurred/Progressed	NA	NA	NOT HISPANIC OR LATINO	NA	2	YES	11/3/14	0.4929	G3	161	None	Hepatocellular Carcinoma	No History of Primary Risk Factors	No	No	C22.0	8170/3	C22.0	YES	NO	NA	NA	NA	66	YES	TRUE	HCC	24.87	1:DECEASED	NA	NA	75030B63-59AF-4705-86E7-3A431B7CF65A	8A3626BF-811B-4A1C-8E68-999B6FE7BC0E	TCGA-2Y-A9GY.A58D47E8-EB89-4267-830A-6EE9782D28EC.pdf	A58D47E8-EB89-4267-830A-6EE9782D28EC	NO	207	143	382	NA	NO	8.3	9.5	11.5	WHITE	NO	R0	YES	1	140	Primary	1	3.5	5	4.2	Female	NA	Liver	Matched	NA	NA	NA	NA	NA	NA	2Y	2.133333333	WITH TUMOR	NA	A	92	2007
lihc_tcga	TCGA-2Y-A9GZ	TCGA-2Y-A9GZ-01	NO	7	0	7	82	MX	NX	Stage II	6th	T2	0.7	0.2	1.3	Hepatobiliary Cancer	Hepatocellular Carcinoma	A	NA	NA	NA	NA	1.1	0.8	1.5	2337	0	NA	Lobectomy	23.62	1:Recurred/Progressed	NA	NA	NOT HISPANIC OR LATINO	NA	4	YES	11/3/14	0.4572	G2	153	None	Hepatocellular Carcinoma	No History of Primary Risk Factors	No	No	C22.0	8170/3	C22.0	YES	NO	NA	NA	NA	79	YES	TRUE	HCC	27.86	1:DECEASED	NA	NA	0E8C3831-DEF9-4EFA-9F93-8942072D6A77	DD954CB4-ABF3-417F-A1E1-CA745B60750C	TCGA-2Y-A9GZ.C389FDD7-0981-46EB-B51A-1BF6FCEC047F.pdf	C389FDD7-0981-46EB-B51A-1BF6FCEC047F	YES	318	143	382	NA	NO	8.3	9.9	11.5	WHITE	NO	R0	YES	1	80	Primary	1	3.5	5	4.5	Female	NA	Liver	Matched	NA	NA	NA	NA	NA	NA	2Y	2.6	WITH TUMOR	NA	A	51	2007
lihc_tcga	TCGA-2Y-A9H0	TCGA-2Y-A9H0-01	NO	7598	0	8	49	M0	N0	Stage IIIA	6th	T3	0.8	0.2	1.3	Hepatobiliary Cancer	Hepatocellular Carcinoma	NA	NA	NA	NA	NA	0.8	0.8	1.5	3538	0	NA	Segmentectomy, Single	120.73	0:DiseaseFree	NA	0	HISPANIC OR LATINO	NA	NA	NA	11/3/14	0.2037	G1	180	None	Hepatocellular Carcinoma	Alcohol consumption|Hepatitis B|Hepatitis C	No	No	C22.0	8170/3	C22.0	YES	NO	NA	NA	NA	64	NO	TRUE	HCC	120.73	0:LIVING	NA	NA	492FF93F-432B-4B73-8706-632FB2C83EB4	605EF0EB-EBC3-4123-A952-1D1BEACBA4CD	TCGA-2Y-A9H0.33EB4235-F58D-4AB6-8944-F2B59374A5F0.pdf	33EB4235-F58D-4AB6-8944-F2B59374A5F0	NO	207	143	382	NA	NO	8.3	12.2	11.5	WHITE	NO	R0	YES	1	130	Primary	1	3.5	5	2	Male	NA	Liver	Matched	NA	NA	NA	NA	NA	NA	2Y	2.133333333	TUMOR FREE	NA	A	89	2004
lihc_tcga	TCGA-2Y-A9H1	TCGA-2Y-A9H1-01	YES	3	0	7	58	MX	NX	Stage I	7th	T1	0.5	0.2	1.3	Hepatobiliary Cancer	Hepatocellular Carcinoma	NA	NA	NA	NA	NA	0.9	0.8	1.5	1445	0	NA	Segmentectomy, Single	25.3	1:Recurred/Progressed	NA	1	NOT HISPANIC OR LATINO	NA	NA	NO	11/3/14	0.1707	G2	171	NA	Hepatocellular Carcinoma	Alcohol consumption|Hepatitis C	No	No	C22.0	8170/3	C22.0	YES	NO	1,2 - Portal Fibrosis	NA	NA	105	YES	TRUE	HCC	40.37	1:DECEASED	NA	NA	9C5E2438-F587-4935-92F0-4BFD57468EAA	379FCE58-0772-41BB-9153-DC00ECC30CEC	TCGA-2Y-A9H1.04B342FC-F63A-4C81-BFF7-556C0424BF97.pdf	04B342FC-F63A-4C81-BFF7-556C0424BF97	NO	213	143	382	NA	NO	8.3	10	11.5	WHITE	NO	R0	YES	1	110	Primary	1	3.5	5	4.4	Male	NA	Liver	Matched	NA	NA	NA	NA	NA	NA	2Y	3.5	WITH TUMOR	NA	A	89	2010
lihc_tcga	TCGA-2Y-A9H2	TCGA-2Y-A9H2-01	NO	2	0	7	64	MX	N0	Stage I	7th	T1	0.4	0.2	1.3	Hepatobiliary Cancer	Hepatocellular Carcinoma	NA	NA	NA	NA	NA	1.4	0.8	1.5	1443	0	NA	Segmentectomy, Single	56.87	0:DiseaseFree	NA	0	NOT HISPANIC OR LATINO	NA	NA	NO	11/3/14	0.7126	G3	176	None	Hepatocellular Carcinoma	Alcohol consumption	No	No	C22.0	8170/3	C22.0	YES	NO	NA	NA	NA	46	NO	TRUE	HCC	56.87	0:LIVING	NA	NA	CF7F0473-EAF3-4259-A68E-475A782FC84C	10EB3F76-4D00-4B1D-8697-EE5306F2CC8E	TCGA-2Y-A9H2.4C19CF84-5E30-4854-A084-F6EE53A80543.pdf	4C19CF84-5E30-4854-A084-F6EE53A80543	NO	386	143	382	NA	NO	8.3	10.8	11.5	WHITE	NO	R0	YES	1	80	Primary	1	3.5	5	4.5	Female	NA	Liver	Matched	NA	NA	NA	NA	NA	NA	2Y	1.466666667	TUMOR FREE	None	A	55	2010
lihc_tcga	TCGA-2Y-A9H3	TCGA-2Y-A9H3-01	YES	5640	0	7	45	MX	NX	Stage II	7th	T2	0.3	0.2	1.3	Hepatobiliary Cancer	Hepatocellular Carcinoma	NA	NA	NA	NA	NA	0.9	0.8	1.5	1309	0	NA	Segmentectomy, Multiple	0.72	1:Recurred/Progressed	NA	2	HISPANIC OR LATINO	NA	3	YES	11/3/14	0.1642	G1	179	None	Hepatocellular Carcinoma	Alcohol consumption|Non-Alcoholic Fatty Liver Disease	No	No	C22.0	8170/3	C22.0	YES	NO	1,2 - Portal Fibrosis	NA	NA	143	YES	TRUE	HCC	49.8	0:LIVING	NA	NA	9B69D7F9-38EB-48E1-BDC0-A092A53BC709	28FE46E4-B049-4892-9F57-DEED8E4F4FC8	TCGA-2Y-A9H3.83E9C775-EE1D-4763-A448-BB677FC01FA0.pdf	83E9C775-EE1D-4763-A448-BB677FC01FA0	NO	245	143	382	NA	NO	8.3	10.5	11.5	WHITE	NO	R0	YES	1	90	Primary	1	3.5	5	5.3	Male	NA	Liver	Matched	NA	NA	NA	NA	NA	NA	2Y	4.7	TUMOR FREE	Micro	A	105	2010
lihc_tcga	TCGA-2Y-A9H4	TCGA-2Y-A9H4-01	NO	11	0	7	68	MX	N0	Stage I	7th	T1	0.3	0.2	1.3	Hepatobiliary Cancer	Hepatocellular Carcinoma	A	NA	NA	NA	NA	1.2	0.8	1.5	1210	0	NA	Lobectomy	47.7	0:DiseaseFree	NA	0	NOT HISPANIC OR LATINO	NA	2	YES	11/3/14	0.2580	G2	167	NA	Hepatocellular Carcinoma	Alcohol consumption|Hepatitis B	No	No	C22.0	8170/3	C22.0	YES	NO	NA	NA	NA	59	NO	TRUE	HCC	47.7	0:LIVING	NA	NA	801B1D2C-EB6F-4EEF-A00B-83DA939D755A	C53E6FD9-76E1-44C3-AF36-D1D0DFC2802A	TCGA-2Y-A9H4.8A93B07B-8DCC-4DF4-B792-212C80E203FB.pdf	8A93B07B-8DCC-4DF4-B792-212C80E203FB	NO	223	143	382	NA	NO	8.3	11	11.5	BLACK OR AFRICAN AMERICAN	NO	R0	YES	1	100	Primary	1	3.5	5	4.6	Male	NA	Liver	Matched	NA	NA	NA	NA	NA	NA	2Y	1.966666667	TUMOR FREE	None	A	61	2010
lihc_tcga	TCGA-2Y-A9H5	TCGA-2Y-A9H5-01	NO	11700	0	7	59	MX	N0	Stage I	7th	T1	0.3	0.2	1.3	Hepatobiliary Cancer	Hepatocellular Carcinoma	NA	NA	NA	NA	NA	0.6	0.8	1.5	1101	0	NA	Segmentectomy, Multiple	8.48	1:Recurred/Progressed	NA	NA	NOT HISPANIC OR LATINO	NA	2	YES	11/3/14	0.3411	G3	157	NA	Hepatocellular Carcinoma	Alcohol consumption|Hepatitis C	No	No	C22.0	8170/3	C22.0	YES	NO	1,2 - Portal Fibrosis	NA	NA	69	YES	TRUE	HCC	18.23	1:DECEASED	NA	NA	51810579-E20D-4F08-93E7-891D645931DB	45CE6D64-65D7-4BDD-8444-FFE9AF6F5DF4	TCGA-2Y-A9H5.99FC2CC9-19F1-4BCB-81E6-5FED4619B331.pdf	99FC2CC9-19F1-4BCB-81E6-5FED4619B331	NO	204	143	382	NA	NO	8.3	10.2	11.5	WHITE	NO	R0	YES	1	30	Primary	1	3.5	5	4.9	Female	NA	Liver	Matched	NA	NA	NA	NA	NA	NA	2Y	2.266666667	WITH TUMOR	None	A	69	2010
lihc_tcga	TCGA-2Y-A9H6	TCGA-2Y-A9H6-01	NO	114	0	7	68	MX	NX	Stage I	7th	T1	0.3	0.3	1.3	Hepatobiliary Cancer	Hepatocellular Carcinoma	NA	NA	NA	NA	NA	1.8	0.8	1.5	982	0	NA	Segmentectomy, Single	11.73	0:DiseaseFree	NA	0	NOT HISPANIC OR LATINO	NA	1	YES	11/3/14	0.2319	G2	156	None	Hepatocellular Carcinoma	Alcohol consumption	No	Yes	C22.0	8170/3	C22.0	YES	NO	NA	NA	NA	43	NO	TRUE	HCC	11.73	0:LIVING	NA	NA	BC3502BC-BBF6-44F2-A1F4-D1567819AEFB	9BF4058E-E487-4033-88D9-4951F47AFE4C	TCGA-2Y-A9H6.0B39CB6A-D208-4128-AB46-50C7DB072865.pdf	0B39CB6A-D208-4128-AB46-50C7DB072865	NO	224	143	382	NA	NO	8.3	10.5	11.5	WHITE	NO	R0	YES	1	100	Primary	1	3.5	5	4	Female	NA	Liver	Matched	NA	NA	NA	NA	NA	NA	2Y	1.433333333	NA	Macro	A	99	2011
lihc_tcga	TCGA-2Y-A9H7	TCGA-2Y-A9H7-01	NO	6	0	7	81	MX	N0	Stage I	7th	T1	0.3	0.2	1.3	Hepatobiliary Cancer	Hepatocellular Carcinoma	A	NA	NA	NA	NA	1.2	0.8	1.5	846	0	NA	Lobectomy	36.7	1:Recurred/Progressed	NA	2	NOT HISPANIC OR LATINO	NA	NA	NO	11/3/14	0.1493	G2	157	None	Hepatocellular Carcinoma	No History of Primary Risk Factors	No	Yes	C22.0	8170/3	C22.0	YES	NO	3,4 - Fibrous Speta	NA	NA	69	YES	TRUE	HCC	38.37	0:LIVING	NA	NA	18602EC8-AED1-4515-B0D1-0DB6D1CBB2C4	47B918DA-FC82-40F9-A6F3-E8B2DF75188B	TCGA-2Y-A9H7.80E07DD4-2925-4F58-B4DA-07041673A13F.pdf	80E07DD4-2925-4F58-B4DA-07041673A13F	NO	165	143	382	NA	NO	8.3	10.8	11.5	WHITE	NO	R0	YES	1	140	Primary	1	3.5	5	3.4	Female	NA	Liver	Matched	NA	NA	NA	NA	NA	NA	2Y	2.3	WITH TUMOR	None	A	104	2011
lihc_tcga	TCGA-2Y-A9H8	TCGA-2Y-A9H8-01	NO	234000	0	7	85	MX	NX	NA	7th	T1	0.3	0.2	1.3	Hepatobiliary Cancer	Hepatocellular Carcinoma	NA	NA	NA	NA	NA	0.6	0.8	1.5	792	0	NA	Lobectomy	13.07	1:Recurred/Progressed	NA	2	NOT HISPANIC OR LATINO	NA	2	YES	11/3/14	0.5459	G2	150	NA	Hepatocellular Carcinoma	Alcohol consumption	No	No	C22.0	8170/3	C22.0	YES	NO	NA	NA	NA	54	YES	TRUE	HCC	20.8	1:DECEASED	NA	NA	3528DD91-1A6D-4D41-A3EE-829C857CC904	AAAECDC1-BF19-4208-89DB-57E2FEB355FC	TCGA-2Y-A9H8.61B5E3D4-727D-45ED-BAC3-9125A0E03F40.pdf	61B5E3D4-727D-45ED-BAC3-9125A0E03F40	NO	255	143	382	NA	NO	8.3	10.3	11.5	WHITE	NO	R0	YES	1	80	Primary	1	3.5	5	4.2	Female	NA	Liver	Matched	NA	NA	NA	NA	NA	NA	2Y	1.733333333	WITH TUMOR	NA	A	40	2011
lihc_tcga	TCGA-2Y-A9H9	TCGA-2Y-A9H9-01	NO	12	0	7	70	MX	N0	Stage I	7th	T1	0.6	0.2	1.3	Hepatobiliary Cancer	Hepatocellular Carcinoma	A	NA	NA	NA	NA	0.8	0.8	1.2	731	0	NA	Segmentectomy, Multiple	23.03	1:Recurred/Progressed	NA	0	NOT HISPANIC OR LATINO	NA	2	YES	11/3/14	0.2167	G2	178	None	Hepatocellular Carcinoma	Alcohol consumption|Hepatitis C	No	No	C22.0	8170/3	C22.0	YES	NO	NA	NA	NA	106	YES	TRUE	HCC	22.9	0:LIVING	NA	NA	EFC3E5E4-0D8E-4BEF-A259-29F8ED21684F	42D4CDA4-BF55-41B5-9B91-04132A081E13	TCGA-2Y-A9H9.36C343AC-443B-4196-8B6D-7D9213F2DAE1.pdf	36C343AC-443B-4196-8B6D-7D9213F2DAE1	NO	203	143	382	NA	NO	8.3	11	11.5	WHITE	NO	R0	YES	1	120	Primary	1	3.5	5	4.7	Male	NA	Liver	Matched	NA	NA	NA	NA	NA	NA	2Y	3.566666667	WITH TUMOR	NA	A	88	2011
lihc_tcga	TCGA-2Y-A9HA	TCGA-2Y-A9HA-01	YES	114	0	7	70	MX	NX	Stage II	7th	T2	0.6	0.2	1.3	Hepatobiliary Cancer	Hepatocellular Carcinoma	A	NA	NA	NA	NA	0.8	0.8	1.5	713	0	NA	Segmentectomy, Multiple	NA	NA	NA	0	NOT HISPANIC OR LATINO	NA	NA	NO	11/3/14	0.2773	G2	169	None	Hepatocellular Carcinoma	Alcohol consumption|Hepatitis C	No	No	C22.0	8170/3	C22.0	YES	NO	3,4 - Fibrous Speta	NA	NA	108	NO	TRUE	HCC	1.18	1:DECEASED	NA	NA	A25A714E-C142-482B-91C8-4FEA763E0254	40EC7948-F54B-4888-A0C2-DF47F32A85F4	TCGA-2Y-A9HA.C07BBEDC-59CE-41B9-9D47-EDFD8AEB26B9.pdf	C07BBEDC-59CE-41B9-9D47-EDFD8AEB26B9	NO	153	143	382	NA	NO	8.3	10.6	11.5	WHITE	NO	R0	YES	1	90	Primary	1	3.5	5	3.5	Male	NA	Liver	Matched	NA	NA	NA	NA	NA	NA	2Y	3.6	WITH TUMOR	NA	A	69	2012
lihc_tcga	TCGA-2Y-A9HB	TCGA-2Y-A9HB-01	NO	21	0	7	66	MX	NX	Stage I	7th	T1	0.6	0.2	1.3	Hepatobiliary Cancer	Hepatocellular Carcinoma	NA	NA	NA	NA	NA	0.8	0.8	1.5	497	0	NA	Segmentectomy, Single	8.54	0:DiseaseFree	NA	0	HISPANIC OR LATINO	NA	NA	NO	11/3/14	0.1585	G2	167	None	Hepatocellular Carcinoma	Alcohol consumption	No	No	C22.0	8170/3	C22.0	YES	NO	NA	NA	NA	56	NO	TRUE	HCC	8.54	0:LIVING	NA	NA	B181B591-269C-4E48-B681-243D28772025	055FC79D-B598-4DD6-8FC4-A7ACCB86D90A	TCGA-2Y-A9HB.B5784B06-665F-4DA3-A3EF-CF98A84B2FB7.pdf	B5784B06-665F-4DA3-A3EF-CF98A84B2FB7	NO	124	143	382	NA	NO	8.3	11.1	11.5	NA	NO	R0	YES	1	80	Primary	1	3.5	5	3.9	Male	NA	Liver	Matched	NA	NA	NA	NA	NA	NA	2Y	1.833333333	TUMOR FREE	None	A	74	2012
lihc_tcga	TCGA-3K-AAZ8	TCGA-3K-AAZ8-01	NO	NA	NA	NA	65	MX	NX	Stage IIIB	7th	T3b	NA	NA	NA	Hepatobiliary Cancer	Hepatocellular Carcinoma	NA	NA	NA	NA	NA	NA	NA	NA	65	0	NA	Segmentectomy, Multiple	9.99	1:Recurred/Progressed	NA	NA	NOT HISPANIC OR LATINO	NA	NA	NO	8/25/14	0.1333	G1	172	NA	Hepatocellular Carcinoma	Hepatitis C	No	No	C22.0	8170/3	C22.0	YES	NO	5 - Nodular Formation and Incomplete Cirrhosis	NA	NA	100	YES	TRUE	HCC	13.01	0:LIVING	NA	NA	94E387AE-B641-4E9F-BB53-22C7B2A9CCCB	BB485B2F-3A35-41E1-81B8-D6B0BA4F8A64	TCGA-3K-AAZ8.61B69388-FA7E-4AE5-A3F5-104BCE12284F.pdf	61B69388-FA7E-4AE5-A3F5-104BCE12284F	YES	NA	NA	NA	NA	YES	NA	NA	NA	BLACK OR AFRICAN AMERICAN	NO	RX	NO	1	230	Primary	1	NA	NA	NA	Male	NA	Liver	Matched	NA	NA	NA	NA	NA	NA	3K	3.333333333	WITH TUMOR	NA	A	84	2013
lihc_tcga	TCGA-4R-AA8I	TCGA-4R-AA8I-01	NO	5	0	9	66	MX	NX	Stage II	7th	T2	1.2	0.4	1.5	Hepatobiliary Cancer	Hepatocellular Carcinoma	A	NA	NA	NA	NA	0.7	0.6	1.3	43	0	NA	Segmentectomy, Single	8.11	1:Recurred/Progressed	NA	1	NOT HISPANIC OR LATINO	NA	NA	NO	6/5/14	0.1264	G2	171	None	Hepatocellular Carcinoma	Non-Alcoholic Fatty Liver Disease	No	Yes	C22.0	8170/3	C22.0	YES	NO	6 - Established Cirrhosis	NA	NA	922	YES	TRUE	HCC	8.61	1:DECEASED	NA	NA	91A0C8CD-4F23-4569-8E5C-E5442F7AF530	D01BD9B6-1F1E-48DE-A8E4-CAA975D31F03	TCGA-4R-AA8I.1898901D-903B-48F4-B378-41144929245D.pdf	1898901D-903B-48F4-B378-41144929245D	NO	96	150	450	NA	NO	0.8	1.1	1.1	WHITE	NO	R0	YES	1	210	Primary	1	3.5	4.8	3.8	Male	NA	Liver	Matched	NA	NA	NA	NA	NA	NA	4R	30.56666667	WITH TUMOR	Micro	A	103	2013
lihc_tcga	TCGA-5C-A9VG	TCGA-5C-A9VG-01	NO	NA	NA	NA	58	M0	N0	Stage II	7th	T2	NA	NA	NA	Hepatobiliary Cancer	Hepatocellular Carcinoma	A	NA	NA	NA	NA	NA	NA	NA	133	0	NA	Lobectomy	10.78	0:DiseaseFree	NA	0	NOT HISPANIC OR LATINO	NA	NA	NO	6/26/14	0.1707	G2	170	None	Hepatocellular Carcinoma	Other	No	No	C22.0	8170/3	C22.0	YES	NO	NA	NA	NA	102	NO	TRUE	HCC	10.78	0:LIVING	Worker at steel factory	NA	073E51F9-FB79-4A5F-9BA0-2C9AF03C0B85	C8A68467-9EA9-437D-B79E-62DF8E25695B	TCGA-5C-A9VG.9C941E66-614A-49E4-8C60-2C040C591A11.pdf	9C941E66-614A-49E4-8C60-2C040C591A11	NO	NA	NA	NA	NA	YES	NA	NA	NA	WHITE	NO	R0	NO	1	170	Primary	1	NA	NA	NA	Male	NA	Liver	Matched	NA	NA	NA	NA	NA	NA	5C	3.366666667	TUMOR FREE	Micro	A	73	2013
lihc_tcga	TCGA-5C-A9VH	TCGA-5C-A9VH-01	NO	NA	NA	NA	70	M0	N0	Stage I	7th	T1	NA	NA	NA	Hepatobiliary Cancer	Hepatocellular Carcinoma	A	NA	NA	NA	NA	NA	NA	NA	127	0	NA	Segmentectomy, Single	10.58	0:DiseaseFree	NA	0	NOT HISPANIC OR LATINO	NA	NA	NO	6/26/14	0.2059	G2	165	None	Hepatocellular Carcinoma	No History of Primary Risk Factors	No	No	C22.0	8170/3	C22.0	YES	NO	NA	NA	NA	78	NO	TRUE	HCC	10.58	0:LIVING	NA	NA	60FCD491-0170-46C0-AB14-D71F88267A14	4FD4D1C8-64F9-4463-970E-6B5409E36807	TCGA-5C-A9VH.938BCE76-BF7D-4470-A409-805FD012D05D.pdf	938BCE76-BF7D-4470-A409-805FD012D05D	NO	NA	NA	NA	NA	YES	NA	NA	NA	WHITE	NO	R0	NO	1	90	Primary	1	NA	NA	NA	Male	NA	Liver	Matched	NA	NA	NA	NA	NA	NA	5C	2.633333333	TUMOR FREE	None	A	69	2013
lihc_tcga	TCGA-5C-AAPD	TCGA-5C-AAPD-01	NO	NA	NA	NA	61	M0	N0	Stage II	7th	T2	NA	NA	NA	Hepatobiliary Cancer	Hepatocellular Carcinoma plus Intrahepatic Cholangiocarcinoma	A	NA	NA	NA	NA	NA	NA	NA	55	0	NA	Lobectomy	0.66	0:DiseaseFree	NA	1	NOT HISPANIC OR LATINO	NA	NA	NO	6/27/14	0.3876	G1	172	None	Hepatocholangiocarcinoma (Mixed)	Hepatitis B	No	No	C22.0	8180/3	C22.0	YES	NO	NA	NA	NA	56	NO	TRUE	HCCIHCH	0.66	0:LIVING	NA	NA	7A6162A4-1166-4310-84CD-FFC2B06F124C	6F980585-E803-448A-9492-951C782E36CD	TCGA-5C-AAPD.E4DB31C4-89F3-4D8D-A32E-B42C599904E1.pdf	E4DB31C4-89F3-4D8D-A32E-B42C599904E1	NO	NA	NA	NA	NA	YES	NA	NA	NA	ASIAN	NO	R0	NO	1	140	Primary	1	NA	NA	NA	Male	NA	Liver	Matched	NA	NA	NA	NA	NA	NA	5C	1.866666667	TUMOR FREE	None	A	69	2013
lihc_tcga	TCGA-5R-AA1C	TCGA-5R-AA1C-01	NO	2	0	15	57	M0	N0	Stage II	7th	T2	1.8	0	1.2	Hepatobiliary Cancer	Hepatocellular Carcinoma	B	NA	NA	NA	NA	1	0.5	1.3	60	0	NA	Extended Lobectomy	17.08	0:DiseaseFree	NA	1	NOT HISPANIC OR LATINO	NA	NA	NO	11/14/14	0.3975	G2	174	None	Hepatocellular Carcinoma	No History of Primary Risk Factors	No	No	C22.0	8170/3	C22.0	YES	NO	1,2 - Portal Fibrosis	NA	NA	71	NO	FALSE	HCC	17.08	0:LIVING	NA	NA	290890EB-321C-45DC-9CD1-45676C6E5E96	59C12B57-2EEA-4F8B-BBD7-6E504C1034D6	TCGA-5R-AA1C.AF0BACCE-3975-4E9F-9272-404229EC77C9.pdf	AF0BACCE-3975-4E9F-9272-404229EC77C9	NO	223000	150000	450000	NA	YES	11	18	15	WHITE	NO	R0	NO	1	750	Primary	1	3.2	4.6	3	Male	NA	Liver	Matched	NA	NA	NA	NA	NA	NA	5R	2.266666667	TUMOR FREE	Micro	A	90	2013
lihc_tcga	TCGA-5R-AA1D	TCGA-5R-AA1D-01	NO	5	0	15	17	M0	N0	Stage IIIA	7th	T3a	0.5	0	1.2	Hepatobiliary Cancer	Hepatocellular Carcinoma	B	NA	NA	NA	NA	0.7	0.5	1.3	58	0	NA	Extended Lobectomy	14.75	0:DiseaseFree	NA	1	NOT HISPANIC OR LATINO	NA	NA	NO	11/14/14	0.0307	G3	161	None	Hepatocellular Carcinoma	No History of Primary Risk Factors	No	No	C22.0	8170/3	C22.0	YES	NO	0 - No Fibrosis	NA	NA	11	NO	FALSE	HCC	14.75	0:LIVING	NA	NA	D3D3DBA9-139E-4F57-AC70-B741553D1687	4B868F02-7246-49B7-B0BB-4EFDDED82DAA	TCGA-5R-AA1D.59A41C0E-AEC6-49E3-BB91-ECFC1F7C4C80.pdf	59A41C0E-AEC6-49E3-BB91-ECFC1F7C4C80	NO	333000	150000	450000	NA	YES	11	19	15	WHITE	YES	R0	NO	1	750	Primary	1	3.2	4.6	3.3	Female	NA	Liver	Matched	NA	NA	NA	NA	NA	NA	5R	0.366666667	TUMOR FREE	Micro	A	59	2013
lihc_tcga	TCGA-5R-AAAM	TCGA-5R-AAAM-01	NO	32	0	15	65	M0	N0	Stage II	7th	T2	0.6	0	1.2	Hepatobiliary Cancer	Hepatocellular Carcinoma	A	NA	NA	NA	NA	0.7	0.5	1.3	35	0	NA	Segmentectomy, Single	NA	NA	NA	1	NOT HISPANIC OR LATINO	NA	NA	NO	11/14/14	0.1147	G2	163	Severe	Hepatocellular Carcinoma	No History of Primary Risk Factors	No	No	C22.0	8170/3	C22.0	YES	NO	6 - Established Cirrhosis	NA	NA	67	NO	TRUE	HCC	1.51	1:DECEASED	NA	NA	477AFFB9-7C8B-4895-A4F3-6CC6EF8EC5E4	E4E33AAC-7FD7-4C43-AE92-C0EB7AF07183	TCGA-5R-AAAM.B07C5DBA-634E-4028-A32D-61FE7445BDEE.pdf	B07C5DBA-634E-4028-A32D-61FE7445BDEE	NO	68000	150000	450000	NA	YES	11	NA	15	WHITE	NO	R0	NO	1	730	Primary	1	3.2	4.6	3	Female	NA	Liver	Matched	NA	NA	NA	NA	NA	NA	5R	2.233333333	TUMOR FREE	Micro	A	80	2013
lihc_tcga	TCGA-BC-4073	TCGA-BC-4073-01	NA	NA	NA	NA	73	MX	N0	Stage IIIA	6th	T3	0.7	0	1.2	Hepatobiliary Cancer	Hepatocellular Carcinoma	NA	NA	NA	NA	NA	1.5	0.7	1.3	398	0	NA	Segmentectomy, Multiple	27.89	0:DiseaseFree	NA	0	NOT HISPANIC OR LATINO	NA	3	YES	12/20/10	0.0745	G3	NA	NA	Hepatocellular Carcinoma	Hemochromatosis	No	No	C22.0	8170/3	C22.0	YES	NO	NA	NA	NA	83	NA	TRUE	HCC	27.89	0:LIVING	NA	NA	00f209c3-041a-4c6e-8b0f-6383eb3c85fc	9c101575-699b-4629-8a69-e57fe2d0c727	TCGA-BC-4073.1C53BF2E-0AA8-477F-8281-63455E0D36E2.pdf	1C53BF2E-0AA8-477F-8281-63455E0D36E2	NA	253	150	440	NA	NO	NA	1	NA	WHITE	NA	R1	YES	1	230	Primary	1	NA	NA	NA	Male	NA	Liver	Matched	NA	NA	NA	NA	NA	NA	BC	2.733333333	WITH TUMOR	Macro	B	NA	2009
lihc_tcga	TCGA-BC-A10Q	TCGA-BC-A10Q-01	NA	NA	NA	NA	72	MX	NX	NA	5th	T2	0.5	NA	NA	Hepatobiliary Cancer	Hepatocellular Carcinoma	NA	NA	NA	NA	NA	0.6	0.7	1.1	4437	0	NA	Extended Lobectomy	11.17	1:Recurred/Progressed	NA	NA	NOT HISPANIC OR LATINO	NA	1	YES	3/23/11	0.6242	NA	NA	NA	Hepatocellular Carcinoma	No History of Primary Risk Factors	No	No	C22.0	8170/3	C22.0	YES	NO	NA	NA	NA	28	NA	FALSE	HCC	37.29	1:DECEASED	NA	NA	dfa15fbe-bb14-40ce-afc6-70694112e3e2	bf225dc1-4309-4304-849e-cbcc23c8442c	TCGA-BC-A10Q.10117C34-85C2-49DE-B2AD-F8D0D4570DA9.pdf	10117C34-85C2-49DE-B2AD-F8D0D4570DA9	NA	287000	150	440	NA	NO	NA	0.9	NA	WHITE	NA	R1	YES	1	340	Primary	1	3.5	5	4.1	Female	NA	Liver	Matched	NA	NA	NA	NA	NA	NA	BC	0.9	WITH TUMOR	None	A	NA	1998
lihc_tcga	TCGA-BC-A10R	TCGA-BC-A10R-01	NA	27	NA	NA	66	MX	NX	NA	5th	T3	NA	NA	NA	Hepatobiliary Cancer	Hepatocellular Carcinoma	NA	NA	NA	NA	NA	0.7	0.7	1.1	4316	0	NA	Lobectomy	6.54	1:Recurred/Progressed	NA	NA	NOT HISPANIC OR LATINO	NA	1	YES	3/23/11	0.6186	G2	NA	Mild	Hepatocellular Carcinoma	No History of Primary Risk Factors	No	No	C22.0	8170/3	C22.0	YES	NO	NA	NA	NA	83	NA	FALSE	HCC	10.12	1:DECEASED	NA	NA	0bf5bbd4-d9e8-42a6-9ab5-f2c174dec12c	995180f2-5aa7-47b9-bb3f-585f94b2457a	TCGA-BC-A10R.65BE2C95-CADA-44FC-9313-14529AFF773E.pdf	65BE2C95-CADA-44FC-9313-14529AFF773E	NA	209000	150	440	NA	NO	NA	0.9	NA	WHITE	NA	R0	YES	1	180	Primary	1	NA	NA	4	Female	NA	Liver	Matched	NA	NA	NA	NA	NA	NA	BC	2.733333333	WITH TUMOR	Micro	A	NA	1999
lihc_tcga	TCGA-BC-A10T	TCGA-BC-A10T-01	NA	NA	NA	NA	76	MX	NX	NA	5th	T4	0.7	NA	NA	Hepatobiliary Cancer	Hepatocellular Carcinoma	NA	NA	NA	NA	NA	1.2	NA	NA	3660	0	NA	Other (specify)	19.65	1:Recurred/Progressed	NA	NA	NOT HISPANIC OR LATINO	NA	NA	NO	3/23/11	0.2625	G1	NA	NA	Hepatocellular Carcinoma	No History of Primary Risk Factors	No	No	C22.0	8170/3	C22.0	YES	NO	1,2 - Portal Fibrosis	NA	NA	71	NA	FALSE	HCC	27.5	1:DECEASED	NA	NA	8a9cde9a-c38c-423e-bc14-354ee26468c9	d2f6cea0-ecec-49f1-a851-e332e79ce098	TCGA-BC-A10T.D8103C33-F303-4D97-81AF-CC3D06E79285.pdf	D8103C33-F303-4D97-81AF-CC3D06E79285	NA	450000	150	440	NA	NO	NA	1.1	NA	WHITE	NA	R1	YES	1	1000	Primary	1	NA	NA	3	Male	NA	Liver	Matched	NA	NA	NA	NA	NA	NA	BC	2.366666667	WITH TUMOR	None	A	86	2000
lihc_tcga	TCGA-BC-A10U	TCGA-BC-A10U-01	NA	38	NA	NA	69	MX	NX	NA	5th	T2	0.4	0	1.2	Hepatobiliary Cancer	Hepatocellular Carcinoma	NA	NA	NA	NA	NA	0.9	0.8	1.4	3645	0	NA	Lobectomy	19.25	1:Recurred/Progressed	NA	NA	NOT HISPANIC OR LATINO	NA	4	YES	3/23/11	0.3133	G2	NA	NA	Hepatocellular Carcinoma	Alcohol consumption	No	No	C22.0	8170/3	C22.0	YES	NO	NA	NA	NA	116	NA	FALSE	HCC	27.5	1:DECEASED	NA	NA	23103931-cc29-4f89-ae9c-79d53401ecea	f948e99c-22ba-4037-8a69-34b15f9fa557	TCGA-BC-A10U.57EB75F3-6F48-4CFB-86CF-F694C390C86A.pdf	57EB75F3-6F48-4CFB-86CF-F694C390C86A	NA	204000	150	440	NA	NO	NA	1.1	NA	WHITE	NA	R1	YES	1	510	Primary	1	3.5	5	4.3	Male	NA	Liver	Matched	NA	NA	NA	NA	NA	NA	BC	3.866666667	WITH TUMOR	NA	A	NA	2000
lihc_tcga	TCGA-BC-A10W	TCGA-BC-A10W-01	NA	79	NA	NA	50	MX	NX	NA	5th	T4	1.4	0	1.2	Hepatobiliary Cancer	Hepatocellular Carcinoma	NA	NA	NA	NA	NA	0.8	0.8	1.4	3100	0	NA	Lobectomy	NA	NA	NA	NA	NOT HISPANIC OR LATINO	NA	1	YES	3/31/11	0.2378	G3	NA	NA	Hepatocellular Carcinoma	Hepatitis B	No	No	C22.0	8170/3	C22.0	YES	NO	NA	NA	NA	163	NA	FALSE	HCC	2.99	1:DECEASED	NA	NA	39baf24a-4032-4c23-b3fe-2c50df1881f6	18fd84d2-dda5-4916-b42b-5ee6ac00496f	TCGA-BC-A10W.A7F79765-5038-47AA-87B0-40E2D802E535.pdf	A7F79765-5038-47AA-87B0-40E2D802E535	NA	401	150	440	NA	NO	NA	0.9	NA	ASIAN	NA	R1	YES	1	460	Primary	1	3.5	5	2.8	Male	NA	Liver	Matched	NA	NA	NA	NA	NA	NA	BC	5.4	WITH TUMOR	NA	A	71	2002
lihc_tcga	TCGA-BC-A10X	TCGA-BC-A10X-01	NA	264	NA	NA	52	MX	N0	Stage IIIA	5th	T3a	0.3	0	1.2	Hepatobiliary Cancer	Hepatocellular Carcinoma	NA	NA	NA	NA	NA	0.7	0.7	1.1	3080	0	NA	Lobectomy	NA	NA	NA	NA	NOT HISPANIC OR LATINO	NA	2	YES	3/31/11	0.0001	G2	NA	None	Hepatocellular Carcinoma	No History of Primary Risk Factors	No	No	C22.0	8170/3	C22.0	YES	NO	NA	NA	NA	3	NA	FALSE	HCC	25.3	1:DECEASED	NA	NA	3dc48ea9-a3c6-437f-af5a-88feb300cc5f	1ae03bc9-de5a-417c-a617-7256c8d2d9b8	TCGA-BC-A10X.671F5D97-36F3-40BA-9E28-1B65B21EF3D4.pdf	671F5D97-36F3-40BA-9E28-1B65B21EF3D4	NA	602	150	440	NA	NO	NA	1	NA	WHITE	NA	R0	YES	1	520	Primary	1	3.5	5	3.6	Female	NA	Liver	Matched	NA	NA	NA	NA	NA	NA	BC	0.1	TUMOR FREE	Micro	A	65	2002
lihc_tcga	TCGA-BC-A10Y	TCGA-BC-A10Y-01	NA	10575	0	10	76	MX	NX	NA	5th	T4	0.5	0	1.2	Hepatobiliary Cancer	Hepatocellular Carcinoma	NA	NA	NA	NA	NA	1	0.9	1.4	2961	0	NA	Lobectomy	13.14	1:Recurred/Progressed	NA	NA	NOT HISPANIC OR LATINO	NA	NA	NO	3/31/11	0.1971	G3	175	None	Hepatocellular Carcinoma	Alcohol consumption	No	No	C22.0	8170/3	C22.0	YES	NO	NA	NA	NA	48	NA	FALSE	HCC	23.36	1:DECEASED	NA	NA	6533648f-1353-4253-b65b-d472aacf5751	06ba5a5e-1718-4208-9811-8a157a520645	TCGA-BC-A10Y.20CD1D6D-C4ED-43AD-9FCD-0A683FD96C6E.pdf	20CD1D6D-C4ED-43AD-9FCD-0A683FD96C6E	NA	239	150	440	NA	NO	NA	1	NA	WHITE	NA	R0	YES	1	340	Primary	1	3.5	5	4	Male	NA	Liver	Matched	NA	NA	NA	NA	NA	NA	BC	1.566666667	WITH TUMOR	Micro	A	77	2002
lihc_tcga	TCGA-BC-A10Z	TCGA-BC-A10Z-01	NA	779	0	10	62	MX	N0	Stage I	6th	T1	0.6	0	1.2	Hepatobiliary Cancer	Hepatocellular Carcinoma	NA	NA	NA	NA	NA	1.2	0.7	1.1	2652	0	NA	Extended Lobectomy	NA	NA	NA	NA	NOT HISPANIC OR LATINO	NA	1	YES	4/1/11	0.2009	G2	NA	None	Hepatocellular Carcinoma	No History of Primary Risk Factors	No	No	C22.0	8170/3	C22.0	YES	NO	NA	NA	NA	152	NA	FALSE	HCC	1.12	1:DECEASED	NA	NA	709f1e4d-f5e8-4a0b-8254-23f037f4bae7	a758e425-e4f9-4b71-86f0-f82f4331055d	TCGA-BC-A10Z.427BA175-823D-4C68-B659-D53CFEB5EA45.pdf	427BA175-823D-4C68-B659-D53CFEB5EA45	NA	260	150	440	NA	NO	NA	0.9	NA	WHITE	NA	R0	YES	1	160	Primary	1	3.5	5	3.1	Female	NA	Liver	Matched	NA	NA	NA	NA	NA	NA	BC	5.033333333	TUMOR FREE	None	A	79	2003
lihc_tcga	TCGA-BC-A110	TCGA-BC-A110-01	NA	NA	0	10	51	MX	NX	NA	6th	T1	0.3	0	1.2	Hepatobiliary Cancer	Hepatocellular Carcinoma	NA	NA	NA	NA	NA	3.5	0.7	1.1	2629	0	NA	Segmentectomy, Single	67.58	1:Recurred/Progressed	NA	NA	NOT HISPANIC OR LATINO	NA	2	YES	4/1/11	0.0000	G1	155	NA	Hepatocellular Carcinoma	Alcohol consumption	No	Yes	C22.0	8170/3	C22.0	YES	NO	NA	NA	NA	31	NA	FALSE	HCC	69.51	1:DECEASED	NA	NA	cf028bce-d20d-42b8-8507-1ec94a391e85	4db99739-f0d5-4db9-a5fa-4445c7a61b4b	TCGA-BC-A110.DCC8DAE3-E0AF-4B37-8E5F-A2004ACA1F9B.pdf	DCC8DAE3-E0AF-4B37-8E5F-A2004ACA1F9B	NA	288	150	440	NA	NO	NA	0.9	NA	BLACK OR AFRICAN AMERICAN	NA	R0	YES	1	280	Primary	1	3.5	5	3.7	Female	NA	Liver	Matched	NA	NA	NA	NA	NA	NA	BC	1	WITH TUMOR	None	A	91	2003
lihc_tcga	TCGA-BC-A112	TCGA-BC-A112-01	NA	233	0	10	80	MX	NX	NA	6th	T3	0.3	0	1.2	Hepatobiliary Cancer	Hepatocellular Carcinoma	NA	NA	NA	NA	NA	2.1	0.7	1.3	538	0	NA	Segmentectomy, Multiple	NA	NA	NA	NA	NOT HISPANIC OR LATINO	NA	NA	NO	4/1/11	0.1901	G2	165	NA	Hepatocellular Carcinoma	Alcohol consumption	No	Yes	C22.0	8170/3	C22.0	YES	NO	0 - No Fibrosis	NA	NA	237	NA	FALSE	HCC	5.03	1:DECEASED	NA	NA	a2c17e87-d8bc-4160-88ae-e3e894d013e4	6b3da272-71dc-4aec-ab4c-42bf93523bb4	TCGA-BC-A112.284ECD8D-E19C-4042-9C8E-EAA003D2C69D.pdf	284ECD8D-E19C-4042-9C8E-EAA003D2C69D	NA	218	150	440	NA	NO	NA	1.1	NA	WHITE	NA	R0	YES	1	70	Primary	1	3.5	5	4.1	Male	NA	Liver	Matched	NA	NA	NA	NA	NA	NA	BC	7.8	TUMOR FREE	None	A	97	2009
lihc_tcga	TCGA-BC-A216	TCGA-BC-A216-01	NA	831	0	8	62	M0	NX	Stage IIIA	6th	T3	0.6	0	1.5	Hepatobiliary Cancer	Hepatocellular Carcinoma	NA	NA	NA	NA	NA	0.9	0.5	1.5	1052	0	NA	Extended Lobectomy	44.38	0:DiseaseFree	NA	NA	NA	NA	2	YES	7/8/11	0.1978	G2	164	Mild	Hepatocellular Carcinoma	No History of Primary Risk Factors	No	No	C22.0	8170/3	C22.0	YES	NO	0 - No Fibrosis	NA	NA	41	NA	FALSE	HCC	44.38	0:LIVING	NA	NA	4bbdbe77-f3cb-4b64-9826-72debb734784	f8b5247f-5276-4189-9041-2d914482d539	TCGA-BC-A216.28CDABB8-3172-4676-8F4A-8B91F2B8D85F.pdf	28CDABB8-3172-4676-8F4A-8B91F2B8D85F	NA	211000	140000	440000	NA	NO	NA	1.4	NA	WHITE	NA	R0	YES	1	100	Primary	1	3.5	5	3.4	Female	NA	Liver	Matched	NA	NA	NA	NA	NA	NA	BC	1.333333333	TUMOR FREE	None	A	151	2008
lihc_tcga	TCGA-BC-A217	TCGA-BC-A217-01	NA	28	0	10	75	M0	NX	Stage II	7th	T2	0.2	0	1.2	Hepatobiliary Cancer	Hepatocellular Carcinoma	NA	NA	NA	NA	NA	0.8	0.6	1	408	0	NA	NA	NA	NA	NA	NA	NA	NA	NA	NO	7/8/11	0.5211	G3	163	None	Hepatocellular Carcinoma	Alcohol consumption	No	No	C22.0	8170/3	C22.0	YES	NO	0 - No Fibrosis	NA	NA	82	NA	FALSE	HCC	45.89	1:DECEASED	NA	NA	6dcfc418-ab28-4365-95ea-c1ae254f2341	c827a8b9-359c-4a6f-b950-839b3fb0c097	TCGA-BC-A217.FEA652A1-DD1E-4D78-87DF-FC2162267A96.pdf	FEA652A1-DD1E-4D78-87DF-FC2162267A96	NA	243000	150000	440000	NA	YES	NA	1	NA	WHITE	NA	R0	NO	1	240	Primary	1	3.5	5	4.4	Female	NA	Liver	Matched	NA	NA	NA	NA	NA	NA	BC	2.7	TUMOR FREE	Micro	A	81	2010
lihc_tcga	TCGA-BC-A3KF	TCGA-BC-A3KF-01	NA	NA	NA	NA	66	M0	NX	Stage I	7th	T1	NA	NA	NA	Hepatobiliary Cancer	Hepatocellular Carcinoma	NA	NA	NA	NA	NA	0.8	0.6	1	91	0	NA	Segmentectomy, Single	0.26	0:DiseaseFree	NA	NA	NA	NA	2	YES	4/19/12	0.3866	G2	173	NA	Hepatocellular Carcinoma	No History of Primary Risk Factors	No	No	C22.0	8170/3	C22.0	YES	NO	NA	NA	NA	267	NA	FALSE	HCC	0.26	0:LIVING	NA	NA	07DD49FC-8A76-41E8-9EB3-107336F68701	ECE7AFF8-7303-4D9A-B5EF-ABB871571686	TCGA-BC-A3KF.AFBED89A-FA3F-45E9-9824-AEE5F891C5B2.pdf	AFBED89A-FA3F-45E9-9824-AEE5F891C5B2	NA	171000	150000	440000	NA	YES	NA	1	NA	WHITE	NA	R0	NO	1	340	Primary	1	NA	NA	NA	Female	NA	Liver	Matched	NA	NA	NA	NA	NA	NA	BC	8.933333333	TUMOR FREE	None	A	58	2011
lihc_tcga	TCGA-BC-A3KG	TCGA-BC-A3KG-01	NA	618	0	10	68	M0	N0	Stage II	7th	T2	0.5	0	1.2	Hepatobiliary Cancer	Hepatocellular Carcinoma	NA	NA	NA	NA	NA	0.7	0.6	1	140	0	NA	Lobectomy	6.87	1:Recurred/Progressed	NA	NA	NOT HISPANIC OR LATINO	NA	NA	NO	4/19/12	0.3731	G3	159	NA	Hepatocellular Carcinoma	Alcohol consumption	No	No	C22.0	8170/3	C22.0	YES	NO	NA	NA	NA	326	NA	FALSE	HCC	22.34	0:LIVING	NA	NA	75F43FCA-200A-48B0-BB67-0693D7B91119	DA632FF7-E6B4-4ECD-AB72-A08461588B44	TCGA-BC-A3KG.67A81454-06A8-451D-B855-F9D146CC0348.pdf	67A81454-06A8-451D-B855-F9D146CC0348	NA	499000	150000	440000	NA	YES	NA	1.1	NA	WHITE	NA	R0	NO	1	790	Primary	1	3.5	5	3.6	Female	NA	Liver	Matched	NA	NA	NA	NA	NA	NA	BC	10.83333333	WITH TUMOR	Micro	A	64	2011
lihc_tcga	TCGA-BC-A5W4	TCGA-BC-A5W4-01	NO	NA	NA	NA	69	M0	NX	Stage IIIA	7th	T3a	0.6	0	1.2	Hepatobiliary Cancer	Hepatocellular Carcinoma	A	NA	NA	NA	NA	NA	0.7	1.3	224	0	NA	Segmentectomy, Multiple	12.61	1:Recurred/Progressed	NA	NA	NOT HISPANIC OR LATINO	NA	NA	NO	5/20/13	0.7631	G3	183	None	Hepatocellular Carcinoma	Alcohol consumption	No	Yes	C22.0	8170/3	C22.0	YES	NO	NA	NA	NA	51	NO	FALSE	HCC	17.97	1:DECEASED	NA	NA	6BB5D506-8FCA-43F3-90A6-03C915D7EDE2	7B9C40BF-6AD0-491E-84FC-F835FE3589C5	TCGA-BC-A5W4.6BCF821F-1993-4BA9-A9D2-EB4DEACD402C.pdf	6BCF821F-1993-4BA9-A9D2-EB4DEACD402C	NO	102000	150000	440000	NA	YES	9.9	12.9	13	WHITE	NO	R1	NO	1	540	Primary	1	3.5	5	4.2	Male	NA	Liver	Matched	NA	NA	NA	NA	NA	NA	BC	1.666666667	TUMOR FREE	Micro	A	106	2012
lihc_tcga	TCGA-BC-A69H	TCGA-BC-A69H-01	NO	103900	0	NA	64	M0	NX	Stage II	7th	T2	0.4	0	1.2	Hepatobiliary Cancer	Hepatocellular Carcinoma	A	NA	NA	NA	NA	0.8	0.8	1.3	94	0	NA	Segmentectomy, Multiple	14.59	0:DiseaseFree	NA	1	NOT HISPANIC OR LATINO	NA	NA	NO	6/18/13	0.4903	G3	173	None	Hepatocellular Carcinoma	Alcohol consumption	No	No	C22.0	8170/3	C22.0	YES	NO	NA	NA	NA	37	NO	FALSE	HCC	14.59	0:LIVING	NA	NA	79DF037C-7D37-4E6C-A654-57708A4F87AA	7B0389AE-8B72-4E9A-AC52-802A384A14A3	TCGA-BC-A69H.AE56DFF8-AF71-4217-A491-8F78543E186D.pdf	AE56DFF8-AF71-4217-A491-8F78543E186D	NO	194000	140000	440000	NA	YES	9.1	10.7	12	WHITE	NO	R0	NO	1	610	Primary	1	3.6	4.8	4.3	Male	NA	Liver	Matched	NA	NA	NA	NA	NA	NA	BC	1.233333333	TUMOR FREE	Micro	A	70	2013
lihc_tcga	TCGA-BC-A8YO	TCGA-BC-A8YO-01	NO	NA	NA	NA	66	M0	N0	Stage IIIC	7th	T4	0.3	0	1.2	Hepatobiliary Cancer	Hepatocellular Carcinoma	NA	NA	NA	NA	NA	0.8	0.6	1	141	0	NA	Segmentectomy, Multiple	7.23	1:Recurred/Progressed	NA	NA	NOT HISPANIC OR LATINO	NA	3	YES	3/10/14	0.1144	G3	170	None	Hepatocellular Carcinoma	Alcohol consumption|Other	No	No	C22.0	8170/3	C22.0	YES	NO	NA	NA	NA	54	YES	FALSE	HCC	18.46	0:LIVING	Chronic hepatitis, either viral or autoimmune	NA	F53A70D9-A774-4969-896E-2DCDD4D02A7A	4218932D-170A-41F0-89EC-92A71A7B13DD	TCGA-BC-A8YO.BF3E21AE-D9DC-4011-908A-32C6C1FE10FB.pdf	BF3E21AE-D9DC-4011-908A-32C6C1FE10FB	YES	441000	150000	440000	NA	YES	NA	1	NA	WHITE	NO	R0	NO	1	680	Primary	1	3.5	5	4.3	Female	NA	Liver	Matched	NA	NA	NA	NA	NA	NA	BC	1.8	WITH TUMOR	Macro	A	74	2013
lihc_tcga	TCGA-BD-A2L6	TCGA-BD-A2L6-01	NA	53	0	20	69	MX	NX	NA	7th	T2	0.9	0.3	1.5	Hepatobiliary Cancer	Hepatocellular Carcinoma	A	NA	NA	NA	NA	1.2	0.5	1.4	148	0	NA	Lobectomy	13.63	1:Recurred/Progressed	NA	1	NA	NA	NA	NA	2/10/12	0.1535	G2	168	None	Hepatocellular Carcinoma	Alcohol consumption	No	No	C22.0	8170/3	C22.0	YES	NO	3,4 - Fibrous Speta	NA	NA	66	NA	TRUE	HCC	44.78	0:LIVING	NA	NA	13A97CEE-76B0-46A1-B728-D87B2248311E	7A489D88-3AE5-40F5-9126-92664B250FD6	TCGA-BD-A2L6.6E795E68-4CFC-4DC9-A072-9A78C59CE10A.pdf	6E795E68-4CFC-4DC9-A072-9A78C59CE10A	NA	222	156	369	NA	YES	0.8	1	1.2	WHITE	NA	R0	NO	1	480	Primary	1	3.4	5	3.7	Male	NA	Liver	Matched	NA	NA	NA	NA	NA	NA	BD	2.2	WITH TUMOR	Micro	A	110	2011
lihc_tcga	TCGA-BD-A3EP	TCGA-BD-A3EP-01	NA	17	0	20	75	M0	N0	Stage I	7th	T1	0.6	0.3	1.5	Hepatobiliary Cancer	Hepatocellular Carcinoma	A	NA	NA	NA	NA	1.1	0.5	1.4	398	0	NA	Lobectomy	13.44	0:DiseaseFree	NA	1	NOT HISPANIC OR LATINO	NA	0	NO	3/21/12	0.2651	G2	168	Mild	Hepatocellular Carcinoma	No History of Primary Risk Factors	No	No	C22.0	8170/3	C22.0	YES	NO	1,2 - Portal Fibrosis	NA	NA	246	NA	TRUE	HCC	13.44	0:LIVING	NA	NA	DE302B98-250D-42FE-9945-11E1B2BBD3C6	553DFA2D-C496-4982-8BA1-32D5054864BE	TCGA-BD-A3EP.4560D451-6F7E-4F3F-8AF7-F393DB000ABD.pdf	4560D451-6F7E-4F3F-8AF7-F393DB000ABD	NA	333	156	369	NA	YES	0.8	1	1.2	BLACK OR AFRICAN AMERICAN	NA	R0	NO	1	140	Primary	1	3.4	5	3.8	Female	NA	Liver	Matched	NA	NA	NA	NA	NA	NA	BD	8.233333333	TUMOR FREE	None	A	71	2010
lihc_tcga	TCGA-BD-A3ER	TCGA-BD-A3ER-01	NA	5	0	20	62	MX	NX	Stage II	7th	T2	0.7	0.3	1.5	Hepatobiliary Cancer	Hepatocellular Carcinoma	A	NA	NA	NA	NA	0.9	0.5	1.4	23	0	NA	Segmentectomy, Multiple	7.42	1:Recurred/Progressed	NA	0	NOT HISPANIC OR LATINO	NA	0	NO	3/21/12	0.0924	G2	188	Mild	Hepatocellular Carcinoma	Hemochromatosis	No	Yes	C22.0	8170/3	C22.0	YES	NO	6 - Established Cirrhosis	NA	NA	39	NA	TRUE	HCC	36.63	0:LIVING	Alcohol Consumption	NA	9457A9A1-3DD1-4D88-B1E1-D20AAE4491DD	7E3BB1D9-C3B4-4AF8-85D3-F51F3B77D066	TCGA-BD-A3ER.2CD158D7-48E7-43D6-8E0F-2D56FC6F5256.pdf	2CD158D7-48E7-43D6-8E0F-2D56FC6F5256	NA	208	156	369	NA	YES	0.8	1.2	1.2	WHITE	NA	R0	NO	1	90	Primary	1	3.4	5	3.9	Male	NA	Liver	Matched	NA	NA	NA	NA	NA	NA	BD	1.3	TUMOR FREE	None	A	111	2011
lihc_tcga	TCGA-BW-A5NO	TCGA-BW-A5NO-01	NO	NA	NA	NA	50	MX	NX	Stage IIIA	7th	T3a	NA	NA	NA	Hepatobiliary Cancer	Hepatocellular Carcinoma	NA	NA	NA	NA	NA	NA	NA	NA	840	0	NA	Lobectomy	0.66	0:DiseaseFree	NA	1	NOT HISPANIC OR LATINO	NA	NA	NA	3/26/14	0.5445	G2	NA	NA	Hepatocellular Carcinoma	Hepatitis C	No	No	C22.0	8170/3	C22.0	YES	NO	3,4 - Fibrous Speta	NA	NA	90	NO	FALSE	HCC	0.66	0:LIVING	NA	NA	EE63C44B-91F4-4004-8DEA-192EAB527036	3CBD785D-CAD5-4299-8FE8-695CA8DB726D	TCGA-BW-A5NO.39E090EF-9EA0-4362-BB47-432DE5AA1393.pdf	39E090EF-9EA0-4362-BB47-432DE5AA1393	NO	NA	NA	NA	NA	YES	NA	NA	NA	BLACK OR AFRICAN AMERICAN	NO	RX	NO	1	110	Primary	1	NA	NA	NA	Male	NA	Liver	Matched	NA	NA	NA	NA	NA	NA	BW	2.966666667	TUMOR FREE	None	A	NA	2010
lihc_tcga	TCGA-BW-A5NP	TCGA-BW-A5NP-01	NO	143684	NA	NA	26	M1	N0	Stage IV	7th	T2	NA	NA	NA	Hepatobiliary Cancer	Hepatocellular Carcinoma	NA	NA	NA	NA	NA	NA	NA	NA	1057	0	NA	NA	3.35	1:Recurred/Progressed	NA	2	HISPANIC OR LATINO	NA	NA	NA	3/26/14	0.5159	G3	NA	Mild	Hepatocellular Carcinoma	Hepatitis B	No	No	C22.0	8170/3	C22.0	YES	NO	3,4 - Fibrous Speta	NA	NA	55	YES	FALSE	HCC	0	0:LIVING	NA	NA	56A82A56-0241-4D3D-9DE2-696B0C36DF91	C13884B6-EAEF-4E1C-8FA7-5FE76548D32F	TCGA-BW-A5NP.D13029B5-B160-48FC-A556-9FBF8CAF4EDB.pdf	D13029B5-B160-48FC-A556-9FBF8CAF4EDB	YES	NA	NA	NA	NA	YES	NA	NA	NA	WHITE	NO	RX	NO	1	290	Primary	1	NA	NA	NA	Female	NA	Liver	Matched	NA	NA	NA	NA	NA	NA	BW	1.833333333	WITH TUMOR	Micro	A	NA	2010
lihc_tcga	TCGA-BW-A5NQ	TCGA-BW-A5NQ-01	NA	NA	NA	NA	63	MX	NX	Stage I	7th	T1	NA	NA	NA	Hepatobiliary Cancer	Hepatocellular Carcinoma	NA	NA	NA	NA	NA	NA	NA	NA	1022	0	NA	Segmentectomy, Multiple	0	0:DiseaseFree	NA	NA	NOT HISPANIC OR LATINO	NA	NA	NA	3/26/14	0.3205	G3	NA	NA	Hepatocellular Carcinoma	Alcohol consumption|Other	No	Yes	C22.0	8170/3	C22.0	YES	NO	6 - Established Cirrhosis	NA	NA	75	NA	FALSE	HCC	0	0:LIVING	cirrhosis	NA	C7F1B389-AEC7-4993-8AFB-B7A56064F8FC	C8FFE03A-62C3-4B47-9DEA-CB3377F59ABB	TCGA-BW-A5NQ.D56121DE-22A7-44D8-97EF-E33D395ABAF9.pdf	D56121DE-22A7-44D8-97EF-E33D395ABAF9	NA	NA	NA	NA	NA	YES	NA	NA	NA	WHITE	NA	RX	NO	1	160	Primary	1	NA	NA	NA	Male	NA	Liver	Matched	NA	NA	NA	NA	NA	NA	BW	2.433333333	TUMOR FREE	None	A	NA	2010
lihc_tcga	TCGA-CC-5258	TCGA-CC-5258-01	NA	NA	NA	NA	48	M0	N0	Stage II	6th	T2	NA	NA	NA	Hepatobiliary Cancer	Hepatocellular Carcinoma	NA	NA	NA	NA	NA	NA	NA	NA	147	0	NA	Other (specify)	NA	NA	NA	3	NOT HISPANIC OR LATINO	NA	NA	NO	4/15/11	0.2812	G2	NA	NA	Hepatocellular Carcinoma	NA	No	No	C22.0	8170/3	C22.0	YES	NO	NA	NA	NA	103	NA	TRUE	HCC	4.24	1:DECEASED	NA	NA	6a93206a-c25c-4e45-b0ba-0a21bd8253b6	d928ac5d-960f-4ebe-8826-0e03b55dc34e	TCGA-CC-5258.F63EEB94-37AE-43FC-97B9-8EBF328C2134.pdf	F63EEB94-37AE-43FC-97B9-8EBF328C2134	NA	NA	NA	NA	NA	YES	NA	NA	NA	ASIAN	NA	RX	NO	1	1700	Primary	1	NA	NA	NA	Male	NA	Liver	Matched	NA	NA	NA	NA	NA	NA	CC	3.4	TUMOR FREE	None	A	55	2010
lihc_tcga	TCGA-CC-5259	TCGA-CC-5259-01	NA	NA	NA	NA	60	M0	N0	Stage IIIC	7th	T4	NA	NA	NA	Hepatobiliary Cancer	Hepatocellular Carcinoma	NA	NA	NA	NA	NA	NA	NA	NA	106	0	NA	Segmentectomy, Single	5.91	1:Recurred/Progressed	NA	NA	NOT HISPANIC OR LATINO	NA	NA	NO	3/6/12	NA	G2	153	NA	Hepatocellular Carcinoma	No History of Primary Risk Factors	No	No	C22.0	8170/3	C22.0	YES	NO	NA	NA	NA	137	NA	TRUE	HCC	8.21	0:LIVING	NA	NA	7444EEA6-90E8-42DD-A7B5-0AFC6D96E1E8	E5587496-5655-4B18-82E3-E00593A1C64C	TCGA-CC-5259.BE330AF3-7D80-4588-80D1-2C24F0158BFB.pdf	BE330AF3-7D80-4588-80D1-2C24F0158BFB	NA	NA	NA	NA	NA	YES	NA	NA	NA	ASIAN	NA	R0	NO	1	400	Primary	1	NA	NA	NA	Female	NA	Liver	Matched	NA	NA	NA	NA	NA	NA	CC	4.5	TUMOR FREE	NA	A	49	2010
lihc_tcga	TCGA-CC-5260	TCGA-CC-5260-01	NA	NA	NA	NA	61	M0	N0	Stage IIIC	7th	T4	NA	NA	NA	Hepatobiliary Cancer	Hepatocellular Carcinoma	NA	NA	NA	NA	NA	NA	NA	NA	105	0	NA	Other (specify)	NA	NA	NA	NA	NOT HISPANIC OR LATINO	NA	NA	NO	4/15/11	0.2620	G1	153	NA	Hepatocellular Carcinoma	NA	No	No	C22.0	8170/3	C22.0	YES	NO	NA	NA	NA	51	NA	TRUE	HCC	2.86	1:DECEASED	NA	NA	ca8afb2c-be3d-41e8-8dbc-19fe7ab6154b	7f347680-cd4d-4289-8f8f-3b0541381a42	TCGA-CC-5260.2E6A53F8-D019-4B4A-894F-CF21BEE91EDD.pdf	2E6A53F8-D019-4B4A-894F-CF21BEE91EDD	NA	NA	NA	NA	NA	YES	NA	NA	NA	ASIAN	NA	RX	NO	1	600	Primary	1	NA	NA	NA	Female	NA	Liver	Matched	NA	NA	NA	NA	NA	NA	CC	1.7	TUMOR FREE	None	A	46	2010
lihc_tcga	TCGA-CC-5261	TCGA-CC-5261-01	NA	NA	NA	NA	44	M0	N0	Stage II	7th	T2	NA	NA	NA	Hepatobiliary Cancer	Hepatocellular Carcinoma	NA	NA	NA	NA	NA	NA	NA	NA	110	0	NA	Other (specify)	NA	NA	NA	NA	NOT HISPANIC OR LATINO	NA	NA	NA	4/18/11	0.3983	G2	175	NA	Hepatocellular Carcinoma	NA	No	No	C22.0	8170/3	C22.0	YES	NO	NA	NA	NA	32	NA	TRUE	HCC	3.19	1:DECEASED	NA	NA	1ad7f17e-b3b8-40e9-aab8-5a17e0aec408	538998f3-5230-4963-8b67-d34de695e97d	TCGA-CC-5261.30B90892-0231-450E-8A93-28F387047463.pdf	30B90892-0231-450E-8A93-28F387047463	NA	NA	NA	NA	NA	YES	NA	NA	NA	ASIAN	NA	RX	NO	1	450	Primary	1	NA	NA	NA	Male	NA	Liver	Matched	NA	NA	NA	NA	NA	NA	CC	1.066666667	TUMOR FREE	None	A	58	2010
lihc_tcga	TCGA-CC-5262	TCGA-CC-5262-01	NA	NA	NA	NA	67	M0	N0	Stage IIIC	7th	T4	NA	NA	NA	Hepatobiliary Cancer	Hepatocellular Carcinoma	NA	NA	NA	NA	NA	NA	NA	NA	97	0	NA	Other (specify)	NA	NA	NA	NA	NOT HISPANIC OR LATINO	NA	NA	NO	6/2/11	0.1458	G1	170	NA	Hepatocellular Carcinoma	No History of Primary Risk Factors	No	No	C22.0	8170/3	C22.0	YES	NO	NA	NA	NA	86	NA	TRUE	HCC	3.38	1:DECEASED	NA	NA	1b428ada-eb3f-40c2-b4bf-1bbf6b61729d	dc595eed-d459-40fd-8417-6a1c56759ec8	TCGA-CC-5262.B09509A2-A902-4298-AEDF-66BA21C584BB.pdf	B09509A2-A902-4298-AEDF-66BA21C584BB	NA	NA	NA	NA	NA	YES	NA	NA	NA	ASIAN	NA	NA	NO	1	800	Primary	1	NA	NA	NA	Male	NA	Liver	Matched	NA	NA	NA	NA	NA	NA	CC	2.866666667	TUMOR FREE	NA	A	62	2010
lihc_tcga	TCGA-CC-5263	TCGA-CC-5263-01	NA	NA	NA	NA	35	M0	N0	Stage IIIA	6th	T3	NA	NA	NA	Hepatobiliary Cancer	Hepatocellular Carcinoma	NA	NA	NA	NA	NA	NA	NA	NA	91	0	NA	Other (specify)	NA	NA	NA	NA	NOT HISPANIC OR LATINO	NA	NA	NO	4/18/11	0.3312	G1	163	NA	Hepatocellular Carcinoma	No History of Primary Risk Factors	No	No	C22.0	8170/3	C22.0	YES	NO	NA	NA	NA	74	NA	TRUE	HCC	4.24	1:DECEASED	NA	NA	a6af3061-1484-4f6c-bb4b-c8f4626b4161	efa9f768-cc58-4ce4-a47a-ed598797adc8	TCGA-CC-5263.3136CA38-995E-4B6B-97F2-D37AF68EFA4C.pdf	3136CA38-995E-4B6B-97F2-D37AF68EFA4C	NA	NA	NA	NA	NA	YES	NA	NA	NA	ASIAN	NA	RX	NO	1	900	Primary	1	NA	NA	NA	Male	NA	Liver	Matched	NA	NA	NA	NA	NA	NA	CC	2.433333333	TUMOR FREE	None	A	59	2010
lihc_tcga	TCGA-CC-5264	TCGA-CC-5264-01	NA	NA	NA	NA	71	M0	N0	Stage IIIA	6th	T3	NA	NA	NA	Hepatobiliary Cancer	Hepatocellular Carcinoma	NA	NA	NA	NA	NA	NA	NA	NA	84	0	NA	Other (specify)	NA	NA	NA	NA	NOT HISPANIC OR LATINO	NA	NA	NA	4/18/11	0.7745	G2	160	NA	Hepatocellular Carcinoma	NA	No	No	C22.0	8170/3	C22.0	YES	NO	NA	NA	NA	73	NA	TRUE	HCC	3.35	1:DECEASED	NA	NA	61902cb6-b041-48ac-aacc-483a28949865	ec67465b-dc08-4e09-8af2-3b489bd15393	TCGA-CC-5264.4D5CD8E8-DAD7-4392-A44C-BBDF3DAD872F.pdf	4D5CD8E8-DAD7-4392-A44C-BBDF3DAD872F	NA	NA	NA	NA	NA	YES	NA	NA	NA	ASIAN	NA	RX	NO	1	550	Primary	1	NA	NA	NA	Male	NA	Liver	Matched	NA	NA	NA	NA	NA	NA	CC	2.4	TUMOR FREE	None	A	52	2010
lihc_tcga	TCGA-CC-A123	TCGA-CC-A123-01	NA	NA	NA	NA	24	M0	N0	Stage IIIA	6th	T3	NA	NA	NA	Hepatobiliary Cancer	Hepatocellular Carcinoma	NA	NA	NA	NA	NA	NA	NA	NA	49	0	NA	Other (specify)	4.76	1:Recurred/Progressed	NA	3	NOT HISPANIC OR LATINO	NA	NA	NA	4/18/11	NA	G1	NA	NA	Hepatocellular Carcinoma	NA	No	No	C22.0	8170/3	C22.0	YES	NO	NA	NA	NA	52	NA	TRUE	HCC	7.19	0:LIVING	NA	NA	e2f6d3aa-b817-4193-a550-8e53265aa336	98eeca7b-4918-4176-927d-0ac1e48c5d7e	TCGA-CC-A123.65D669CE-291F-489A-9B25-AD619B906900.pdf	65D669CE-291F-489A-9B25-AD619B906900	NA	NA	NA	NA	NA	YES	NA	NA	NA	ASIAN	NA	RX	NO	1	280	Primary	1	NA	NA	NA	Female	NA	Liver	Matched	NA	NA	NA	NA	NA	NA	CC	1.733333333	TUMOR FREE	None	A	NA	2010
lihc_tcga	TCGA-CC-A1HT	TCGA-CC-A1HT-01	NA	NA	NA	NA	50	M0	N0	Stage IIIA	6th	T3	NA	NA	NA	Hepatobiliary Cancer	Hepatocellular Carcinoma	NA	NA	NA	NA	NA	NA	NA	NA	86	0	NA	Other (specify)	NA	NA	NA	4	NOT HISPANIC OR LATINO	NA	NA	NO	6/2/11	0.1766	G3	163	NA	Hepatocellular Carcinoma	No History of Primary Risk Factors	No	No	C22.0	8170/3	C22.0	YES	NO	NA	NA	NA	71	NA	TRUE	HCC	3.32	1:DECEASED	NA	NA	670c1cbc-4494-45f1-bb8b-18db82d4f7e0	96f911ed-2064-4745-ad07-6c47b0a0c7cd	TCGA-CC-A1HT.81F0F911-C2C1-48AD-A67F-FD455503CB46.pdf	81F0F911-C2C1-48AD-A67F-FD455503CB46	NA	NA	NA	NA	NA	YES	NA	NA	NA	ASIAN	NA	NA	NO	1	470	Primary	1	NA	NA	NA	Male	NA	Liver	Matched	NA	NA	NA	NA	NA	NA	CC	2.366666667	TUMOR FREE	NA	A	54	2010
lihc_tcga	TCGA-CC-A3M9	TCGA-CC-A3M9-01	NA	NA	NA	NA	45	M0	N0	Stage IIIA	7th	T3	NA	NA	NA	Hepatobiliary Cancer	Hepatocellular Carcinoma	NA	NA	NA	NA	NA	NA	NA	NA	226	0	NA	Lobectomy	7.19	1:Recurred/Progressed	NA	2	NOT HISPANIC OR LATINO	NA	NA	NO	3/6/12	0.2876	G3	174	NA	Hepatocellular Carcinoma	Alcohol consumption	No	No	C22.0	8173/3	C22.0	YES	NO	NA	NA	NA	92	NA	TRUE	HCC	9.86	1:DECEASED	NA	NA	8E938868-D992-47C4-BECB-93B0F7FFFE07	3319FCFB-A070-403E-BB86-CFD0D6DA68E6	TCGA-CC-A3M9.9529CF47-D435-4CA9-B8B4-069CA2FCD3CD.pdf	9529CF47-D435-4CA9-B8B4-069CA2FCD3CD	NA	NA	NA	NA	NA	YES	NA	NA	NA	ASIAN	NA	R0	NO	1	200	Primary	1	NA	NA	NA	Male	NA	Liver	Matched	NA	NA	NA	NA	NA	NA	CC	3	TUMOR FREE	NA	A	61	2011
lihc_tcga	TCGA-CC-A3MA	TCGA-CC-A3MA-01	NA	NA	NA	NA	61	M0	N0	Stage IIIA	7th	T3	NA	NA	NA	Hepatobiliary Cancer	Hepatocellular Carcinoma	NA	NA	NA	NA	NA	NA	NA	NA	177	0	NA	Lobectomy	8.57	1:Recurred/Progressed	NA	3	NOT HISPANIC OR LATINO	NA	NA	NO	3/6/12	0.3679	G2	168	NA	Hepatocellular Carcinoma	Alcohol consumption	No	No	C22.0	8170/3	C22.0	YES	NO	NA	NA	NA	265	NA	TRUE	HCC	9.95	1:DECEASED	NA	NA	613DDB95-14D7-4941-B374-FB5CD344D1BB	6955889C-D216-44CA-BE25-70FB7D00BC64	TCGA-CC-A3MA.B631A61B-4550-47DE-9240-0FCFAEF47BC6.pdf	B631A61B-4550-47DE-9240-0FCFAEF47BC6	NA	NA	NA	NA	NA	YES	NA	NA	NA	ASIAN	NA	R0	NO	1	530	Primary	1	NA	NA	NA	Male	NA	Liver	Matched	NA	NA	NA	NA	NA	NA	CC	8.833333333	TUMOR FREE	NA	A	66	2011
lihc_tcga	TCGA-CC-A3MB	TCGA-CC-A3MB-01	NA	NA	NA	NA	36	M0	N0	Stage IIIA	7th	T3	NA	NA	NA	Hepatobiliary Cancer	Hepatocellular Carcinoma	NA	NA	NA	NA	NA	NA	NA	NA	205	0	NA	Lobectomy	8.54	1:Recurred/Progressed	NA	3	NOT HISPANIC OR LATINO	NA	NA	NO	3/6/12	0.4977	G1	176	NA	Hepatocellular Carcinoma	No History of Primary Risk Factors	No	No	C22.0	8170/3	C22.0	YES	NO	NA	NA	NA	305	NA	TRUE	HCC	10.35	1:DECEASED	NA	NA	2C53D48D-E3BC-49F3-BBE0-2EEE24252B4C	0466F2A2-3E22-4BDE-907D-82D963EA9746	TCGA-CC-A3MB.62A01956-C6F4-4FCB-AC43-052EEC8AE7AE.pdf	62A01956-C6F4-4FCB-AC43-052EEC8AE7AE	NA	NA	NA	NA	NA	YES	NA	NA	NA	ASIAN	NA	R0	NO	1	460	Primary	1	NA	NA	NA	Male	NA	Liver	Matched	NA	NA	NA	NA	NA	NA	CC	10.2	TUMOR FREE	NA	A	58	2011
lihc_tcga	TCGA-CC-A3MC	TCGA-CC-A3MC-01	NA	NA	NA	NA	54	M0	N0	Stage IIIA	7th	T3	NA	NA	NA	Hepatobiliary Cancer	Hepatocellular Carcinoma	NA	NA	NA	NA	NA	NA	NA	NA	268	0	NA	Lobectomy	9.76	1:Recurred/Progressed	NA	3	NOT HISPANIC OR LATINO	NA	NA	NO	3/6/12	0.2075	G2	163	NA	Hepatocellular Carcinoma	Alcohol consumption	No	No	C22.0	8170/3	C22.0	YES	NO	NA	NA	NA	75	NA	TRUE	HCC	11.93	0:LIVING	NA	NA	0277F393-3743-47D6-A96F-155BAEC9EB49	38E9689A-3698-45CD-A7A4-D2C4F0AF11C6	TCGA-CC-A3MC.3D0D4B1A-1340-488C-B231-F18CC1BC3783.pdf	3D0D4B1A-1340-488C-B231-F18CC1BC3783	NA	NA	NA	NA	NA	YES	NA	NA	NA	ASIAN	NA	R0	NO	1	400	Primary	1	NA	NA	NA	Male	NA	Liver	Matched	NA	NA	NA	NA	NA	NA	CC	2.466666667	TUMOR FREE	NA	A	52	2011
lihc_tcga	TCGA-CC-A5UC	TCGA-CC-A5UC-01	NA	NA	NA	NA	63	M0	N0	Stage IIIA	6th	T3	NA	NA	NA	Hepatobiliary Cancer	Hepatocellular Carcinoma	NA	NA	NA	NA	NA	NA	NA	NA	99	0	NA	Lobectomy	10.25	1:Recurred/Progressed	NA	2	NOT HISPANIC OR LATINO	NA	NA	NO	8/21/14	0.1929	G3	165	NA	Hepatocellular Carcinoma	Alcohol consumption	No	No	C22.0	8170/3	C22.0	YES	NO	NA	NA	NA	42	NO	TRUE	HCC	11.4	1:DECEASED	NA	NA	7E589EE1-FFCC-448A-A275-829CA26A597E	F83ACE1A-16F0-4D9A-89CC-077FBAA69D0C	TCGA-CC-A5UC.21B4A68D-F76C-49BB-81D7-423E957852E1.pdf	21B4A68D-F76C-49BB-81D7-423E957852E1	NA	NA	NA	NA	NA	YES	NA	NA	NA	ASIAN	NA	R0	NO	1	210	Primary	1	NA	NA	NA	Male	NA	Liver	Matched	NA	NA	NA	NA	NA	NA	CC	1.4	TUMOR FREE	NA	A	57	2012
lihc_tcga	TCGA-CC-A5UD	TCGA-CC-A5UD-01	NA	NA	NA	NA	45	M0	N0	Stage IIIA	6th	T3	NA	NA	NA	Hepatobiliary Cancer	Hepatocellular Carcinoma	NA	NA	NA	NA	NA	NA	NA	NA	92	0	NA	Lobectomy	5.98	1:Recurred/Progressed	NA	1	NOT HISPANIC OR LATINO	NA	NA	NO	8/21/14	0.7883	G2	170	NA	Hepatocellular Carcinoma	Alcohol consumption	No	No	C22.0	8170/3	C22.0	YES	NO	NA	NA	NA	130	NO	TRUE	HCC	9.99	1:DECEASED	NA	NA	3837C8AC-6C9E-499B-A4E7-D42C870BCB49	24FB408B-5259-4928-AD19-02B8ADD76539	TCGA-CC-A5UD.77BF208C-F5ED-4A05-BFDE-36063F43E022.pdf	77BF208C-F5ED-4A05-BFDE-36063F43E022	NA	NA	NA	NA	NA	YES	NA	NA	NA	ASIAN	NA	R0	NO	1	310	Primary	1	NA	NA	NA	Male	NA	Liver	Matched	NA	NA	NA	NA	NA	NA	CC	4.266666667	TUMOR FREE	NA	A	62	2012
lihc_tcga	TCGA-CC-A5UE	TCGA-CC-A5UE-01	NA	NA	NA	NA	48	M0	N0	Stage IIIB	6th	T4	NA	NA	NA	Hepatobiliary Cancer	Hepatocellular Carcinoma	NA	NA	NA	NA	NA	NA	NA	NA	85	0	NA	Lobectomy	5.75	1:Recurred/Progressed	NA	3	NOT HISPANIC OR LATINO	NA	NA	NO	8/21/14	0.4774	G2	175	NA	Hepatocellular Carcinoma	Alcohol consumption	No	No	C22.0	8170/3	C22.0	YES	NO	NA	NA	NA	104	NO	TRUE	HCC	8.94	1:DECEASED	NA	NA	23D8E6A0-FA79-4323-A0A6-2DEA2A319667	E8A5EC1D-B962-4B48-8EAE-D49BD6291B6B	TCGA-CC-A5UE.3D729315-DE44-441D-9CB2-3CFB827C2808.pdf	3D729315-DE44-441D-9CB2-3CFB827C2808	NA	NA	NA	NA	NA	YES	NA	NA	NA	ASIAN	NA	R0	NO	1	300	Primary	1	NA	NA	NA	Male	NA	Liver	Matched	NA	NA	NA	NA	NA	NA	CC	3.433333333	TUMOR FREE	NA	A	65	2012
lihc_tcga	TCGA-CC-A7IE	TCGA-CC-A7IE-01	NA	NA	NA	NA	57	M0	N0	Stage IIIA	6th	T3	NA	NA	NA	Hepatobiliary Cancer	Hepatocellular Carcinoma	NA	NA	NA	NA	NA	NA	NA	NA	243	0	NA	Lobectomy	5.55	1:Recurred/Progressed	NA	3	NOT HISPANIC OR LATINO	NA	NA	NO	8/22/14	0.2316	G2	172	NA	Hepatocellular Carcinoma	Alcohol consumption	No	No	C22.0	8170/3	C22.0	YES	NO	NA	NA	NA	129	NO	TRUE	HCC	7.13	1:DECEASED	NA	NA	220F75D7-08A4-4936-B4B2-0750E87CCDF5	B58106E6-417F-41F7-88EC-2E9E51495631	TCGA-CC-A7IE.2858A435-0C78-468B-B2B0-DB9EBB4CA545.pdf	2858A435-0C78-468B-B2B0-DB9EBB4CA545	NA	NA	NA	NA	NA	YES	NA	NA	NA	ASIAN	NA	R0	NO	1	290	Primary	1	NA	NA	NA	Male	NA	Liver	Matched	NA	NA	NA	NA	NA	NA	CC	4.333333333	TUMOR FREE	NA	A	62	2012
lihc_tcga	TCGA-CC-A7IF	TCGA-CC-A7IF-01	NA	NA	NA	NA	59	M0	N0	Stage IIIA	6th	T3	NA	NA	NA	Hepatobiliary Cancer	Hepatocellular Carcinoma	NA	NA	NA	NA	NA	NA	NA	NA	236	0	NA	Lobectomy	8.34	1:Recurred/Progressed	NA	3	NOT HISPANIC OR LATINO	NA	NA	NO	8/22/14	0.3131	G1	169	NA	Hepatocellular Carcinoma	Alcohol consumption	No	No	C22.0	8170/3	C22.0	YES	NO	NA	NA	NA	80	NO	TRUE	HCC	21.32	1:DECEASED	NA	NA	E0674B82-2FBA-421E-BE62-58EFD0348D44	85BF24DD-ED33-4B46-9739-1994AE3A2C91	TCGA-CC-A7IF.4CD1A49C-2243-4F21-BF19-EB6F069D431E.pdf	4CD1A49C-2243-4F21-BF19-EB6F069D431E	NA	NA	NA	NA	NA	YES	NA	NA	NA	ASIAN	NA	R0	NO	1	380	Primary	1	NA	NA	NA	Male	NA	Liver	Matched	NA	NA	NA	NA	NA	NA	CC	2.666666667	TUMOR FREE	NA	A	58	2013
lihc_tcga	TCGA-CC-A7IG	TCGA-CC-A7IG-01	NA	NA	NA	NA	47	M0	N0	Stage II	6th	T2	NA	NA	NA	Hepatobiliary Cancer	Hepatocellular Carcinoma	NA	NA	NA	NA	NA	NA	NA	NA	239	0	NA	Lobectomy	6.41	1:Recurred/Progressed	NA	2	NOT HISPANIC OR LATINO	NA	NA	NO	8/22/14	0.5148	G2	174	NA	Hepatocellular Carcinoma	Alcohol consumption	No	No	C22.0	8170/3	C22.0	YES	NO	NA	NA	NA	109	NO	TRUE	HCC	9.82	1:DECEASED	NA	NA	534A7B11-3ABD-4581-A9C9-D984D6AA33A0	642A133C-371D-4C40-A0E5-6568313DE439	TCGA-CC-A7IG.FF015D7F-02CD-485E-83B6-8C533DE83B2A.pdf	FF015D7F-02CD-485E-83B6-8C533DE83B2A	NA	NA	NA	NA	NA	YES	NA	NA	NA	ASIAN	NA	R0	NO	1	210	Primary	1	NA	NA	NA	Male	NA	Liver	Matched	NA	NA	NA	NA	NA	NA	CC	3.633333333	TUMOR FREE	NA	A	62	2013
lihc_tcga	TCGA-CC-A7IH	TCGA-CC-A7IH-01	NA	NA	NA	NA	58	M0	N0	Stage IIIA	6th	T3	NA	NA	NA	Hepatobiliary Cancer	Hepatocellular Carcinoma	NA	NA	NA	NA	NA	NA	NA	NA	181	0	NA	Lobectomy	11.99	0:DiseaseFree	NA	3	NOT HISPANIC OR LATINO	NA	NA	NO	8/22/14	0.2328	G1	175	NA	Hepatocellular Carcinoma	Alcohol consumption	No	No	C22.0	8170/3	C22.0	YES	NO	NA	NA	NA	509	NO	TRUE	HCC	11.99	0:LIVING	NA	NA	E4E0BC11-AD61-4419-857C-44FB5C7877A3	40F9F3B1-545D-4743-912C-9C92AAC5F396	TCGA-CC-A7IH.643C84D1-C247-4CA6-84C3-38ED99E886F6.pdf	643C84D1-C247-4CA6-84C3-38ED99E886F6	NA	NA	NA	NA	NA	YES	NA	NA	NA	ASIAN	NA	R0	NO	1	190	Primary	1	NA	NA	NA	Male	NA	Liver	Matched	NA	NA	NA	NA	NA	NA	CC	16.93333333	TUMOR FREE	NA	A	56	2013
lihc_tcga	TCGA-CC-A7II	TCGA-CC-A7II-01	NA	NA	NA	NA	54	M0	N0	Stage IIIA	6th	T3	NA	NA	NA	Hepatobiliary Cancer	Hepatocellular Carcinoma	NA	NA	NA	NA	NA	NA	NA	NA	169	0	NA	Lobectomy	9.13	1:Recurred/Progressed	NA	2	NOT HISPANIC OR LATINO	NA	NA	NO	8/22/14	0.3973	G3	168	NA	Hepatocellular Carcinoma	Alcohol consumption	No	No	C22.0	8170/3	C22.0	YES	NO	NA	NA	NA	121	NO	TRUE	HCC	13.11	0:LIVING	NA	NA	AAF7C9B5-6CB7-42BF-A0D1-07975EAE3BE9	AD384CC4-8444-419F-A2E7-27DFC417EA82	TCGA-CC-A7II.A5E3C73D-B84B-4D1C-858F-4B4392341610.pdf	A5E3C73D-B84B-4D1C-858F-4B4392341610	NA	NA	NA	NA	NA	YES	NA	NA	NA	ASIAN	NA	R0	NO	1	400	Primary	1	NA	NA	NA	Male	NA	Liver	Matched	NA	NA	NA	NA	NA	NA	CC	3.966666667	TUMOR FREE	NA	A	52	2013
lihc_tcga	TCGA-CC-A7IJ	TCGA-CC-A7IJ-01	NA	NA	NA	NA	56	M0	N0	Stage II	6th	T2	NA	NA	NA	Hepatobiliary Cancer	Hepatocellular Carcinoma	NA	NA	NA	NA	NA	NA	NA	NA	168	0	NA	Lobectomy	12.55	0:DiseaseFree	NA	2	NOT HISPANIC OR LATINO	NA	NA	NO	8/22/14	0.1956	G3	165	NA	Hepatocellular Carcinoma	Alcohol consumption	No	No	C22.0	8170/3	C22.0	YES	NO	NA	NA	NA	120	NO	TRUE	HCC	12.55	0:LIVING	NA	NA	E610A644-0504-445A-BBA1-4BAE360DE4C1	23D951C1-92E2-4B6B-B716-FF5829E28303	TCGA-CC-A7IJ.0FF7D013-EAEC-4406-B314-0ECEA7B59E69.pdf	0FF7D013-EAEC-4406-B314-0ECEA7B59E69	NA	NA	NA	NA	NA	YES	NA	NA	NA	ASIAN	NA	R0	NO	1	270	Primary	1	NA	NA	NA	Male	NA	Liver	Matched	NA	NA	NA	NA	NA	NA	CC	4	TUMOR FREE	NA	A	54	2013
lihc_tcga	TCGA-CC-A7IK	TCGA-CC-A7IK-01	NA	NA	NA	NA	59	M0	N0	Stage IIIA	6th	T3	NA	NA	NA	Hepatobiliary Cancer	Hepatocellular Carcinoma	NA	NA	NA	NA	NA	NA	NA	NA	163	0	NA	Lobectomy	4.93	1:Recurred/Progressed	NA	2	NOT HISPANIC OR LATINO	NA	NA	NO	8/22/14	0.6191	G3	168	NA	Hepatocellular Carcinoma	Alcohol consumption	No	No	C22.0	8170/3	C22.0	YES	NO	NA	NA	NA	269	NO	TRUE	HCC	8.61	1:DECEASED	NA	NA	EBA5208B-404A-45DF-9133-31FF122E7FC0	9AE951FB-97E7-42D2-BB74-A490E22583EE	TCGA-CC-A7IK.6944ABF0-8C64-48D5-920A-6FA6DAC8A57B.pdf	6944ABF0-8C64-48D5-920A-6FA6DAC8A57B	NA	NA	NA	NA	NA	YES	NA	NA	NA	ASIAN	NA	R0	NO	1	470	Primary	1	NA	NA	NA	Male	NA	Liver	Matched	NA	NA	NA	NA	NA	NA	CC	8.866666667	TUMOR FREE	NA	A	57	2013
lihc_tcga	TCGA-CC-A7IL	TCGA-CC-A7IL-01	NA	NA	NA	NA	61	M0	N0	Stage IIIA	6th	T3	NA	NA	NA	Hepatobiliary Cancer	Hepatocellular Carcinoma	NA	NA	NA	NA	NA	NA	NA	NA	161	0	NA	Lobectomy	5.88	1:Recurred/Progressed	NA	2	NOT HISPANIC OR LATINO	NA	NA	NO	8/22/14	0.5176	G1	174	NA	Hepatocellular Carcinoma	Alcohol consumption	No	No	C22.0	8170/3	C22.0	YES	NO	NA	NA	NA	84	NO	TRUE	HCC	9.13	1:DECEASED	NA	NA	B54DF65F-8A6B-4405-9918-90D53418804C	1445B31D-812D-4DDF-8965-0A970B9EA562	TCGA-CC-A7IL.2C629C1E-6849-47F6-B9B4-A97BC0453EFF.pdf	2C629C1E-6849-47F6-B9B4-A97BC0453EFF	NA	NA	NA	NA	NA	YES	NA	NA	NA	ASIAN	NA	R0	NO	1	230	Primary	1	NA	NA	NA	Male	NA	Liver	Matched	NA	NA	NA	NA	NA	NA	CC	2.766666667	TUMOR FREE	NA	A	63	2013
lihc_tcga	TCGA-CC-A8HS	TCGA-CC-A8HS-01	NA	NA	NA	NA	18	M0	N1	Stage IIIC	6th	T3	NA	NA	NA	Hepatobiliary Cancer	Hepatocellular Carcinoma	NA	NA	NA	NA	NA	NA	NA	NA	223	0	NA	Lobectomy	6.6	1:Recurred/Progressed	NA	3	NOT HISPANIC OR LATINO	NA	NA	NO	8/22/14	NA	G1	172	NA	Hepatocellular Carcinoma	No History of Primary Risk Factors	No	No	C22.0	8170/3	C22.0	YES	NO	NA	NA	NA	42	NO	TRUE	HCC	9.86	1:DECEASED	NA	NA	D18CD259-267E-47B5-9353-AD3454E048A0	41CA0B98-D4B2-4A09-A5E3-20FEDB440926	TCGA-CC-A8HS.D7967904-FE4B-4BB5-92B2-5354404AC939.pdf	D7967904-FE4B-4BB5-92B2-5354404AC939	NA	NA	NA	NA	NA	YES	NA	NA	NA	ASIAN	NA	R0	NO	1	240	Primary	1	NA	NA	NA	Male	NA	Liver	Matched	NA	NA	NA	NA	NA	NA	CC	1.366666667	TUMOR FREE	NA	A	62	2013
lihc_tcga	TCGA-CC-A8HT	TCGA-CC-A8HT-01	NA	NA	NA	NA	74	M0	N0	Stage IIIA	6th	T3	NA	NA	NA	Hepatobiliary Cancer	Hepatocellular Carcinoma	NA	NA	NA	NA	NA	NA	NA	NA	197	0	NA	Lobectomy	2.73	1:Recurred/Progressed	NA	4	NOT HISPANIC OR LATINO	NA	NA	NO	8/22/14	0.2075	G2	159	NA	Hepatocellular Carcinoma	Alcohol consumption	No	No	C22.0	8170/3	C22.0	YES	NO	NA	NA	NA	166	NO	TRUE	HCC	4.6	1:DECEASED	NA	NA	95408571-9D4E-412B-8EE8-7992E0270B0F	5F78BF91-E73D-4B78-9CD7-EC6502E764AA	TCGA-CC-A8HT.0D2B4676-F045-4259-A18C-47EA5DF8E7A2.pdf	0D2B4676-F045-4259-A18C-47EA5DF8E7A2	NA	NA	NA	NA	NA	YES	NA	NA	NA	ASIAN	NA	R0	NO	1	170	Primary	1	NA	NA	NA	Male	NA	Liver	Matched	NA	NA	NA	NA	NA	NA	CC	5.5	TUMOR FREE	NA	A	48	2013
lihc_tcga	TCGA-CC-A8HU	TCGA-CC-A8HU-01	NA	NA	NA	NA	39	M0	N0	Stage IIIA	6th	T3	NA	NA	NA	Hepatobiliary Cancer	Hepatocellular Carcinoma	NA	NA	NA	NA	NA	NA	NA	NA	141	0	NA	Lobectomy	9.89	1:Recurred/Progressed	NA	3	NOT HISPANIC OR LATINO	NA	NA	NO	8/22/14	0.4800	G3	163	NA	Hepatocellular Carcinoma	No History of Primary Risk Factors	No	No	C22.0	8170/3	C22.0	YES	NO	NA	NA	NA	69	NO	TRUE	HCC	11.3	1:DECEASED	NA	NA	1943FF2C-CA53-4E3C-ACC1-5AE84F4BA230	78DFB76E-4CA8-4B43-B967-EEEF66D0F676	TCGA-CC-A8HU.CBCE823C-E6F5-4718-97F0-2705BE3C855A.pdf	CBCE823C-E6F5-4718-97F0-2705BE3C855A	NA	NA	NA	NA	NA	YES	NA	NA	NA	ASIAN	NA	R0	NO	1	360	Primary	1	NA	NA	NA	Female	NA	Liver	Matched	NA	NA	NA	NA	NA	NA	CC	2.2	TUMOR FREE	NA	A	42	2013
lihc_tcga	TCGA-CC-A8HV	TCGA-CC-A8HV-01	NA	NA	NA	NA	51	M0	N0	Stage II	6th	T2	NA	NA	NA	Hepatobiliary Cancer	Hepatocellular Carcinoma	NA	NA	NA	NA	NA	NA	NA	NA	140	0	NA	Lobectomy	7.92	1:Recurred/Progressed	NA	2	NOT HISPANIC OR LATINO	NA	NA	NO	8/22/14	0.7783	G2	159	NA	Hepatocellular Carcinoma	No History of Primary Risk Factors	No	No	C22.0	8170/3	C22.0	YES	NO	NA	NA	NA	121	NO	TRUE	HCC	9.17	1:DECEASED	NA	NA	5B32D3F4-9B88-42DE-AAAC-22D1D2F5CDE0	0633D181-7845-4578-9778-DAA6D1C128CB	TCGA-CC-A8HV.8C178CD4-7D29-4584-B41B-BAE67890DBEB.pdf	8C178CD4-7D29-4584-B41B-BAE67890DBEB	NA	NA	NA	NA	NA	YES	NA	NA	NA	ASIAN	NA	R0	NO	1	230	Primary	1	NA	NA	NA	Female	NA	Liver	Matched	NA	NA	NA	NA	NA	NA	CC	4.033333333	TUMOR FREE	NA	A	51	2013
lihc_tcga	TCGA-CC-A9FS	TCGA-CC-A9FS-01	NA	NA	NA	NA	55	M0	N0	Stage II	6th	T2	NA	NA	NA	Hepatobiliary Cancer	Hepatocellular Carcinoma	NA	NA	NA	NA	NA	NA	NA	NA	142	0	NA	Lobectomy	3.58	1:Recurred/Progressed	NA	2	NOT HISPANIC OR LATINO	NA	NA	NO	8/22/14	0.3183	G2	174	NA	Hepatocellular Carcinoma	Alcohol consumption	No	No	C22.0	8170/3	C22.0	YES	NO	NA	NA	NA	77	NO	TRUE	HCC	6.93	0:LIVING	NA	NA	F661A921-2E59-424B-A145-E22664B73728	729CA3A4-1C6B-4C84-B4CE-150BB21D631D	TCGA-CC-A9FS.F47FE6A0-1095-45DD-8CEF-33363FA9F52F.pdf	F47FE6A0-1095-45DD-8CEF-33363FA9F52F	NA	NA	NA	NA	NA	YES	NA	NA	NA	ASIAN	NA	R0	NO	1	190	Primary	1	NA	NA	NA	Male	NA	Liver	Matched	NA	NA	NA	NA	NA	NA	CC	2.533333333	TUMOR FREE	NA	A	72	2013
lihc_tcga	TCGA-CC-A9FU	TCGA-CC-A9FU-01	NA	NA	NA	NA	52	M0	N0	Stage IIIA	7th	T3a	NA	NA	NA	Hepatobiliary Cancer	Hepatocellular Carcinoma	NA	NA	NA	NA	NA	NA	NA	NA	205	0	NA	Lobectomy	0	0:DiseaseFree	NA	NA	NOT HISPANIC OR LATINO	NA	NA	NO	8/22/14	0.6007	G2	153	NA	Hepatocellular Carcinoma	Hepatitis B	No	No	C22.0	8170/3	C22.0	YES	NO	NA	NA	NA	48	NO	TRUE	HCC	0	0:LIVING	NA	NA	5E2A99A1-41C1-49CA-97D6-69F9B9938D24	CA56E355-4821-4169-B069-AEA16C5B456B	TCGA-CC-A9FU.95F22F75-89A6-4B67-BDF2-A357825453EF.pdf	95F22F75-89A6-4B67-BDF2-A357825453EF	NA	NA	NA	NA	NA	YES	NA	NA	NA	ASIAN	NA	R0	NO	1	220	Primary	1	NA	NA	NA	Female	NA	Liver	Matched	NA	NA	NA	NA	NA	NA	CC	1.6	TUMOR FREE	NA	A	48	2013
lihc_tcga	TCGA-CC-A9FV	TCGA-CC-A9FV-01	NA	NA	NA	NA	57	M0	N0	Stage IIIA	6th	T3	NA	NA	NA	Hepatobiliary Cancer	Hepatocellular Carcinoma	NA	NA	NA	NA	NA	NA	NA	NA	184	0	NA	Lobectomy	0	0:DiseaseFree	NA	NA	NOT HISPANIC OR LATINO	NA	NA	NO	8/22/14	0.0000	G2	165	NA	Hepatocellular Carcinoma	Alcohol consumption	No	No	C22.0	8170/3	C22.0	YES	NO	NA	NA	NA	14	NO	TRUE	HCC	0	0:LIVING	NA	NA	C4E6527A-8F58-4F6B-93B1-04ABB5680ED0	F268BD70-C419-4C38-8513-787AAE53F337	TCGA-CC-A9FV.01A31339-0FAD-4D49-ACD1-E357D32C887B.pdf	01A31339-0FAD-4D49-ACD1-E357D32C887B	NA	NA	NA	NA	NA	YES	NA	NA	NA	ASIAN	NA	R0	NO	1	420	Primary	1	NA	NA	NA	Male	NA	Liver	Matched	NA	NA	NA	NA	NA	NA	CC	0.466666667	TUMOR FREE	NA	A	59	2013
lihc_tcga	TCGA-CC-A9FW	TCGA-CC-A9FW-01	NA	NA	NA	NA	68	M0	N0	Stage IIIA	6th	T3	NA	NA	NA	Hepatobiliary Cancer	Hepatocellular Carcinoma	NA	NA	NA	NA	NA	NA	NA	NA	125	0	NA	Lobectomy	5.03	1:Recurred/Progressed	NA	3	NOT HISPANIC OR LATINO	NA	NA	NO	8/22/14	0.6828	G2	175	NA	Hepatocellular Carcinoma	Alcohol consumption	No	No	C22.0	8170/3	C22.0	YES	NO	NA	NA	NA	107	NO	TRUE	HCC	8.15	0:LIVING	NA	NA	027322F0-D720-41F8-897C-A10E5C1424C5	3AABE8F1-7F16-4E31-973A-3289DEC74BA7	TCGA-CC-A9FW.81241A65-A7E2-4783-944C-58BB6BDA3F5F.pdf	81241A65-A7E2-4783-944C-58BB6BDA3F5F	NA	NA	NA	NA	NA	YES	NA	NA	NA	ASIAN	NA	R0	NO	1	300	Primary	1	NA	NA	NA	Male	NA	Liver	Matched	NA	NA	NA	NA	NA	NA	CC	3.5	TUMOR FREE	NA	A	67	2013
lihc_tcga	TCGA-DD-A113	TCGA-DD-A113-01	NA	133	0	6	55	M0	N0	Stage II	6th	T2	0.5	0.1	1	Hepatobiliary Cancer	Hepatocellular Carcinoma	A	NA	NA	NA	NA	0.8	0.7	1.2	1650	0	NA	Segmentectomy, Multiple	55.06	1:Recurred/Progressed	NA	1	NOT HISPANIC OR LATINO	NA	NA	NA	12/29/10	0.7339	G3	154	None	Hepatocellular Carcinoma	Other	No	No	C22.0	8170/3	C22.0	YES	NO	0 - No Fibrosis	NA	NA	120	NA	FALSE	HCC	79.66	0:LIVING	Smoking	NA	aeb17d2b-fa8c-4989-bf3a-d2c74b785455	546f37ab-fbfe-404e-b24f-0aa8201b8ec7	TCGA-DD-A113.F0D7BCB4-D3C3-491A-BDE2-8E77E77F1655.pdf	F0D7BCB4-D3C3-491A-BDE2-8E77E77F1655	NA	365	150	450	NA	NO	0.9	0.9	1.2	WHITE	NA	R0	YES	1	110	Primary	1	3.5	5	4.3	Female	NA	Liver	Matched	NA	NA	NA	NA	NA	NA	DD	4	WITH TUMOR	Micro	A	56	2006
lihc_tcga	TCGA-DD-A114	TCGA-DD-A114-01	NA	21	0	6	42	M0	NA	Stage II	6th	T2	2.5	0.1	1	Hepatobiliary Cancer	Hepatocellular Carcinoma	A	NA	NA	NA	NA	1.2	0.9	1.4	2063	0	NA	Lobectomy	NA	NA	NA	1	NOT HISPANIC OR LATINO	NA	NA	NO	12/29/10	0.0840	G3	173	Mild	Hepatocellular Carcinoma	Hepatitis C	No	No	C22.0	8170/3	C22.0	YES	NO	5 - Nodular Formation and Incomplete Cirrhosis	NA	NA	79	NA	FALSE	HCC	37.75	1:DECEASED	NA	NA	02931491-f56b-4233-a079-812e08bc0c59	8659e0b1-4c44-41e6-b1df-85ae143f40ae	TCGA-DD-A114.BACAFF9B-FAC1-49A8-8C56-A0A26794AA1E.pdf	BACAFF9B-FAC1-49A8-8C56-A0A26794AA1E	NA	185	150	450	NA	NO	0.9	1	1.2	BLACK OR AFRICAN AMERICAN	NA	R0	YES	1	250	Primary	1	3.5	5	3.5	Male	NA	Liver	Matched	NA	NA	NA	NA	NA	NA	DD	2.566666667	NA	Micro	A	74	2005
lihc_tcga	TCGA-DD-A115	TCGA-DD-A115-01	NA	10	0	6	53	M0	N0	Stage IIIA	5th	T3	0.6	0.1	1	Hepatobiliary Cancer	Hepatocellular Carcinoma	A	NA	NA	NA	NA	1.1	0.1	1.2	3198	0	NA	Extended Lobectomy	15.41	1:Recurred/Progressed	NA	0	NA	NA	NA	NO	12/29/10	0.2300	G2	168	None	Hepatocellular Carcinoma	Alcohol consumption	No	No	C22.0	8170/3	C22.0	YES	NO	0 - No Fibrosis	NA	NA	67	NA	FALSE	HCC	83.51	1:DECEASED	Smoking	NA	45b566d7-f120-471c-a94a-be7936889f2d	670ffb57-959a-496a-bd9f-d04f71b0c357	TCGA-DD-A115.C0EAB9A6-AAA3-48D5-AE3F-A428D828D63C.pdf	C0EAB9A6-AAA3-48D5-AE3F-A428D828D63C	NA	337	150	450	NA	NO	NA	1	NA	WHITE	NA	R0	YES	1	230	Primary	1	3.5	5	4.1	Male	NA	Liver	Matched	NA	NA	NA	NA	NA	NA	DD	2.2	WITH TUMOR	None	A	79	2002
lihc_tcga	TCGA-DD-A116	TCGA-DD-A116-01	NA	24	0	6	68	M0	N0	Stage IIIA	5th	T3	1.1	0.1	1	Hepatobiliary Cancer	Hepatocellular Carcinoma	A	NA	NA	NA	NA	1.1	0.8	1.4	3208	0	NA	Segmentectomy, Multiple	27.2	1:Recurred/Progressed	NA	1	NOT HISPANIC OR LATINO	NA	0	NO	12/29/10	0.2512	G3	175	NA	Hepatocellular Carcinoma	Hepatitis B	No	No	C22.0	8170/3	C22.0	YES	NO	3,4 - Fibrous Speta	NA	NA	117	NA	FALSE	HCC	53.29	1:DECEASED	NA	NA	994347ba-3045-4ade-926f-06420fbd906c	6be74119-a0bf-4f76-93b3-2433d07ce0d1	TCGA-DD-A116.0914680E-B846-4370-920D-FEB06F609EE5.pdf	0914680E-B846-4370-920D-FEB06F609EE5	NA	157	150	450	NA	NO	NA	1	NA	ASIAN	NA	R0	YES	1	170	Primary	1	3.5	5	4.1	Male	NA	Liver	Matched	NA	NA	NA	NA	NA	NA	DD	3.9	TUMOR FREE	NA	A	73	2002
lihc_tcga	TCGA-DD-A118	TCGA-DD-A118-01	NA	85150	0	6	77	M0	N0	Stage II	6th	T2	0.5	0.1	1	Hepatobiliary Cancer	Hepatocellular Carcinoma	A	NA	NA	NA	NA	0.9	0.7	1.2	2854	0	NA	Lobectomy	21.62	1:Recurred/Progressed	NA	1	NOT HISPANIC OR LATINO	NA	NA	NO	12/29/10	0.5316	G2	169	None	Hepatocellular Carcinoma	NA	No	No	C22.0	8170/3	C22.0	YES	NO	0 - No Fibrosis	NA	NA	88	NA	FALSE	HCC	112.91	0:LIVING	NA	NA	7d914d07-f250-4c7a-8fa2-df14e708936e	b1da5474-3d42-433c-918e-22cb5c353a13	TCGA-DD-A118.74D4EB64-F12B-470D-8A7C-EDD24CD1448D.pdf	74D4EB64-F12B-470D-8A7C-EDD24CD1448D	NA	381	150	450	NA	NO	NA	1	NA	WHITE	NA	R0	YES	1	30	Primary	1	3.4	4.8	3.4	Female	NA	Liver	Matched	NA	NA	NA	NA	NA	NA	DD	2.933333333	NA	None	A	75	2003
lihc_tcga	TCGA-DD-A119	TCGA-DD-A119-01	NA	1836	0	6	40	M1	N0	Stage IV	6th	T3a	1.6	0.1	1	Hepatobiliary Cancer	Hepatocellular Carcinoma	A	NA	NA	NA	NA	1.3	0.9	1.4	2738	0	NA	Extended Lobectomy	NA	NA	NA	1	NOT HISPANIC OR LATINO	NA	2	YES	12/29/10	0.3521	G3	160	None	Hepatocellular Carcinoma	Hepatitis B	No	No	C22.0	8170/3	C22.0	YES	NO	0 - No Fibrosis	NA	NA	532	NA	FALSE	HCC	7.33	1:DECEASED	NA	NA	66c6f413-b7a8-4d7c-9e1d-c4fb257b9e5c	7f290198-d88f-465c-8b83-d48bdaa57b4b	TCGA-DD-A119.F8B8C948-933A-4B28-A0D1-98166C9B16EF.pdf	F8B8C948-933A-4B28-A0D1-98166C9B16EF	NA	572	150	450	NA	NO	NA	1	NA	ASIAN	NA	R2	YES	1	160	Primary	1	3.5	5	3.9	Male	NA	Liver	Matched	NA	NA	NA	NA	NA	NA	DD	17.66666667	NA	Micro	A	58	2003
lihc_tcga	TCGA-DD-A11A	TCGA-DD-A11A-01	NA	223	0	6	67	M0	N0	Stage I	6th	T1	3.6	0.1	1	Hepatobiliary Cancer	Hepatocellular Carcinoma	NA	NA	NA	NA	NA	1.1	0.9	1.4	2184	0	NA	Lobectomy	2.6	0:DiseaseFree	NA	0	NOT HISPANIC OR LATINO	NA	NA	NO	12/29/10	0.5544	G3	156	None	Hepatocellular Carcinoma	Other	No	No	C22.0	8170/3	C22.0	YES	NO	0 - No Fibrosis	NA	NA	116	NA	FALSE	HCC	2.6	0:LIVING	HBcAB total (+), HBsAg (-), HBcIgm Ab (-)	NA	609c82fd-eb3a-46d7-8c09-0cde281a50b3	b614fd23-a9ba-420d-9c01-1e82b721e1e8	TCGA-DD-A11A.E1571DB1-B1B2-4B0E-9A0A-01A4470353DF.pdf	E1571DB1-B1B2-4B0E-9A0A-01A4470353DF	NA	513	150	450	NA	NO	NA	1	NA	BLACK OR AFRICAN AMERICAN	NA	R0	YES	1	260	Primary	1	NA	NA	NA	Male	NA	Liver	Matched	NA	NA	NA	NA	NA	NA	DD	3.866666667	NA	None	A	67	2004
lihc_tcga	TCGA-DD-A11B	TCGA-DD-A11B-01	NA	15	0	6	73	M0	N0	Stage I	6th	T1	1.6	0.1	1	Hepatobiliary Cancer	Hepatocellular Carcinoma	A	NA	NA	NA	NA	1	0.9	1.4	1975	0	NA	Segmentectomy, Single	NA	NA	NA	1	NOT HISPANIC OR LATINO	NA	NA	NO	12/29/10	0.2220	G2	181	Mild	Hepatocellular Carcinoma	Non-Alcoholic Fatty Liver Disease	No	No	C22.0	8170/3	C22.0	YES	NO	6 - Established Cirrhosis	NA	NA	38	NA	FALSE	HCC	0.46	1:DECEASED	NA	NA	1b1b1af0-b19b-4086-b1b7-669fa0b88235	cc6197e4-ec24-4cc7-a69d-e20d4bf14c62	TCGA-DD-A11B.B53C4282-5266-43FE-A958-19097FD20290.pdf	B53C4282-5266-43FE-A958-19097FD20290	NA	90	150	450	NA	NO	8.4	10.2	12	WHITE	NA	RX	YES	1	280	Primary	1	3.5	5	3.9	Male	NA	Liver	Matched	NA	NA	NA	NA	NA	NA	DD	1.3	TUMOR FREE	None	A	134	2005
lihc_tcga	TCGA-DD-A11C	TCGA-DD-A11C-01	NA	11	0	6	69	M0	N0	Stage I	6th	T1	2.3	0.1	1	Hepatobiliary Cancer	Hepatocellular Carcinoma	A	NA	NA	NA	NA	0.9	0.9	1.4	1703	0	NA	Lobectomy	21.75	0:DiseaseFree	NA	1	NOT HISPANIC OR LATINO	NA	1	YES	12/29/10	0.5277	G3	186	None	Hepatocellular Carcinoma	NA	No	No	C22.0	8170/3	C22.0	YES	NO	0 - No Fibrosis	NA	NA	63	NA	FALSE	HCC	21.75	0:LIVING	NA	NA	023a1ad1-fb16-437e-9806-5063b47f76bd	bf79978c-a9c7-429e-bb78-20eea5f16fdf	TCGA-DD-A11C.35CD5B20-BF61-4D28-AC7F-2CDC959382CD.pdf	35CD5B20-BF61-4D28-AC7F-2CDC959382CD	NA	391	150	450	NA	NO	NA	1	NA	WHITE	NA	RX	YES	1	220	Primary	1	3.5	5	3.6	Male	NA	Liver	Matched	NA	NA	NA	NA	NA	NA	DD	2.1	TUMOR FREE	None	A	123	2006
lihc_tcga	TCGA-DD-A11D	TCGA-DD-A11D-01	NA	8	0	6	57	M0	N0	Stage I	6th	T1	0.5	0.1	1	Hepatobiliary Cancer	Hepatocellular Carcinoma	A	NA	NA	NA	NA	1.1	0.6	1.1	1731	0	NA	Lobectomy	16.36	1:Recurred/Progressed	NA	1	NOT HISPANIC OR LATINO	NA	2	YES	12/29/10	0.1784	G2	163	None	Hepatocellular Carcinoma	Non-Alcoholic Fatty Liver Disease	No	No	C22.0	8170/3	C22.0	YES	NO	6 - Established Cirrhosis	NA	NA	94	NA	FALSE	HCC	51.25	1:DECEASED	NA	NA	0ef95351-0133-4f34-a59c-90934fb161f8	f1fa4bcc-bcac-4174-984c-f057af2b9826	TCGA-DD-A11D.8D1A74F7-E6C3-4557-917A-CA7273929ADF.pdf	8D1A74F7-E6C3-4557-917A-CA7273929ADF	NA	249	150	450	NA	NO	0.9	0.9	1.2	WHITE	NA	R0	YES	1	300	Primary	1	3.5	5	4.5	Female	NA	Liver	Matched	NA	NA	NA	NA	NA	NA	DD	3.133333333	WITH TUMOR	None	A	73	2006
lihc_tcga	TCGA-DD-A1E9	TCGA-DD-A1E9-01	NA	202	0	6	70	M0	N0	Stage I	5th	T1	13	0.1	1	Hepatobiliary Cancer	Hepatocellular Carcinoma	A	NA	NA	NA	NA	0.9	0.8	1.3	3234	0	NA	Segmentectomy, Multiple	60.38	1:Recurred/Progressed	NA	1	NOT HISPANIC OR LATINO	NA	4	YES	5/10/11	0.2581	G2	172	Severe	Hepatocellular Carcinoma	Alcohol consumption	No	No	C22.0	8170/3	C22.0	YES	NO	6 - Established Cirrhosis	NA	NA	39	NA	TRUE	HCC	90.64	1:DECEASED	NA	NA	8153a862-0790-4a33-80db-ed47fedcd4ef	966c4541-84d4-4a4f-9bb9-209431b620c7	TCGA-DD-A1E9.07CF8AAC-8A8A-4E4C-BBDA-EDCD78608723.pdf	07CF8AAC-8A8A-4E4C-BBDA-EDCD78608723	NA	110	150	450	NA	NO	8.4	10.4	12	WHITE	NA	R0	YES	1	100	Primary	1	3.5	5	4.1	Male	NA	Liver	Matched	NA	NA	NA	NA	NA	NA	DD	1.3	NA	None	A	101	2002
lihc_tcga	TCGA-DD-A1EA	TCGA-DD-A1EA-01	NA	3	0	6	68	M0	N0	Stage II	5th	T2	0.9	0.1	1	Hepatobiliary Cancer	Hepatocellular Carcinoma	A	NA	NA	NA	NA	1.2	0.8	1.3	3298	0	NA	Segmentectomy, Multiple	24.77	1:Recurred/Progressed	NA	0	NOT HISPANIC OR LATINO	NA	1	YES	5/16/11	0.1247	G2	168	Mild	Hepatocellular Carcinoma	Hepatitis B	No	No	C22.0	8170/3	C22.0	YES	NO	1,2 - Portal Fibrosis	NA	NA	90	NA	TRUE	HCC	79.34	0:LIVING	smoking	NA	8052c374-9435-4588-b970-68565c56dbb7	ad574b69-318d-449a-ad7d-78de9de5a042	TCGA-DD-A1EA.0B2D3D3C-78CC-4DB7-9A8C-92BF05CFB68B.pdf	0B2D3D3C-78CC-4DB7-9A8C-92BF05CFB68B	NA	209	150	450	NA	NO	8.3	10.2	10.8	ASIAN	NA	R0	YES	1	80	Primary	1	3.5	5	3.3	Male	NA	Liver	Matched	NA	NA	NA	NA	NA	NA	DD	3	WITH TUMOR	Micro	A	94	2002
lihc_tcga	TCGA-DD-A1EB	TCGA-DD-A1EB-01	NA	7	0	6	72	M0	N0	Stage I	5th	T1	0.3	0.1	1	Hepatobiliary Cancer	Hepatocellular Carcinoma	B	NA	NA	NA	NA	1.3	0.6	1.1	3538	0	NA	Lobectomy	23.95	1:Recurred/Progressed	NA	1	NA	NA	1	YES	5/9/11	0.1115	G2	164	None	Hepatocellular Carcinoma	Other	No	No	C22.0	8170/3	C22.0	YES	NO	0 - No Fibrosis	NA	NA	148	NA	TRUE	HCC	66.26	0:LIVING	smoking	NA	68015cc7-d3a1-4c90-b8fb-5d14143d9960	fee48a64-cf2f-4ae9-b3cf-315410d8e8ae	TCGA-DD-A1EB.40ABAF02-60C0-4997-AB0F-2B9A90F1FE3B.pdf	40ABAF02-60C0-4997-AB0F-2B9A90F1FE3B	NA	204	150	450	NA	NO	8.4	8.7	12	NA	NA	R0	YES	1	180	Primary	1	3.5	5	3.7	Female	NA	Liver	Matched	NA	NA	NA	NA	NA	NA	DD	4.866666667	NA	None	A	57	2001
lihc_tcga	TCGA-DD-A1EC	TCGA-DD-A1EC-01	NA	2	0	6	20	M0	N0	Stage I	6th	T1	0.4	0.1	1	Hepatobiliary Cancer	Hepatocellular Carcinoma	A	NA	NA	NA	NA	0.8	0.7	1.2	2254	0	NA	Segmentectomy, Multiple	9.82	1:Recurred/Progressed	NA	1	NOT HISPANIC OR LATINO	NA	NA	NO	4/6/11	0.2165	G3	157	None	Hepatocellular Carcinoma	NA	No	No	C22.0	8170/3	C22.0	YES	NO	0 - No Fibrosis	NA	NA	16	NA	TRUE	HCC	19.78	0:LIVING	NA	NA	520a709a-87f6-4f3d-b2a2-9192e3b65c5b	1a0498cb-07d9-418a-8d88-cf52a373d9f0	TCGA-DD-A1EC.7CF5361C-34F3-496F-A7FC-AF4E9F2BD859.pdf	7CF5361C-34F3-496F-A7FC-AF4E9F2BD859	NA	556	150	450	NA	NO	8.4	11	12	WHITE	NA	R0	YES	1	110	Primary	1	3.5	5	3.2	Female	NA	Liver	Matched	NA	NA	NA	NA	NA	NA	DD	0.533333333	NA	None	A	50	2004
lihc_tcga	TCGA-DD-A1ED	TCGA-DD-A1ED-01	NA	3	0	6	68	M0	N0	Stage I	6th	T1	0.8	0.1	1	Hepatobiliary Cancer	Hepatocellular Carcinoma	A	NA	NA	NA	NA	1.3	0.8	1.3	1525	0	NA	Segmentectomy, Multiple	75.59	0:DiseaseFree	NA	1	NOT HISPANIC OR LATINO	NA	NA	NO	5/16/11	0.0000	G1	168	None	Hepatocellular Carcinoma	Alcohol consumption	No	No	C22.0	8170/3	C22.0	YES	NO	0 - No Fibrosis	NA	NA	189	NA	TRUE	HCC	75.59	0:LIVING	tattoos	NA	0ff6364a-e6f4-47ca-a7e7-14705bf0a8df	1cf84c3e-e7e2-43a6-b9af-e0042312f02f	TCGA-DD-A1ED.6C4C27E3-EB96-48E4-BDF8-6E93C1557707.pdf	6C4C27E3-EB96-48E4-BDF8-6E93C1557707	NA	219	150	450	NA	NO	8.4	8.9	12	WHITE	NA	R0	YES	1	60	Primary	1	3.5	5	4.2	Male	NA	Liver	Matched	NA	NA	NA	NA	NA	NA	DD	6.333333333	TUMOR FREE	None	A	85	2006
lihc_tcga	TCGA-DD-A1EE	TCGA-DD-A1EE-01	NA	3	0	6	73	M0	N0	Stage IIIA	6th	T3	0.5	0.1	1	Hepatobiliary Cancer	Hepatocellular Carcinoma	B	NA	NA	NA	NA	1.2	0.8	1.3	1521	0	NA	Segmentectomy, Multiple	1.45	1:Recurred/Progressed	NA	2	NOT HISPANIC OR LATINO	NA	NA	NO	5/10/11	0.1807	G3	175	Severe	Hepatocellular Carcinoma	Hepatitis C	No	No	C22.0	8170/3	C22.0	YES	NO	6 - Established Cirrhosis	NA	NA	622	NA	TRUE	HCC	11.47	1:DECEASED	NA	NA	654af137-70d9-4ee4-9f69-793e352d30f8	43879fcb-cf8f-4b51-a5a7-1232df941865	TCGA-DD-A1EE.EC55BB6D-4704-48D6-9C37-E82AADE685F7.pdf	EC55BB6D-4704-48D6-9C37-E82AADE685F7	NA	208	150	450	NA	NO	8.4	14.3	12	WHITE	NA	R0	YES	1	110	Primary	1	3.5	5	2.7	Male	NA	Liver	Matched	NA	NA	NA	NA	NA	NA	DD	20.63333333	WITH TUMOR	None	A	77	2006
lihc_tcga	TCGA-DD-A1EF	TCGA-DD-A1EF-01	NA	16211	0	6	57	M0	N0	Stage I	6th	T1	1	0.1	1	Hepatobiliary Cancer	Hepatocellular Carcinoma	B	NA	NA	NA	NA	0.9	0.6	1.1	1382	0	NA	Lobectomy	NA	NA	NA	2	NOT HISPANIC OR LATINO	NA	9	YES	5/10/11	0.3399	G3	164	Mild	Hepatocellular Carcinoma	No History of Primary Risk Factors	No	No	C22.0	8170/3	C22.0	YES	NO	3,4 - Fibrous Speta	NA	NA	106	NA	TRUE	HCC	12.94	1:DECEASED	NA	NA	1c1e8987-676f-417b-b3b4-e0321367df55	f11e2b07-2848-4601-b19f-eed188aa4c3b	TCGA-DD-A1EF.002B24F9-22DB-4504-A048-BF9790A4837E.pdf	002B24F9-22DB-4504-A048-BF9790A4837E	NA	337	150	450	NA	NO	8.4	8.5	12	WHITE	NA	R0	YES	1	190	Primary	1	3.5	5	4.5	Female	NA	Liver	Matched	NA	NA	NA	NA	NA	NA	DD	3.533333333	WITH TUMOR	None	A	81	2007
lihc_tcga	TCGA-DD-A1EG	TCGA-DD-A1EG-01	YES	16	0	6	76	M0	N0	Stage I	7th	T1	0.7	0.1	1	Hepatobiliary Cancer	Hepatocellular Carcinoma	A	NA	NA	NA	NA	0.6	0.8	1.3	1386	0	NA	Lobectomy	33.05	1:Recurred/Progressed	NA	0	NOT HISPANIC OR LATINO	NA	1	YES	4/9/13	0.3121	G3	168	Mild	Hepatocellular Carcinoma	Alcohol consumption|Non-Alcoholic Fatty Liver Disease	No	No	C22.0	8170/3	C22.0	YES	NO	1,2 - Portal Fibrosis	NA	NA	1114	YES	TRUE	HCC	45.07	1:DECEASED	NA	NA	6C79F64B-63FE-46F5-BF7B-77208231B0F2	E8B59658-06C6-46B7-B51F-ED52DE0C403E	TCGA-DD-A1EG.D3F371AB-487A-47A8-8EE7-2D27D62FE482.pdf	D3F371AB-487A-47A8-8EE7-2D27D62FE482	YES	146	150	450	NA	NO	8.4	9.1	12	WHITE	NO	R0	YES	1	20	Primary	1	3.5	5	4.2	Male	NA	Liver	Matched	NA	NA	NA	NA	NA	NA	DD	37.13333333	WITH TUMOR	None	A	82	2007
lihc_tcga	TCGA-DD-A1EH	TCGA-DD-A1EH-01	NA	94340	0	6	23	M0	N0	Stage III	6th	T3	1	0.1	1	Hepatobiliary Cancer	Hepatocellular Carcinoma	B	NA	NA	NA	NA	1	0.8	1.3	933	0	NA	Lobectomy	3.94	1:Recurred/Progressed	NA	1	NOT HISPANIC OR LATINO	NA	1	YES	5/16/11	0.2424	G3	179	None	Hepatocellular Carcinoma	Hepatitis B	No	No	C22.0	8170/3	C22.0	YES	NO	3,4 - Fibrous Speta	NA	NA	43	NA	TRUE	HCC	49.11	0:LIVING	NA	NA	cab5b264-abab-4bdb-816e-9d2c0ac30629	44c98b82-adcb-4597-a9db-83e7d2a0e2f9	TCGA-DD-A1EH.951E7AFB-F380-4FA8-B213-CB766A60FF5B.pdf	951E7AFB-F380-4FA8-B213-CB766A60FF5B	NA	212	150	450	NA	NO	9.5	10.4	13.8	WHITE	NA	R0	YES	1	220	Primary	1	3.5	5	4.7	Male	NA	Liver	Matched	NA	NA	NA	NA	NA	NA	DD	1.433333333	WITH TUMOR	Macro	A	70	2008
lihc_tcga	TCGA-DD-A1EI	TCGA-DD-A1EI-01	NA	24	0	6	46	M0	N0	Stage I	6th	T1	0.7	0.1	1	Hepatobiliary Cancer	Hepatocellular Carcinoma	B	NA	NA	NA	NA	0.9	0.8	1.3	926	0	NA	Lobectomy	6.01	0:DiseaseFree	NA	2	NOT HISPANIC OR LATINO	NA	0	NO	5/10/11	0.2275	G2	175	Mild	Hepatocellular Carcinoma	Hepatitis B	No	No	C22.0	8170/3	C22.0	YES	NO	6 - Established Cirrhosis	NA	NA	42	NA	TRUE	HCC	6.01	0:LIVING	cirrhosis	NA	3acf7438-fd65-442c-8a30-68b6714537f3	65fb618a-9296-47ad-bba9-a93fc3f88e68	TCGA-DD-A1EI.C253EB16-129F-4442-8C88-8A132E610E8C.pdf	C253EB16-129F-4442-8C88-8A132E610E8C	NA	148	150	450	NA	NO	8.3	10.9	10.8	ASIAN	NA	R0	YES	1	80	Primary	1	3.5	5	5.1	Male	NA	Liver	Matched	NA	NA	NA	NA	NA	NA	DD	1.4	TUMOR FREE	None	A	69	2008
lihc_tcga	TCGA-DD-A1EJ	TCGA-DD-A1EJ-01	NA	18840	0	6	71	M0	N1	Stage IIIC	6th	T1	0.7	0.1	1	Hepatobiliary Cancer	Hepatocellular Carcinoma	B	NA	NA	NA	NA	0.6	0.6	1.1	909	0	NA	Lobectomy	8.64	1:Recurred/Progressed	NA	2	NOT HISPANIC OR LATINO	NA	1	YES	5/10/11	0.3128	G2	154	Mild	Hepatocellular Carcinoma	No History of Primary Risk Factors	No	No	C22.0	8170/3	C22.0	YES	NO	0 - No Fibrosis	NA	NA	56	NA	TRUE	HCC	33.02	1:DECEASED	NA	NA	52292ffc-0902-4d97-b461-20723987a177	2d549bb0-9e98-40c7-8b33-545c481dd105	TCGA-DD-A1EJ.A34C7F12-5EB1-4B7C-890C-FD2DFF41E85C.pdf	A34C7F12-5EB1-4B7C-890C-FD2DFF41E85C	NA	608	150	450	NA	NO	8.3	10.2	10.8	WHITE	NA	R0	YES	1	290	Primary	1	3.2	5	3.5	Female	NA	Liver	Matched	NA	NA	NA	NA	NA	NA	DD	1.9	WITH TUMOR	None	A	64	2008
lihc_tcga	TCGA-DD-A1EK	TCGA-DD-A1EK-01	YES	19	0	6	64	M1	N0	Stage IVB	6th	T4	0.5	0.1	1	Hepatobiliary Cancer	Hepatocellular Carcinoma	A	NA	NA	NA	NA	0.7	0.6	1.1	819	0	NA	Segmentectomy, Multiple	5.49	1:Recurred/Progressed	NA	0	NOT HISPANIC OR LATINO	NA	1	YES	4/9/13	0.1530	G2	159	Mild	Hepatocellular Carcinoma	Other	No	No	C22.0	8170/3	C22.0	YES	NO	0 - No Fibrosis	NA	NA	48	YES	TRUE	HCC	18.33	1:DECEASED	tobacco, birth control bills	NA	A5E4412B-0E49-4D86-9CCE-71F440A84048	71CCF91A-F2AF-4C6B-A22F-769F4CC96163	TCGA-DD-A1EK.AE199A35-2585-4363-8896-9B55B12C1BDF.pdf	AE199A35-2585-4363-8896-9B55B12C1BDF	NO	387	150	450	NA	NO	8.3	10.3	10.8	WHITE	NO	R0	YES	1	40	Primary	1	3.5	5	4.3	Female	NA	Liver	Matched	NA	NA	NA	NA	NA	NA	DD	1.6	WITH TUMOR	None	A	97	2008
lihc_tcga	TCGA-DD-A1EL	TCGA-DD-A1EL-01	NA	5	0	6	23	M0	N0	Stage II	6th	T2	0.5	0.1	1	Hepatobiliary Cancer	Hepatocellular Carcinoma	A	NA	NA	NA	NA	1	0.8	1.3	577	0	NA	Segmentectomy, Multiple	NA	NA	NA	0	NOT HISPANIC OR LATINO	NA	NA	NO	5/16/11	0.3421	G3	182	Mild	Hepatocellular Carcinoma	Hepatitis B	No	No	C22.0	8170/3	C22.0	YES	NO	0 - No Fibrosis	NA	NA	63	NA	TRUE	HCC	13.63	1:DECEASED	NA	NA	2854ffe8-1f77-497a-bf49-11e0189fee35	5a756b40-6c08-47e8-9b25-9b3ffff39606	TCGA-DD-A1EL.C8A1098A-0717-4801-A3E5-C13C42C65936.pdf	C8A1098A-0717-4801-A3E5-C13C42C65936	NA	153	150	450	NA	NO	8.3	10.8	10.8	BLACK OR AFRICAN AMERICAN	NA	R0	YES	1	130	Primary	1	3.5	5	4.4	Male	NA	Liver	Matched	NA	NA	NA	NA	NA	NA	DD	2.1	WITH TUMOR	None	A	54	2009
lihc_tcga	TCGA-DD-A39V	TCGA-DD-A39V-01	NA	NA	NA	NA	77	M0	NX	Stage II	5th	T2	NA	NA	NA	Hepatobiliary Cancer	Hepatocellular Carcinoma	A	NA	NA	NA	NA	0.9	0.8	1.2	4180	0	NA	Lobectomy	14.95	1:Recurred/Progressed	NA	1	NOT HISPANIC OR LATINO	NA	3	YES	1/5/12	0.3055	G3	174	None	Hepatocellular Carcinoma	No History of Primary Risk Factors	No	No	C22.0	8170/3	C22.0	YES	NO	0 - No Fibrosis	NA	NA	54	NA	FALSE	HCC	21.12	1:DECEASED	NA	NA	DD056692-4E2A-4E45-A4D0-357AF9754F0E	23FCD37F-A46A-4F99-944E-AED930B009F7	TCGA-DD-A39V.AB7EF7A1-F8F1-404A-BF15-2CC53F63C033.pdf	AB7EF7A1-F8F1-404A-BF15-2CC53F63C033	NA	193	150	450	NA	NO	8.4	11.4	12	WHITE	NA	R0	YES	1	180	Primary	1	3.5	5	4	Male	NA	Liver	Matched	NA	NA	NA	NA	NA	NA	DD	1.766666667	WITH TUMOR	None	A	79	2000
lihc_tcga	TCGA-DD-A39W	TCGA-DD-A39W-01	NA	NA	NA	NA	29	M0	N0	Stage III	4th	T3	NA	NA	NA	Hepatobiliary Cancer	Hepatocellular Carcinoma	NA	NA	NA	NA	NA	NA	NA	NA	6014	0	NA	Segmentectomy, Multiple	NA	NA	NA	NA	NOT HISPANIC OR LATINO	NA	NA	NA	1/5/12	0.0947	G2	177	NA	Hepatocellular Carcinoma	No History of Primary Risk Factors	No	No	C22.0	8170/3	C22.0	YES	NO	NA	NA	NA	36	NA	FALSE	HCC	27.17	1:DECEASED	NA	NA	48D33449-B969-423A-B4E7-541809109617	88DD13C0-6E32-4A07-8250-620E85DC1F40	TCGA-DD-A39W.3EE9248B-64B4-4B76-A427-73C254D6489D.pdf	3EE9248B-64B4-4B76-A427-73C254D6489D	NA	NA	NA	NA	NA	NO	NA	NA	NA	WHITE	NA	R0	YES	1	180	Primary	1	NA	NA	NA	Female	NA	Liver	Matched	NA	NA	NA	NA	NA	NA	DD	1.2	NA	None	A	74	1995
lihc_tcga	TCGA-DD-A39X	TCGA-DD-A39X-01	NA	10	0	6	78	M0	NX	Stage I	5th	T1	0.5	0.1	1	Hepatobiliary Cancer	Hepatocellular Carcinoma	A	NA	NA	NA	NA	0.9	0.6	0.9	4705	0	NA	Segmentectomy, Multiple	33.9	1:Recurred/Progressed	NA	1	NOT HISPANIC OR LATINO	NA	2	YES	1/5/12	0.1640	G2	152	None	Hepatocellular Carcinoma	No History of Primary Risk Factors	No	No	C22.0	8170/3	C22.0	YES	NO	0 - No Fibrosis	NA	NA	275	NA	FALSE	HCC	55.65	1:DECEASED	NA	NA	0D0A10B4-7B99-4043-A129-89844F258156	75148CC5-AC7B-408C-B14F-595763E494EB	TCGA-DD-A39X.B9919D23-7D65-4295-84D5-6678B26BEA01.pdf	B9919D23-7D65-4295-84D5-6678B26BEA01	NA	180	150	450	NA	NO	8.4	9.8	12	WHITE	NA	R0	YES	1	120	Primary	1	3.5	5	4.1	Female	NA	Liver	Matched	NA	NA	NA	NA	NA	NA	DD	9.2	WITH TUMOR	None	A	48	1998
lihc_tcga	TCGA-DD-A39Y	TCGA-DD-A39Y-01	NA	5600	0	6	67	M0	NX	Stage I	5th	T1	1.1	0.1	1	Hepatobiliary Cancer	Hepatocellular Carcinoma	A	NA	NA	NA	NA	0.8	1.2	12	3530	0	NA	Extended Lobectomy	NA	NA	NA	2	NOT HISPANIC OR LATINO	NA	NA	YES	1/5/12	0.4878	G3	176	None	Hepatocellular Carcinoma	No History of Primary Risk Factors	No	No	C22.0	8170/3	C22.0	YES	NO	0 - No Fibrosis	NA	NA	1156	NA	FALSE	HCC	5.62	1:DECEASED	NA	NA	BED1D731-E382-4B80-9604-E6DD68D9C0AB	5C9A03B5-3BBE-4377-B837-20CC178A9C2C	TCGA-DD-A39Y.2674265B-6B9D-49B3-9BD2-DF4E77AD4B26.pdf	2674265B-6B9D-49B3-9BD2-DF4E77AD4B26	NA	243	150	450	NA	NO	8.4	10.2	12	ASIAN	NA	R0	YES	1	220	Primary	1	3.5	5	4	Male	NA	Liver	Matched	NA	NA	NA	NA	NA	NA	DD	38.43333333	TUMOR FREE	None	A	85	2002
lihc_tcga	TCGA-DD-A39Z	TCGA-DD-A39Z-01	NA	NA	NA	NA	43	M0	NX	Stage II	4th	T2	1.2	0.1	1.1	Hepatobiliary Cancer	Hepatocellular Carcinoma	B	NA	NA	NA	NA	0.7	0.6	0.9	5728	0	NA	Segmentectomy, Single	NA	NA	NA	2	NA	NA	1	YES	1/5/12	0.2778	G2	165	NA	Hepatocellular Carcinoma	Alcohol consumption	No	No	C22.0	8170/3	C22.0	YES	NO	NA	NA	NA	301	NA	FALSE	HCC	19.74	1:DECEASED	extensive tobacco history	NA	42CB60F0-1A9E-4F59-8E2E-50C25E85CB98	02D27600-4857-4316-974D-0CF70C4C7056	TCGA-DD-A39Z.1976B0D8-E1F2-468F-9AB0-242E9507AB0D.pdf	1976B0D8-E1F2-468F-9AB0-242E9507AB0D	NA	437	150	450	NA	NO	8.4	12.6	12	NA	NA	R0	YES	1	250	Primary	1	3.5	5	3.1	Female	NA	Liver	Matched	NA	NA	NA	NA	NA	NA	DD	10.03333333	TUMOR FREE	None	A	61	1996
lihc_tcga	TCGA-DD-A3A0	TCGA-DD-A3A0-01	NA	1	0	6	70	M0	NX	Stage I	5th	T1	1.4	0.1	1	Hepatobiliary Cancer	Hepatocellular Carcinoma	A	NA	NA	NA	NA	2.7	0.8	1.2	3586	0	NA	Segmentectomy, Multiple	11.79	1:Recurred/Progressed	NA	1	NOT HISPANIC OR LATINO	NA	NA	NO	1/5/12	0.2169	G2	178	None	Hepatocellular Carcinoma	No History of Primary Risk Factors	No	No	C22.0	8170/3	C22.0	YES	NO	0 - No Fibrosis	NA	NA	1168	NA	FALSE	HCC	25.79	1:DECEASED	NA	NA	AE99D9FD-1735-4217-B4EF-33B377FBD594	EF575B18-0CD6-40F0-AC36-076347748A05	TCGA-DD-A3A0.C9E146D4-77FF-4877-8DA6-2E5D912F33C6.pdf	C9E146D4-77FF-4877-8DA6-2E5D912F33C6	NA	138	150	450	NA	NO	8.4	13.2	12	WHITE	NA	R0	YES	1	220	Primary	1	3.5	5	3.3	Male	NA	Liver	Matched	NA	NA	NA	NA	NA	NA	DD	38.8	WITH TUMOR	None	A	88	2001
lihc_tcga	TCGA-DD-A3A1	TCGA-DD-A3A1-01	NA	6	0	6	65	M0	N0	Stage IIIA	5th	T3b	0.8	0.1	1.1	Hepatobiliary Cancer	Hepatocellular Carcinoma	A	NA	NA	NA	NA	1.1	0.8	1.2	3753	0	NA	Extended Lobectomy	NA	NA	NA	0	NA	NA	1	YES	1/6/12	0.3078	G2	185	None	Hepatocellular Carcinoma	No History of Primary Risk Factors	No	No	C22.0	8170/3	C22.0	YES	NO	0 - No Fibrosis	NA	NA	399	NA	FALSE	HCC	7.65	1:DECEASED	NA	NA	877B9F6B-9B34-40ED-933F-8FEF204EDF21	FB5CCA74-F88A-410F-9220-503CD644C002	TCGA-DD-A3A1.EAB38F5C-4399-48DE-A4F5-18B7CB982689.pdf	EAB38F5C-4399-48DE-A4F5-18B7CB982689	NA	178	150	450	NA	NO	8.4	11.2	12	NA	NA	R0	YES	1	240	Primary	1	3.5	5	3.8	Male	NA	Liver	Matched	NA	NA	NA	NA	NA	NA	DD	13.3	TUMOR FREE	Macro	A	78	2001
lihc_tcga	TCGA-DD-A3A2	TCGA-DD-A3A2-01	NA	NA	NA	NA	76	M0	N0	Stage I	5th	T1	0.5	0.1	1.1	Hepatobiliary Cancer	Hepatocellular Carcinoma	A	NA	NA	NA	NA	0.8	0.6	0.9	4962	0	NA	Segmentectomy, Multiple	NA	NA	NA	0	NOT HISPANIC OR LATINO	NA	NA	NO	1/5/12	0.0572	G1	178	None	Hepatocellular Carcinoma	No History of Primary Risk Factors	No	No	C22.0	8170/3	C22.0	YES	NO	0 - No Fibrosis	NA	NA	63	NA	FALSE	HCC	70.01	1:DECEASED	NA	NA	357C1C08-F368-4CAE-8F20-9BE241B30479	8DEAA382-46DF-4F30-B6EE-C2CACF762EB3	TCGA-DD-A3A2.91B547FA-DAB2-4B65-9AC4-5151D4524001.pdf	91B547FA-DAB2-4B65-9AC4-5151D4524001	NA	326	150	450	NA	NO	8.4	8.8	12	WHITE	NA	R0	YES	1	250	Primary	1	3.5	5	4.2	Female	NA	Liver	Matched	NA	NA	NA	NA	NA	NA	DD	2.066666667	TUMOR FREE	None	A	85	1998
lihc_tcga	TCGA-DD-A3A3	TCGA-DD-A3A3-01	NA	6	0	6	45	M0	N0	Stage I	5th	T1	0.9	0.1	1.1	Hepatobiliary Cancer	Hepatocellular Carcinoma	B	NA	NA	NA	NA	1.2	0.8	1.2	4397	0	NA	Extended Lobectomy	NA	NA	NA	1	NOT HISPANIC OR LATINO	NA	NA	NO	1/6/12	0.1823	G2	167	None	Hepatocellular Carcinoma	No History of Primary Risk Factors	No	No	C22.0	8170/3	C22.0	YES	NO	0 - No Fibrosis	NA	NA	41	NA	FALSE	HCC	17.58	1:DECEASED	NA	NA	516C8594-2973-41E5-A5CE-76D177EDFA48	94306C6E-490A-4681-B61E-6A9E935065BC	TCGA-DD-A3A3.A37A1F44-D2AD-457C-8292-3E7A6667268D.pdf	A37A1F44-D2AD-457C-8292-3E7A6667268D	NA	276	150	450	NA	NO	8.4	8.8	12	ASIAN	NA	R0	YES	1	250	Primary	1	NA	NA	NA	Male	NA	Liver	Matched	NA	NA	NA	NA	NA	NA	DD	1.366666667	NA	Macro	A	71	1999
lihc_tcga	TCGA-DD-A3A4	TCGA-DD-A3A4-01	NA	NA	NA	NA	37	M0	N0	Stage IIIA	5th	T3	1	0.1	1	Hepatobiliary Cancer	Hepatocellular Carcinoma	B	NA	NA	NA	NA	1	0.4	1.2	4776	0	NA	Extended Lobectomy	2.86	1:Recurred/Progressed	NA	0	NOT HISPANIC OR LATINO	NA	2	YES	1/6/12	0.0564	G3	189	None	Hepatocellular Carcinoma	Other	No	No	C22.0	8170/3	C22.0	YES	NO	0 - No Fibrosis	NA	NA	30	NA	FALSE	HCC	20.11	1:DECEASED	Tobacco use	NA	AB35C9F9-3040-424D-A89F-DFF3A1365BC6	8BCC5576-C437-4EA7-A914-D4B465C8D5DD	TCGA-DD-A3A4.C755324B-9B82-4319-BDD8-EB8A24107AAC.pdf	C755324B-9B82-4319-BDD8-EB8A24107AAC	NA	283	150	450	NA	NO	8.4	11	12	WHITE	NA	R0	YES	1	160	Primary	1	3.5	5	3.3	Male	NA	Liver	Matched	NA	NA	NA	NA	NA	NA	DD	1	WITH TUMOR	None	A	65	1998
lihc_tcga	TCGA-DD-A3A5	TCGA-DD-A3A5-01	NA	55	0	6	66	M0	N0	Stage III	4th	T3	0.8	0.1	1.1	Hepatobiliary Cancer	Hepatocellular Carcinoma	A	NA	NA	NA	NA	0.7	0.6	0.9	5538	0	NA	Segmentectomy, Multiple	2.76	1:Recurred/Progressed	NA	1	NOT HISPANIC OR LATINO	NA	NA	NO	1/5/12	0.1578	G2	170	None	Hepatocellular Carcinoma	No History of Primary Risk Factors	No	No	C22.0	8170/3	C22.0	YES	NO	0 - No Fibrosis	NA	NA	47	NA	FALSE	HCC	102.66	1:DECEASED	NA	NA	D8549D23-37D4-42BD-B472-F49BBEBD09B0	2BE2966F-D7BE-4FB4-BEE9-C00C47F7AB69	TCGA-DD-A3A5.646F2FED-EA95-4758-B454-4B0E638553B4.pdf	646F2FED-EA95-4758-B454-4B0E638553B4	NA	312	150	450	NA	NO	8.4	8.7	12	WHITE	NA	R0	YES	1	250	Primary	1	3.5	5	4.2	Female	NA	Liver	Matched	NA	NA	NA	NA	NA	NA	DD	1.5	WITH TUMOR	None	A	58	1996
lihc_tcga	TCGA-DD-A3A6	TCGA-DD-A3A6-01	NA	NA	NA	NA	72	M0	N0	Stage II	4th	T2	0.4	0.1	1.1	Hepatobiliary Cancer	Hepatocellular Carcinoma	A	NA	NA	NA	NA	1	0.6	0.9	5304	0	NA	Extended Lobectomy	NA	NA	NA	0	NOT HISPANIC OR LATINO	NA	NA	NO	1/6/12	0.0000	G2	175	None	Hepatocellular Carcinoma	No History of Primary Risk Factors	No	No	C22.0	8170/3	C22.0	YES	NO	0 - No Fibrosis	NA	NA	12	NA	FALSE	HCC	107.03	1:DECEASED	NA	NA	C4C4820B-6F4C-4CDD-B233-4D22F5933FD9	8BBFEEAB-FF99-4BD0-B407-E1E532BD04FC	TCGA-DD-A3A6.EEA9EFFB-B5F9-42D9-B452-E165E018C33C.pdf	EEA9EFFB-B5F9-42D9-B452-E165E018C33C	NA	4	0	6	NA	NO	8.4	9.3	12	WHITE	NA	R0	YES	1	150	Primary	1	3.5	5	4.3	Female	NA	Liver	Matched	NA	NA	NA	NA	NA	NA	DD	0.4	TUMOR FREE	Micro	A	52	1997
lihc_tcga	TCGA-DD-A3A7	TCGA-DD-A3A7-01	NO	120	0	6	67	M0	N0	Stage IIIB	7th	T3b	0.8	0.1	1.1	Hepatobiliary Cancer	Hepatocellular Carcinoma	NA	NA	NA	NA	NA	1.4	0.8	1.2	4772	0	NA	Lobectomy	4.73	1:Recurred/Progressed	NA	1	NA	NA	4	YES	4/9/13	0.4530	G3	188	Mild	Hepatocellular Carcinoma	Alcohol consumption|Other	No	No	C22.0	8170/3	C22.0	YES	NO	0 - No Fibrosis	NA	NA	96	YES	FALSE	HCC	13.76	1:DECEASED	tobacco	NA	614C0ECF-6A84-4C86-8706-79BE5BB00991	1EF290A3-D054-4E3A-9683-8F99A2010E3E	TCGA-DD-A3A7.B520F88D-4004-4DFA-BF8D-7CE96777C5A3.pdf	B520F88D-4004-4DFA-BF8D-7CE96777C5A3	NO	562	150	450	NA	NO	8.4	10.6	12	NA	NO	R0	YES	1	130	Primary	1	NA	NA	NA	Male	NA	Liver	Matched	NA	NA	NA	NA	NA	NA	DD	3.233333333	WITH TUMOR	Micro	A	80	1998
lihc_tcga	TCGA-DD-A3A8	TCGA-DD-A3A8-01	NA	4	0	6	75	M0	N0	Stage II	5th	T2	1	0.1	1	Hepatobiliary Cancer	Hepatocellular Carcinoma	A	NA	NA	NA	NA	0.9	0.8	1.2	3708	0	NA	Lobectomy	NA	NA	NA	1	NOT HISPANIC OR LATINO	NA	3	YES	1/6/12	0.2020	G2	177	None	Hepatocellular Carcinoma	No History of Primary Risk Factors	No	Yes	C22.0	8170/3	C22.0	YES	NO	0 - No Fibrosis	NA	NA	93	NA	FALSE	HCC	0.36	1:DECEASED	NA	NA	69D6881B-9E9A-407B-8B02-BAD5FC2455BF	93D007F8-84D9-427D-A1E9-54919605F7B3	TCGA-DD-A3A8.5D143B3D-AC64-4C1C-A276-D12111750C67.pdf	5D143B3D-AC64-4C1C-A276-D12111750C67	NA	251	150	450	NA	NO	NA	NA	NA	WHITE	NA	R0	YES	1	290	Primary	1	NA	NA	NA	Male	NA	Liver	Matched	NA	NA	NA	NA	NA	NA	DD	3.133333333	TUMOR FREE	None	A	99	2001
lihc_tcga	TCGA-DD-A3A9	TCGA-DD-A3A9-01	NA	19930	0	6	64	M1	N0	Stage IVB	5th	T4	0.3	0.1	1	Hepatobiliary Cancer	Hepatocellular Carcinoma	A	NA	NA	NA	NA	0.9	0.6	0.9	3584	0	NA	Lobectomy	9.49	1:Recurred/Progressed	NA	1	NOT HISPANIC OR LATINO	NA	NA	NO	1/5/12	0.6334	G2	168	None	Hepatocellular Carcinoma	Other	No	No	C22.0	8170/3	C22.0	YES	NO	0 - No Fibrosis	NA	NA	269	NA	FALSE	HCC	30.58	1:DECEASED	smoker	NA	457CCA7C-A8B4-414E-A3C0-7FCCF0EE2034	9BFBC85E-86E0-4AC5-9304-84B1EB32B9CC	TCGA-DD-A3A9.59B64E76-42CB-421D-B8A7-36F7050BA5E5.pdf	59B64E76-42CB-421D-B8A7-36F7050BA5E5	NA	317	150	450	NA	NO	8.4	9.3	12	WHITE	NA	R0	YES	1	230	Primary	1	3.5	5	4	Female	NA	Liver	Matched	NA	NA	NA	NA	NA	NA	DD	8.933333333	WITH TUMOR	None	A	62	2001
lihc_tcga	TCGA-DD-A4NA	TCGA-DD-A4NA-01	NA	3	0	6	67	M0	N1	Stage IIIC	6th	T2	NA	NA	NA	Hepatobiliary Cancer	Hepatocellular Carcinoma	NA	NA	NA	NA	NA	0.8	0.6	1.1	1198	0	NA	Extended Lobectomy	33.11	0:DiseaseFree	NA	0	NOT HISPANIC OR LATINO	NA	2	YES	12/21/12	0.3096	G3	166	None	Hepatocellular Carcinoma	No History of Primary Risk Factors	No	No	C22.0	8170/3	C22.0	YES	NO	5 - Nodular Formation and Incomplete Cirrhosis	NA	NA	29	NO	TRUE	HCC	33.11	0:LIVING	NA	NA	BEE9D6C8-948F-4B76-97CA-B985064249EF	1E7C53F1-DFB6-4A50-BD83-F8062B1306F2	TCGA-DD-A4NA.48C11C04-947E-4954-9687-DF275D897F79.pdf	48C11C04-947E-4954-9687-DF275D897F79	NA	332	150	450	NA	NO	8.3	9.6	10.8	WHITE	NA	R0	YES	1	110	Primary	1	NA	NA	NA	Female	NA	Liver	Matched	NA	NA	NA	NA	NA	NA	DD	0.966666667	TUMOR FREE	NA	A	93	2009
lihc_tcga	TCGA-DD-A4NB	TCGA-DD-A4NB-01	NO	3	0	6	25	M0	N0	Stage I	7th	T1	1	0.1	1	Hepatobiliary Cancer	Fibrolamellar Carcinoma	NA	NA	NA	NA	NA	0.8	0.8	1.3	464	0	NA	Segmentectomy, Multiple	29.96	1:Recurred/Progressed	NA	1	NOT HISPANIC OR LATINO	NA	2	YES	12/18/12	0.0850	G2	185	Mild	Fibrolamellar Carcinoma	No History of Primary Risk Factors	No	No	C22.0	8171/3	C22.0	YES	NO	NA	NA	NA	27	NO	TRUE	FLC	32.49	0:LIVING	NA	NA	1983FADE-44F1-41E0-8983-F2CE8D649655	0A79C3EE-9DD0-4FF7-B079-C9A0AEB08E1F	TCGA-DD-A4NB.963CA9F8-DA47-4E2E-892E-14E7AB0EB76E.pdf	963CA9F8-DA47-4E2E-892E-14E7AB0EB76E	NO	296	150	450	NA	NO	9.5	13.9	13.8	WHITE	NO	R0	YES	1	180	Primary	1	NA	NA	NA	Male	NA	Liver	Matched	NA	NA	NA	NA	NA	NA	DD	0.9	TUMOR FREE	None	A	69	2011
lihc_tcga	TCGA-DD-A4ND	TCGA-DD-A4ND-01	NO	NA	NA	NA	56	M0	N0	Stage I	6th	T1	0.5	0.1	1	Hepatobiliary Cancer	Hepatocellular Carcinoma	A	NA	NA	NA	NA	0.7	0.6	1.1	2088	0	NA	Lobectomy	0.66	1:Recurred/Progressed	NA	1	NOT HISPANIC OR LATINO	NA	3	YES	12/18/12	0.3781	G3	162	None	Hepatocellular Carcinoma	No History of Primary Risk Factors	No	Yes	C22.0	8170/3	C22.0	YES	NO	0 - No Fibrosis	NA	NA	50	YES	TRUE	HCC	90.21	0:LIVING	NA	NA	C0BF9278-9CBB-4361-B4D8-AB172B67E276	4282039E-396B-44D8-B4EC-AC14C46DDEF6	TCGA-DD-A4ND.64D878AE-DEEA-4C56-854C-3774038E2914.pdf	64D878AE-DEEA-4C56-854C-3774038E2914	NO	NA	NA	NA	NA	NO	8.4	8.8	12	WHITE	NO	R0	YES	1	140	Primary	1	3.5	5	3.9	Female	NA	Liver	Matched	NA	NA	NA	NA	NA	NA	DD	1.666666667	WITH TUMOR	None	A	89	2007
lihc_tcga	TCGA-DD-A4NE	TCGA-DD-A4NE-01	NO	28	0	6	75	M0	N0	Stage IIIA	7th	T3a	0.9	0.1	1	Hepatobiliary Cancer	Hepatocellular Carcinoma	A	NA	NA	NA	NA	0.8	0.6	1	631	0	NA	Extended Lobectomy	6.24	1:Recurred/Progressed	NA	0	HISPANIC OR LATINO	NA	3	YES	12/21/12	NA	G3	170	None	Hepatocellular Carcinoma	No History of Primary Risk Factors	No	No	C22.0	8170/3	C22.0	YES	NO	0 - No Fibrosis	NA	NA	43	YES	TRUE	HCC	21.68	1:DECEASED	NA	NA	BCE25281-502E-4599-9679-32DC8462FFB1	C8CB1326-7AB9-4E3D-BDC9-9CE42715DAC7	TCGA-DD-A4NE.8E3E5E19-6A21-44B1-B000-F90EA27F6EE0.pdf	8E3E5E19-6A21-44B1-B000-F90EA27F6EE0	NO	348	150	450	NA	NO	8.3	10.2	10.8	WHITE	NO	R0	YES	1	200	Primary	1	3.5	5	4.2	Female	NA	Liver	Matched	NA	NA	NA	NA	NA	NA	DD	1.466666667	WITH TUMOR	None	A	79	2011
lihc_tcga	TCGA-DD-A4NF	TCGA-DD-A4NF-01	NO	6	0	6	72	M0	N0	Stage I	7th	T1	0.5	0.1	1	Hepatobiliary Cancer	Hepatocellular Carcinoma	A	NA	NA	NA	NA	0.9	0.8	1.3	364	0	NA	Segmentectomy, Single	21.55	1:Recurred/Progressed	NA	0	NOT HISPANIC OR LATINO	NA	NA	NO	1/29/13	0.1189	G2	173	Mild	Hepatocellular Carcinoma	Hepatitis C	No	No	C22.0	8170/3	C22.0	YES	NO	6 - Established Cirrhosis	NA	NA	82	NO	TRUE	HCC	30.95	0:LIVING	NA	NA	1043BC90-72C9-48C9-AE24-F617D0485E78	64150FA1-B4BF-4918-A801-E6A2CC70E5C7	TCGA-DD-A4NF.7381633C-866A-4440-93B1-BC7102B59C93.pdf	7381633C-866A-4440-93B1-BC7102B59C93	NO	97	150	450	NA	NO	9.5	12.7	13.8	WHITE	NO	R0	YES	1	200	Primary	1	3.5	5	4	Male	NA	Liver	Matched	NA	NA	NA	NA	NA	NA	DD	2.733333333	TUMOR FREE	None	A	86	2011
lihc_tcga	TCGA-DD-A4NG	TCGA-DD-A4NG-01	NO	3	0	6	77	M0	NX	Stage IIIA	7th	T3a	0.5	0.1	1	Hepatobiliary Cancer	Hepatocellular Carcinoma	A	NA	NA	NA	NA	0.9	0.8	1.3	629	0	NA	Segmentectomy, Multiple	14.13	1:Recurred/Progressed	NA	1	NOT HISPANIC OR LATINO	NA	1	YES	1/29/13	NA	G2	164	None	Hepatocellular Carcinoma	Alcohol consumption	No	No	C22.0	8170/3	C22.0	YES	NO	NA	NA	NA	48	YES	TRUE	HCC	26.35	1:DECEASED	NA	NA	89791F8F-DC06-4A04-B166-AFBFD6CF53DE	38507EDD-DFB4-4931-9895-2C0482BD4555	TCGA-DD-A4NG.4E4F148F-7C70-43DE-802E-271078BDFB4F.pdf	4E4F148F-7C70-43DE-802E-271078BDFB4F	NO	220	150	450	NA	NO	8.3	10.6	10.8	WHITE	NO	R0	YES	1	280	Primary	1	3.5	5	4.5	Male	NA	Liver	Matched	NA	NA	NA	NA	NA	NA	DD	1.566666667	WITH TUMOR	Micro	A	94	2011
lihc_tcga	TCGA-DD-A4NH	TCGA-DD-A4NH-01	NO	92889	0	6	65	M0	N0	Stage IIIB	7th	T3b	0.6	0.1	1	Hepatobiliary Cancer	Hepatocellular Carcinoma	A	NA	NA	NA	NA	0.8	0.6	1.1	335	0	NA	Extended Lobectomy	5.29	1:Recurred/Progressed	NA	0	NOT HISPANIC OR LATINO	NA	1	YES	1/29/13	0.3556	G3	157	None	Hepatocellular Carcinoma	Alcohol consumption	No	No	C22.0	8170/3	C22.0	YES	NO	1,2 - Portal Fibrosis	NA	NA	42	YES	TRUE	HCC	30.12	0:LIVING	NA	NA	4012EA90-5768-4ACC-AF3A-BA954F493DB4	493270AA-EB7D-4047-B438-C4E056E626EE	TCGA-DD-A4NH.C9179EC7-2990-4581-B652-60289CC895F5.pdf	C9179EC7-2990-4581-B652-60289CC895F5	NO	226	150	450	NA	NO	9.5	11.8	13.8	WHITE	NO	R0	YES	1	270	Primary	1	3.5	5	4	Female	NA	Liver	Matched	NA	NA	NA	NA	NA	NA	DD	1.366666667	WITH TUMOR	Macro	A	81	2011
lihc_tcga	TCGA-DD-A4NI	TCGA-DD-A4NI-01	NO	6	0	6	67	M0	NX	Stage II	7th	T2	0.6	0.1	1	Hepatobiliary Cancer	Hepatocellular Carcinoma	A	NA	NA	NA	NA	1.1	0.8	1.3	357	0	NA	Lobectomy	26.81	0:DiseaseFree	NA	0	NOT HISPANIC OR LATINO	NA	6	YES	1/29/13	0.1340	G2	172	NA	Hepatocellular Carcinoma	Alcohol consumption|Non-Alcoholic Fatty Liver Disease	No	Yes	C22.0	8170/3	C22.0	YES	NO	0 - No Fibrosis	NA	NA	113	NO	TRUE	HCC	26.81	0:LIVING	tobacco	NA	518AA9CC-71CF-4734-9D55-B435DA99D300	453E3DA6-A1B3-4303-9A08-17D99027910F	TCGA-DD-A4NI.7D4F801A-187C-4B20-96B3-98313D5252E3.pdf	7D4F801A-187C-4B20-96B3-98313D5252E3	NO	187	150	450	NA	NO	9.5	12.4	13.8	WHITE	NO	R0	YES	1	130	Primary	1	3.5	5	4.4	Male	NA	Liver	Matched	NA	NA	NA	NA	NA	NA	DD	3.766666667	TUMOR FREE	None	A	99	2011
lihc_tcga	TCGA-DD-A4NJ	TCGA-DD-A4NJ-01	NO	5	0	6	54	M0	N0	Stage II	7th	T2	0.4	0.1	1	Hepatobiliary Cancer	Hepatocellular Carcinoma	A	NA	NA	NA	NA	0.7	0.6	1.1	416	0	NA	Lobectomy	18.17	1:Recurred/Progressed	NA	0	NOT HISPANIC OR LATINO	NA	1	YES	2/5/13	0.2893	G2	164	Mild	Hepatocellular Carcinoma	Non-Alcoholic Fatty Liver Disease	No	No	C22.0	8170/3	C22.0	YES	NO	1,2 - Portal Fibrosis	NA	NA	70	NO	TRUE	HCC	30.49	0:LIVING	NA	NA	815DFFB0-0C22-4E05-868C-26E6C553980A	9620D434-5AFF-4B60-BF5A-F1B80281F608	TCGA-DD-A4NJ.36C3150D-343E-4B3F-A5D7-1AE978246648.pdf	36C3150D-343E-4B3F-A5D7-1AE978246648	NO	303	150	450	NA	NO	9.5	11.5	13.8	WHITE	NO	R0	YES	1	140	Primary	1	3.5	5	4.7	Female	NA	Liver	Matched	NA	NA	NA	NA	NA	NA	DD	2.333333333	TUMOR FREE	None	A	88	2011
lihc_tcga	TCGA-DD-A4NK	TCGA-DD-A4NK-01	YES	3	0	6	80	M0	N0	Stage IIIA	6th	T3	0.5	0.1	1	Hepatobiliary Cancer	Hepatocellular Carcinoma	A	NA	NA	NA	NA	1.1	0.7	1.2	3143	0	NA	Lobectomy	2.92	1:Recurred/Progressed	NA	0	NOT HISPANIC OR LATINO	NA	3	YES	2/5/13	0.2598	G2	NA	None	Hepatocellular Carcinoma	No History of Primary Risk Factors	No	No	C22.0	8170/3	C22.0	YES	NO	0 - No Fibrosis	NA	NA	59	YES	TRUE	HCC	39.75	1:DECEASED	NA	NA	5B8D04B2-EF40-4216-A3BB-42520EFBE863	089D93C5-5E66-4227-8B04-7E4C665148E6	TCGA-DD-A4NK.0521278C-B2AC-4D7D-BC1F-5003B630808E.pdf	0521278C-B2AC-4D7D-BC1F-5003B630808E	NO	372	150	450	NA	NO	8.4	8.7	12	WHITE	NO	R0	YES	1	130	Primary	1	3.5	5	4.1	Female	NA	Liver	Matched	NA	NA	NA	NA	NA	NA	DD	1.966666667	WITH TUMOR	None	A	84	2004
lihc_tcga	TCGA-DD-A4NL	TCGA-DD-A4NL-01	NO	2	0	6	46	M0	N0	Stage I	6th	T1	0.3	0.1	1	Hepatobiliary Cancer	Hepatocellular Carcinoma	NA	NA	NA	NA	NA	1	0.8	1.3	1896	0	NA	Segmentectomy, Single	56.21	0:DiseaseFree	NA	1	NOT HISPANIC OR LATINO	NA	NA	NO	2/5/13	0.0000	G1	173	None	Hepatocellular Carcinoma	Alcohol consumption|Other	No	No	C22.0	8170/3	C22.0	YES	NO	0 - No Fibrosis	NA	NA	23	NO	TRUE	HCC	56.21	0:LIVING	Tobacco use	NA	E0067280-2722-46F2-A5A8-352C77B47E38	AE09A90D-E285-44C1-993D-75B9AA7749C4	TCGA-DD-A4NL.54C7EDE1-EDBE-44A4-A3BE-FD639D6891DA.pdf	54C7EDE1-EDBE-44A4-A3BE-FD639D6891DA	NO	266	150	450	NA	NO	NA	NA	NA	WHITE	NO	R0	YES	1	80	Primary	1	3.5	5	4.4	Male	NA	Liver	Matched	NA	NA	NA	NA	NA	NA	DD	0.766666667	TUMOR FREE	None	A	113	2007
lihc_tcga	TCGA-DD-A4NN	TCGA-DD-A4NN-01	NO	4223	0	6	56	M0	N0	Stage I	6th	T1	0.5	0.1	1	Hepatobiliary Cancer	Hepatocellular Carcinoma	A	NA	NA	NA	NA	0.9	0.7	1.2	3053	0	NA	Segmentectomy, Multiple	5.45	1:Recurred/Progressed	NA	0	NOT HISPANIC OR LATINO	NA	1	YES	2/5/13	0.4194	G3	163	NA	Hepatocellular Carcinoma	No History of Primary Risk Factors	No	No	C22.0	8170/3	C22.0	YES	NO	0 - No Fibrosis	NA	NA	49	YES	TRUE	HCC	29.53	1:DECEASED	NA	NA	B96B7620-5506-4DEF-AFF2-5E888EAF3EA5	423590E6-7496-40EE-8B1D-99986366EBC8	TCGA-DD-A4NN.16053CE8-B3B1-4925-AEAA-5B118E1C2E45.pdf	16053CE8-B3B1-4925-AEAA-5B118E1C2E45	NO	307	150	450	NA	NO	8	8.8	12	WHITE	NO	R0	YES	1	240	Primary	1	3.5	5	4.3	Female	NA	Liver	Matched	NA	NA	NA	NA	NA	NA	DD	1.633333333	WITH TUMOR	None	A	59	2004
lihc_tcga	TCGA-DD-A4NO	TCGA-DD-A4NO-01	NO	3	0	6	65	M0	N0	Stage I	6th	T1	0.4	0.1	1	Hepatobiliary Cancer	Hepatocellular Carcinoma	A	NA	NA	NA	NA	1.6	0.8	1.3	1879	0	NA	Segmentectomy, Multiple	73.62	1:Recurred/Progressed	NA	0	NOT HISPANIC OR LATINO	NA	NA	NO	2/5/13	0.5991	G1	176	Mild	Hepatocellular Carcinoma	Hepatitis C|Other	No	No	C22.0	8170/3	C22.0	YES	NO	0 - No Fibrosis	NA	NA	47	YES	TRUE	HCC	73.75	0:LIVING	Tobacco use	NA	75F78C38-6854-4390-AD11-789B4E549D63	4EF18704-C08F-4F69-A5AE-09ADE360650E	TCGA-DD-A4NO.0B108361-E361-4A8B-9F5C-FC3ACB992DB9.pdf	0B108361-E361-4A8B-9F5C-FC3ACB992DB9	NO	201	150	450	NA	NO	8.4	9.9	12	WHITE	NO	R0	YES	1	190	Primary	1	3.5	5	4.5	Male	NA	Liver	Matched	NA	NA	NA	NA	NA	NA	DD	1.566666667	WITH TUMOR	None	A	109	2007
lihc_tcga	TCGA-DD-A4NP	TCGA-DD-A4NP-01	NO	2	0	6	32	M0	N0	Stage I	6th	T1	0.7	0.1	1	Hepatobiliary Cancer	Hepatocellular Carcinoma	B	NA	NA	NA	NA	1.9	0.9	1.4	2736	0	NA	Lobectomy	90.08	1:Recurred/Progressed	NA	0	NOT HISPANIC OR LATINO	NA	NA	NO	2/5/13	0.0279	G3	177	None	Hepatocellular Carcinoma	No History of Primary Risk Factors	No	No	C22.0	8170/3	C22.0	YES	NO	0 - No Fibrosis	NA	NA	18	YES	TRUE	HCC	108.67	0:LIVING	NA	NA	001887AA-36D0-463F-8BCA-DEC7043B4F2E	8D3E521B-6DF4-4633-BB44-7647DED94130	TCGA-DD-A4NP.6C7AE628-1BC9-453D-A1C2-5F2F63A295FC.pdf	6C7AE628-1BC9-453D-A1C2-5F2F63A295FC	NO	348	150	450	NA	NO	8.4	8.9	12	WHITE	NO	R0	YES	1	160	Primary	1	3.5	5	2.4	Male	NA	Liver	Matched	NA	NA	NA	NA	NA	NA	DD	0.6	WITH TUMOR	None	A	79	2005
lihc_tcga	TCGA-DD-A4NQ	TCGA-DD-A4NQ-01	NO	141	0	6	60	M0	N0	Stage II	6th	T2	0.7	0.1	1	Hepatobiliary Cancer	Hepatocellular Carcinoma	A	NA	NA	NA	NA	0.8	0.8	1.3	2030	0	NA	Segmentectomy, Multiple	4.14	1:Recurred/Progressed	NA	0	HISPANIC OR LATINO	NA	1	YES	2/11/13	0.2773	G3	159	Mild	Hepatocellular Carcinoma	Hepatitis B|Other	No	No	C22.0	8170/3	C22.0	YES	NO	NA	NA	NA	68	YES	TRUE	HCC	12.25	1:DECEASED	tobacco	NA	C05720FE-19C1-4CFF-819B-6806B26FC312	1E18C64B-42C7-424B-BD32-A1E7797F28A7	TCGA-DD-A4NQ.D79DB738-2DA3-43F6-898C-4A212964FA03.pdf	D79DB738-2DA3-43F6-898C-4A212964FA03	NO	283	150	450	NA	NO	8.4	10.1	12	WHITE	NO	R0	YES	1	120	Primary	1	3.5	5	4.4	Male	NA	Liver	Matched	NA	NA	NA	NA	NA	NA	DD	2.266666667	WITH TUMOR	Macro	A	75	2007
lihc_tcga	TCGA-DD-A4NR	TCGA-DD-A4NR-01	NO	40250	0	6	85	M0	N0	Stage I	6th	T1	0.8	0.1	1	Hepatobiliary Cancer	Hepatocellular Carcinoma	A	NA	NA	NA	NA	1	0.7	1.2	2652	0	NA	Segmentectomy, Single	NA	NA	NA	0	NOT HISPANIC OR LATINO	NA	1	YES	2/11/13	0.0672	G3	64	NA	Hepatocellular Carcinoma	Other	No	No	C22.0	8170/3	C22.0	YES	NO	6 - Established Cirrhosis	NA	NA	33	NO	TRUE	HCC	0.3	1:DECEASED	primary biliary cirrhosis	NA	52A7F734-DA07-49C5-861D-C70DA37FF959	71BC4FD0-374F-423E-A8B4-AE1BCECEDA83	TCGA-DD-A4NR.93133C58-B1BF-4A5C-8EFC-AE17EC6A0B64.pdf	93133C58-B1BF-4A5C-8EFC-AE17EC6A0B64	NO	239	150	450	NA	NO	8.4	9.3	12	WHITE	NO	R0	YES	1	240	Primary	1	3.5	5	3.1	Female	NA	Liver	Matched	NA	NA	NA	NA	NA	NA	DD	1	NA	None	A	54	2005
lihc_tcga	TCGA-DD-A4NS	TCGA-DD-A4NS-01	NO	2	0	6	61	M0	N0	Stage I	6th	T1	0.9	0.1	1	Hepatobiliary Cancer	Hepatocellular Carcinoma	NA	NA	NA	NA	NA	1.1	0.7	1.2	2596	0	NA	Lobectomy	35.84	1:Recurred/Progressed	NA	0	NOT HISPANIC OR LATINO	NA	2	YES	2/11/13	0.0000	G2	167	None	Hepatocellular Carcinoma	Alcohol consumption	No	No	C22.0	8170/3	C22.0	YES	NO	0 - No Fibrosis	NA	NA	30	YES	TRUE	HCC	80.68	1:DECEASED	NA	NA	A6A3F07C-CED4-451B-B2E5-C93E4ED622C1	FBAB0003-7E83-46D4-A265-C19F9B183292	TCGA-DD-A4NS.97CA96D5-990E-41F9-949D-CCCCFFB78CBD.pdf	97CA96D5-990E-41F9-949D-CCCCFFB78CBD	NO	270	150	450	NA	NO	8.4	8.8	12	WHITE	NO	R0	YES	1	140	Primary	1	NA	NA	NA	Female	NA	Liver	Matched	NA	NA	NA	NA	NA	NA	DD	1	WITH TUMOR	None	A	58	2005
lihc_tcga	TCGA-DD-A4NV	TCGA-DD-A4NV-01	NO	3	0	6	61	M0	N0	Stage IIIA	6th	T3	0.5	0.1	1	Hepatobiliary Cancer	Hepatocellular Carcinoma	A	NA	NA	NA	NA	0.8	0.8	1.3	1928	0	NA	Segmentectomy, Multiple	78.78	0:DiseaseFree	NA	1	NOT HISPANIC OR LATINO	NA	1	YES	2/11/13	0.1393	G1	179	None	Hepatocellular Carcinoma	Non-Alcoholic Fatty Liver Disease|Other	No	No	C22.0	8170/3	C22.0	YES	NO	0 - No Fibrosis	NA	NA	107	NO	TRUE	HCC	78.78	0:LIVING	morbid obesity, tobacco use	NA	8E5CE60B-2EDA-482D-B109-210DF1321AFF	118F2987-8AB8-4E16-8010-94971FAA29A0	TCGA-DD-A4NV.C65CD25A-D623-4793-B22F-567693666073.pdf	C65CD25A-D623-4793-B22F-567693666073	NO	240	150	450	NA	NO	8.4	9	12	WHITE	NO	R0	YES	1	80	Primary	1	3.5	5	3.9	Male	NA	Liver	Matched	NA	NA	NA	NA	NA	NA	DD	3.566666667	TUMOR FREE	None	A	129	2007
lihc_tcga	TCGA-DD-A73A	TCGA-DD-A73A-01	NO	4	0	6	71	M0	N0	Stage I	7th	T1	1.2	0.1	1	Hepatobiliary Cancer	Hepatocellular Carcinoma	A	NA	NA	NA	NA	1.4	0.8	1.3	287	0	NA	Segmentectomy, Single	23.92	0:DiseaseFree	NA	1	NOT HISPANIC OR LATINO	NA	NA	NO	9/30/13	0.0908	G2	174	Mild	Hepatocellular Carcinoma	Alcohol consumption	No	No	C22.0	8170/3	C22.0	YES	NO	3,4 - Fibrous Speta	NA	NA	77	NO	FALSE	HCC	23.92	0:LIVING	NA	NA	B6C0266A-CF34-464A-808D-1D3C28DC90F2	51A910EC-5097-4F8E-B520-B574E23F33DF	TCGA-DD-A73A.CAFC4E06-D637-463A-BBC8-D3B5E608204D.pdf	CAFC4E06-D637-463A-BBC8-D3B5E608204D	NO	89	150	450	NA	NO	9.5	12.8	13.8	WHITE	NO	R0	YES	1	60	Primary	1	3.5	5	4.4	Male	NA	Liver	Matched	NA	NA	NA	NA	NA	NA	DD	2.566666667	TUMOR FREE	None	A	102	2012
lihc_tcga	TCGA-DD-A73B	TCGA-DD-A73B-01	NO	30	0	6	72	M0	N0	Stage I	7th	T1	2.1	0.1	1	Hepatobiliary Cancer	Hepatocellular Carcinoma	B	NA	NA	NA	NA	0.9	0.6	1.1	345	0	NA	Segmentectomy, Multiple	7.88	1:Recurred/Progressed	NA	0	HISPANIC OR LATINO	NA	1	YES	9/30/13	0.8007	G2	154	NA	Hepatocellular Carcinoma	Alpha-1 Antitrypsin Deficiency|Other	No	No	C22.0	8170/3	C22.0	YES	NO	6 - Established Cirrhosis	NA	NA	59	YES	FALSE	HCC	9.3	1:DECEASED	Gilbert's syndrome.	NA	5449C232-56F1-4E03-9421-ABA3AE180107	7A4F8926-1472-4A9B-B0F6-E28BD7CEB6E8	TCGA-DD-A73B.B1C57A75-7C86-49D9-B143-09E60824F508.pdf	B1C57A75-7C86-49D9-B143-09E60824F508	NO	88	150	450	NA	NO	0.8	1.1	1.2	WHITE	NO	R0	YES	1	150	Primary	1	3.5	5	3.5	Female	NA	Liver	Matched	NA	NA	NA	NA	NA	NA	DD	1.966666667	WITH TUMOR	None	A	74	2012
lihc_tcga	TCGA-DD-A73C	TCGA-DD-A73C-01	NO	3	0	6	65	M0	N0	Stage IIIA	7th	T3a	0.7	0.1	1	Hepatobiliary Cancer	Hepatocellular Carcinoma	A	NA	NA	NA	NA	0.8	0.6	1.1	288	0	NA	Segmentectomy, Multiple	18.59	1:Recurred/Progressed	NA	0	NOT HISPANIC OR LATINO	NA	1	YES	9/30/13	0.0467	G1	159	None	Hepatocellular Carcinoma	No History of Primary Risk Factors	No	No	C22.0	8170/3	C22.0	YES	NO	0 - No Fibrosis	NA	NA	66	NO	FALSE	HCC	23.03	0:LIVING	NA	NA	79F9331C-9E00-4277-A9D1-7C848E132134	2473FF5A-9CD4-4695-B5F3-36A30E2A04A1	TCGA-DD-A73C.FE051CD7-9C34-4A45-934C-DD8BB00C717A.pdf	FE051CD7-9C34-4A45-934C-DD8BB00C717A	NO	247	150	450	NA	NO	9.5	11.7	13.8	WHITE	NO	R0	YES	1	160	Primary	1	3.5	5	4.9	Female	NA	Liver	Matched	NA	NA	NA	NA	NA	NA	DD	2.133333333	TUMOR FREE	None	A	49	2012
lihc_tcga	TCGA-DD-A73D	TCGA-DD-A73D-01	NO	4	0	6	68	MX	NX	Stage II	7th	T2	0.3	0.1	1	Hepatobiliary Cancer	Hepatocellular Carcinoma	A	NA	NA	NA	NA	0.8	0.6	1.1	313	0	NA	Segmentectomy, Single	19.45	1:Recurred/Progressed	NA	0	NOT HISPANIC OR LATINO	NA	1	YES	9/30/13	0.2818	G1	170	Mild	Hepatocellular Carcinoma	Hepatitis C	No	No	C22.0	8170/3	C22.0	YES	NO	6 - Established Cirrhosis	NA	NA	50	NO	FALSE	HCC	22.77	0:LIVING	NA	NA	24170A77-94E0-4002-9D3E-A46C84E84FCA	294D514D-43DD-4FDA-852A-792A8999493A	TCGA-DD-A73D.6C9BA4B3-78FD-4D16-A420-5C98BCEFD55D.pdf	6C9BA4B3-78FD-4D16-A420-5C98BCEFD55D	NO	214	150	450	NA	NO	9.5	12.5	13.8	WHITE	NO	R0	YES	1	250	Primary	1	3.5	5	4.5	Female	NA	Liver	Matched	NA	NA	NA	NA	NA	NA	DD	1.633333333	TUMOR FREE	Micro	A	102	2012
lihc_tcga	TCGA-DD-A73E	TCGA-DD-A73E-01	NO	1	0	6	66	M0	N0	Stage I	7th	T1	0.4	0.1	1	Hepatobiliary Cancer	Hepatocellular Carcinoma	A	NA	NA	NA	NA	1.2	0.8	1.3	336	0	NA	Segmentectomy, Single	1.45	0:DiseaseFree	NA	0	NOT HISPANIC OR LATINO	NA	2	YES	9/30/13	0.2153	G1	172	Mild	Hepatocellular Carcinoma	Alcohol consumption|Non-Alcoholic Fatty Liver Disease	No	No	C22.0	8170/3	C22.0	YES	NO	0 - No Fibrosis	NA	NA	83	NO	FALSE	HCC	1.45	0:LIVING	NA	NA	E0863874-F7B8-49B6-A88B-5AE5F1EC2B15	D4FCBD8F-0B83-4B9D-AC2C-CE8C47412CC3	TCGA-DD-A73E.10881D8D-1C62-4F3D-ACF6-36AD1F23B0A9.pdf	10881D8D-1C62-4F3D-ACF6-36AD1F23B0A9	NO	190	150	450	NA	NO	9.5	11.5	13.8	WHITE	NO	R0	YES	1	170	Primary	1	3.5	5	4.7	Male	NA	Liver	Matched	NA	NA	NA	NA	NA	NA	DD	2.766666667	TUMOR FREE	None	A	108	2012
lihc_tcga	TCGA-DD-A73F	TCGA-DD-A73F-01	NO	283	0	6	77	M0	N0	Stage I	7th	T1	0.5	0.1	1	Hepatobiliary Cancer	Hepatocellular Carcinoma	A	NA	NA	NA	NA	1	0.6	1.1	975	0	NA	Segmentectomy, Multiple	35.64	0:DiseaseFree	NA	1	NOT HISPANIC OR LATINO	NA	1	YES	9/30/13	0.1192	G1	164	None	Hepatocellular Carcinoma	No History of Primary Risk Factors	No	No	C22.0	8170/3	C22.0	YES	NO	0 - No Fibrosis	NA	NA	52	NO	FALSE	HCC	35.64	0:LIVING	NA	NA	870C86E7-D6E1-4F9D-BB0B-BD1C66D6BCDE	A15CF382-8456-4096-96A6-F211DEA6BA78	TCGA-DD-A73F.2FCC867C-91AD-40B3-8046-FFB84BDD2EA7.pdf	2FCC867C-91AD-40B3-8046-FFB84BDD2EA7	NO	243	150	450	NA	NO	9.5	10.9	13.8	WHITE	NO	R0	YES	1	250	Primary	1	3.5	5	4.6	Female	NA	Liver	Matched	NA	NA	NA	NA	NA	NA	DD	1.7	TUMOR FREE	None	A	69	2010
lihc_tcga	TCGA-DD-A73G	TCGA-DD-A73G-01	NO	2035400	0	6	73	M0	N0	Stage I	6th	T1	0.5	0.1	1	Hepatobiliary Cancer	Hepatocellular Carcinoma	A	NA	NA	NA	NA	0.7	0.7	1.2	3045	0	NA	Segmentectomy, Multiple	114.26	0:DiseaseFree	NA	0	NOT HISPANIC OR LATINO	NA	1	YES	10/1/13	0.2450	G3	155	None	Hepatocellular Carcinoma	No History of Primary Risk Factors	No	No	C22.0	8170/3	C22.0	YES	NO	0 - No Fibrosis	NA	NA	88	NO	FALSE	HCC	114.26	0:LIVING	NA	NA	4774367C-5D8F-4B23-934A-E6D33A89DCA8	985F2E16-E330-4896-B5E7-971FB8BE57ED	TCGA-DD-A73G.C7A70BE1-34F6-4500-8C6C-A0D4FBBBD251.pdf	C7A70BE1-34F6-4500-8C6C-A0D4FBBBD251	NO	460	150	450	NA	NO	8.4	11.7	12	WHITE	NO	R0	YES	1	240	Primary	1	3.5	5	3.2	Female	NA	Liver	Matched	NA	NA	NA	NA	NA	NA	DD	2.933333333	TUMOR FREE	None	A	44	2005
lihc_tcga	TCGA-DD-AA3A	TCGA-DD-AA3A-01	NO	1	0	8	81	MX	N0	Stage I	6th	T1	0.8	0.1	1	Hepatobiliary Cancer	Hepatocellular Carcinoma plus Intrahepatic Cholangiocarcinoma	A	NA	NA	NA	NA	0.7	0.6	1.1	1559	0	NA	Extended Lobectomy	NA	NA	NA	1	NOT HISPANIC OR LATINO	NA	1	YES	5/27/14	0.3894	G4	151	None	Hepatocholangiocarcinoma (Mixed)	No History of Primary Risk Factors	No	No	C22.0	8180/3	C22.0	YES	NO	0 - No Fibrosis	NA	NA	48	NA	TRUE	HCCIHCH	13.47	1:DECEASED	NA	NA	56ABD1C1-8F22-4856-8B0A-73D7E092BDB3	3A71A328-228A-4609-B162-F38C825503B7	TCGA-DD-AA3A.F1055545-91C4-4397-BD34-FE995A3E9B05.pdf	F1055545-91C4-4397-BD34-FE995A3E9B05	NO	256	150	450	NA	NO	0.9	1.1	1.2	WHITE	NO	R0	YES	1	100	Primary	1	3.5	5	4.9	Female	NA	Liver	Matched	NA	NA	NA	NA	NA	NA	DD	1.633333333	TUMOR FREE	None	A	60	2009
lihc_tcga	TCGA-DD-AAC8	TCGA-DD-AAC8-01	NO	1	0	8	72	M0	N0	Stage I	6th	T1	0.6	0.2	1.2	Hepatobiliary Cancer	Hepatocellular Carcinoma	A	NA	NA	NA	NA	1.1	0.7	1.5	2080	0	NA	Lobectomy	NA	NA	NA	0	NOT HISPANIC OR LATINO	NA	NA	NO	6/28/14	0.4637	G3	156	Mild	Hepatocellular Carcinoma	Hepatitis B	No	No	C22.0	8170/3	C22.0	YES	NO	1,2 - Portal Fibrosis	NA	NA	439	NO	TRUE	HCC	0.53	1:DECEASED	NA	NA	496BEEF9-80D9-4734-A23D-334AE1B6AAAB	3E29928B-B802-4EB8-BFCC-A88E3EDF1806	TCGA-DD-AAC8.2751F570-A1CE-4F6A-98CD-56C8B31AB0FF.pdf	2751F570-A1CE-4F6A-98CD-56C8B31AB0FF	NO	177	130	400	NA	NO	1	0.9	1	ASIAN	NO	R0	YES	1	570	Primary	1	3.8	5.3	4.3	Male	NA	Liver	Matched	NA	NA	NA	NA	NA	NA	DD	14.6	TUMOR FREE	Micro	A	57	2008
lihc_tcga	TCGA-DD-AAC9	TCGA-DD-AAC9-01	NO	5	0	8	51	M0	N0	Stage I	6th	T1	0.7	0.2	1.2	Hepatobiliary Cancer	Hepatocellular Carcinoma	A	NA	NA	NA	NA	1.3	0.7	1.5	2069	0	NA	Segmentectomy, Single	11.4	0:DiseaseFree	NA	0	NOT HISPANIC OR LATINO	NA	NA	NO	6/28/14	0.0915	G2	174	Mild	Hepatocellular Carcinoma	Hepatitis B	No	No	C22.0	8170/3	C22.0	YES	NO	6 - Established Cirrhosis	NA	NA	71	NO	TRUE	HCC	11.4	0:LIVING	NA	NA	AC6A1E0C-DBA0-4B21-B12B-A501ED796BEC	D657EBDA-3F44-4DEE-8963-88DD5C4F5002	TCGA-DD-AAC9.A993CEA3-6AA2-4CE7-A9EC-8318B1377E99.pdf	A993CEA3-6AA2-4CE7-A9EC-8318B1377E99	NO	149	130	400	NA	NO	1	0.9	1	ASIAN	NO	R0	YES	1	130	Primary	1	3.8	5.3	4.2	Male	NA	Liver	Matched	NA	NA	NA	NA	NA	NA	DD	2.366666667	TUMOR FREE	None	A	81	2008
lihc_tcga	TCGA-DD-AACA	TCGA-DD-AACA-01	NO	7	0	8	65	M0	N0	Stage I	6th	T1	0.7	0.2	1.2	Hepatobiliary Cancer	Hepatocellular Carcinoma	A	NA	NA	NA	NA	1.2	0.7	1.5	2057	0	NA	Segmentectomy, Single	71.06	1:Recurred/Progressed	NA	0	NOT HISPANIC OR LATINO	NA	NA	NO	6/28/14	0.1647	G3	165	Mild	Hepatocellular Carcinoma	Hepatitis B	No	No	C22.0	8170/3	C22.0	YES	NO	6 - Established Cirrhosis	NA	NA	95	YES	TRUE	HCC	75.59	0:LIVING	NA	NA	D6486001-240A-455A-980C-E06C25C61FA5	DF383057-C8C2-4691-B040-609377773E2A	TCGA-DD-AACA.6600D758-13D7-4925-BC34-F2A90EE0CFE5.pdf	6600D758-13D7-4925-BC34-F2A90EE0CFE5	NO	136	130	400	NA	NO	1	0.9	1	ASIAN	NO	R0	YES	2	120	Primary	1	3.8	5.3	3.7	Male	NA	Liver	Matched	NA	NA	NA	NA	NA	NA	DD	3.166666667	WITH TUMOR	None	A	70	2008
lihc_tcga	TCGA-DD-AACB	TCGA-DD-AACB-01	NO	1902	0	8	74	M0	N0	Stage I	6th	T1	0.8	0.2	1.2	Hepatobiliary Cancer	Hepatocellular Carcinoma	A	NA	NA	NA	NA	1.1	0.7	1.5	2045	0	NA	Lobectomy	76.35	0:DiseaseFree	NA	0	NOT HISPANIC OR LATINO	NA	NA	NO	6/28/14	0.4989	G3	156	Mild	Hepatocellular Carcinoma	Hepatitis B	No	No	C22.0	8170/3	C22.0	YES	NO	6 - Established Cirrhosis	NA	NA	75	NO	TRUE	HCC	76.35	0:LIVING	NA	NA	6D2E8BC2-CA86-41C1-AE49-289E20FCE758	B6104862-F135-46A7-86A4-1E12B96386E6	TCGA-DD-AACB.40E83F82-43B5-426D-A120-2F2F597332C6.pdf	40E83F82-43B5-426D-A120-2F2F597332C6	NO	179	130	400	NA	NO	1	0.8	1	ASIAN	NO	R0	YES	1	410	Primary	1	3.8	5.3	4.1	Female	NA	Liver	Matched	NA	NA	NA	NA	NA	NA	DD	2.5	TUMOR FREE	Micro	A	72	2008
lihc_tcga	TCGA-DD-AACC	TCGA-DD-AACC-01	NO	24	0	8	61	M0	N0	Stage I	6th	T1	0.5	0.2	1.2	Hepatobiliary Cancer	Hepatocellular Carcinoma plus Intrahepatic Cholangiocarcinoma	A	NA	NA	NA	NA	1.3	0.7	1.5	2029	0	NA	Segmentectomy, Single	17.64	1:Recurred/Progressed	NA	0	NOT HISPANIC OR LATINO	NA	NA	NO	6/28/14	0.1642	G2	165	Mild	Hepatocellular Carcinoma	Hepatitis B	No	No	C22.0	8180/3	C22.0	YES	NO	6 - Established Cirrhosis	NA	NA	75	YES	TRUE	HCCIHCH	55.35	1:DECEASED	NA	NA	ED8C0D53-5DB0-4B77-95EC-15971926E313	9E4D2C81-E63B-4807-BDD5-F3192B95B3AD	TCGA-DD-AACC.0093FD02-9219-4901-8DA2-D98AEBDCF1D5.pdf	0093FD02-9219-4901-8DA2-D98AEBDCF1D5	NO	208	130	400	NA	NO	1	1	1	ASIAN	NO	R0	YES	1	40	Primary	1	3.8	5.3	3.9	Male	NA	Liver	Matched	NA	NA	NA	NA	NA	NA	DD	2.5	WITH TUMOR	None	A	61	2008
lihc_tcga	TCGA-DD-AACD	TCGA-DD-AACD-01	NO	2	0	8	48	M0	N0	Stage I	6th	T1	0.3	0.2	1.2	Hepatobiliary Cancer	Hepatocellular Carcinoma	A	NA	NA	NA	NA	1	0.7	1.5	2015	0	NA	Lobectomy	4.96	1:Recurred/Progressed	NA	1	NOT HISPANIC OR LATINO	NA	3	YES	6/28/14	0.2273	G4	182	Mild	Hepatocellular Carcinoma	Hepatitis B	No	No	C22.0	8170/3	C22.0	YES	NO	1,2 - Portal Fibrosis	NA	NA	77	YES	TRUE	HCC	12.52	1:DECEASED	NA	NA	41FB30AA-63B4-4CC6-A275-B77048612FA0	3C6D6D34-3BED-49EF-8737-5C96A6E79E16	TCGA-DD-AACD.0494EF97-6D76-4DC7-8642-880C889C2C24.pdf	0494EF97-6D76-4DC7-8642-880C889C2C24	NO	268	130	400	NA	NO	1	6.9	1	ASIAN	NO	R0	YES	1	230	Primary	1	3.8	5.3	3.9	Male	NA	Liver	Matched	NA	NA	NA	NA	NA	NA	DD	2.566666667	WITH TUMOR	Micro	A	66	2008
lihc_tcga	TCGA-DD-AACE	TCGA-DD-AACE-01	NO	2	0	8	62	M0	N0	Stage I	6th	T1	0.9	0.2	1.2	Hepatobiliary Cancer	Hepatocellular Carcinoma	A	NA	NA	NA	NA	1.2	0.7	1.5	1973	0	NA	Segmentectomy, Single	42.02	1:Recurred/Progressed	NA	0	NOT HISPANIC OR LATINO	NA	NA	NO	6/28/14	0.5242	G3	162	Mild	Hepatocellular Carcinoma	Hepatitis B	No	No	C22.0	8170/3	C22.0	YES	NO	6 - Established Cirrhosis	NA	NA	61	YES	TRUE	HCC	71.75	0:LIVING	NA	NA	ABBCF6BD-4683-45AC-947A-51AE6EF0A244	FFAF08D5-9193-45F3-91B3-B32A78DD6724	TCGA-DD-AACE.63AE7F04-F180-486A-89FB-6E509AF91E0B.pdf	63AE7F04-F180-486A-89FB-6E509AF91E0B	NO	175	130	400	NA	NO	1	0.9	1	ASIAN	NO	R0	YES	1	170	Primary	1	3.8	5.3	4.4	Male	NA	Liver	Matched	NA	NA	NA	NA	NA	NA	DD	2	WITH TUMOR	None	A	62	2008
lihc_tcga	TCGA-DD-AACF	TCGA-DD-AACF-01	NO	16	0	8	68	M0	N0	Stage I	6th	T1	0.5	0.2	1.2	Hepatobiliary Cancer	Hepatocellular Carcinoma	A	NA	NA	NA	NA	1.1	0.7	1.5	1952	0	NA	Lobectomy	3.91	1:Recurred/Progressed	NA	0	NOT HISPANIC OR LATINO	NA	NA	NO	6/28/14	0.3061	G3	168	Mild	Hepatocellular Carcinoma	Hepatitis C	No	No	C22.0	8170/3	C22.0	YES	NO	6 - Established Cirrhosis	NA	NA	104	YES	TRUE	HCC	11.99	1:DECEASED	NA	NA	635AAD0B-9C47-4564-821F-C00DDB280D53	0A4CECA6-6AC5-416E-BDB9-4EF957F5F9EE	TCGA-DD-AACF.57E9FFF0-F926-4793-AF09-691BDA2248C9.pdf	57E9FFF0-F926-4793-AF09-691BDA2248C9	NO	99	130	400	NA	NO	1	1.1	1	ASIAN	NO	R0	YES	1	210	Primary	1	3.8	5.3	3.5	Male	NA	Liver	Matched	NA	NA	NA	NA	NA	NA	DD	3.466666667	WITH TUMOR	None	A	60	2008
lihc_tcga	TCGA-DD-AACG	TCGA-DD-AACG-01	NO	11718	0	8	52	M0	N0	Stage II	6th	T2	1	0.2	1.2	Hepatobiliary Cancer	Hepatocellular Carcinoma	A	NA	NA	NA	NA	1.5	0.7	1.5	1931	0	NA	Lobectomy	4.11	1:Recurred/Progressed	NA	0	NOT HISPANIC OR LATINO	NA	NA	NO	6/28/14	0.3885	G4	168	Mild	Hepatocellular Carcinoma	Hepatitis B	No	No	C22.0	8170/3	C22.0	YES	NO	6 - Established Cirrhosis	NA	NA	87	YES	TRUE	HCC	15.41	1:DECEASED	NA	NA	B5BEF77A-F46C-406C-9AA8-55F7A61AA885	503CF010-40B3-41B0-B4E9-5CA06B5AFB95	TCGA-DD-AACG.8B0FA2B9-F484-4D9C-AFAE-BDD90DA6A7A8.pdf	8B0FA2B9-F484-4D9C-AFAE-BDD90DA6A7A8	NO	196	130	400	NA	NO	1	0.9	1	ASIAN	NO	R0	YES	1	280	Primary	1	3.8	5.3	3.6	Male	NA	Liver	Matched	NA	NA	NA	NA	NA	NA	DD	2.866666667	WITH TUMOR	Micro	A	65	2008
lihc_tcga	TCGA-DD-AACH	TCGA-DD-AACH-01	NO	7	0	8	69	M0	N0	Stage II	6th	T2	1.5	0.2	1.2	Hepatobiliary Cancer	Hepatocellular Carcinoma	A	NA	NA	NA	NA	1.2	0.7	15	1919	0	NA	Lobectomy	2.73	1:Recurred/Progressed	NA	0	NOT HISPANIC OR LATINO	NA	NA	NO	6/28/14	0.3255	G3	160	Mild	Hepatocellular Carcinoma	Hepatitis B	No	No	C22.0	8170/3	C22.0	YES	NO	6 - Established Cirrhosis	NA	NA	86	YES	TRUE	HCC	6.41	1:DECEASED	NA	NA	219B067C-522F-4971-B0D0-86F9971D369D	31DFD0A9-31C4-4665-ADAD-3CBE49C1C5EB	TCGA-DD-AACH.573AD8A4-3D0A-4128-BAD8-2FDC5B480DE5.pdf	573AD8A4-3D0A-4128-BAD8-2FDC5B480DE5	NO	290	130	400	NA	NO	1	0.9	1	ASIAN	NO	R0	YES	1	220	Primary	1	3.8	5.3	4.3	Male	NA	Liver	Matched	NA	NA	NA	NA	NA	NA	DD	2.833333333	TUMOR FREE	Micro	A	53	2008
lihc_tcga	TCGA-DD-AACI	TCGA-DD-AACI-01	NO	1	0	8	69	M0	N0	Stage II	6th	T2	0.5	0.2	1.2	Hepatobiliary Cancer	Hepatocellular Carcinoma	A	NA	NA	NA	NA	1	0.7	1.5	1870	0	NA	Segmentectomy, Single	47.04	1:Recurred/Progressed	NA	1	NOT HISPANIC OR LATINO	NA	NA	NO	6/28/14	0.3924	G3	155	Mild	Hepatocellular Carcinoma	NA	No	No	C22.0	8170/3	C22.0	YES	NO	5 - Nodular Formation and Incomplete Cirrhosis	NA	NA	300	YES	TRUE	HCC	53.15	0:LIVING	NA	NA	E6FA354E-ADA7-41E0-8C8B-38520A5E6601	3DF80A55-0381-48A9-ACB0-58BCF702E209	TCGA-DD-AACI.54CDEB1D-8CF9-4723-9A7D-CD9DFEDFD659.pdf	54CDEB1D-8CF9-4723-9A7D-CD9DFEDFD659	NO	106	130	400	NA	NO	1	1	1	ASIAN	NO	R0	YES	1	320	Primary	1	3.8	5.3	3.6	Male	NA	Liver	Matched	NA	NA	NA	NA	NA	NA	DD	9.933333333	WITH TUMOR	None	A	48	2008
lihc_tcga	TCGA-DD-AACJ	TCGA-DD-AACJ-01	NO	25	0	8	75	M0	N0	Stage II	6th	T2	1	0.2	1.2	Hepatobiliary Cancer	Hepatocellular Carcinoma	A	NA	NA	NA	NA	1	0.7	1.5	1835	0	NA	Lobectomy	3.29	1:Recurred/Progressed	NA	2	NOT HISPANIC OR LATINO	NA	NA	NO	7/15/14	0.2839	G2	159	NA	Hepatocellular Carcinoma	NA	No	No	C22.0	8170/3	C22.0	YES	NO	NA	NA	NA	77	YES	TRUE	HCC	69.05	0:LIVING	NA	NA	93AFBFA1-4D03-4105-8DDA-B095F0AB308A	24B87B32-13C6-4F3C-8DD1-775B15F5654B	TCGA-DD-AACJ.2CD482F0-0882-4A61-9B40-1D7B3DBC625E.pdf	2CD482F0-0882-4A61-9B40-1D7B3DBC625E	NO	213	130	400	NA	NO	1	0.8	1	ASIAN	NO	R0	YES	1	380	Primary	1	3.8	5.3	3.6	Male	NA	Liver	Matched	NA	NA	NA	NA	NA	NA	DD	2.566666667	WITH TUMOR	Micro	A	73	2008
lihc_tcga	TCGA-DD-AACK	TCGA-DD-AACK-01	NO	5	0	8	70	M0	N0	Stage I	6th	T1	0.9	0.2	1.2	Hepatobiliary Cancer	Hepatocellular Carcinoma	A	NA	NA	NA	NA	1.3	0.7	1.5	1828	0	NA	Lobectomy	0.3	0:DiseaseFree	NA	2	NOT HISPANIC OR LATINO	NA	NA	NO	7/15/14	0.0316	G2	172	None	Hepatocellular Carcinoma	Hepatitis B	No	No	C22.0	8170/3	C22.0	YES	NO	6 - Established Cirrhosis	NA	NA	104	NO	TRUE	HCC	0.3	0:LIVING	NA	NA	D7CD045A-0BE2-4B6D-AEFD-5D75E57BC6F6	9D81F1DB-2A62-4AC1-B7D3-2F7B18F0EC1E	TCGA-DD-AACK.B41B7C44-ED04-46EB-AD41-271456ECA762.pdf	B41B7C44-ED04-46EB-AD41-271456ECA762	NO	98	130	400	NA	NO	1	0.9	1	ASIAN	NO	R0	YES	1	140	Primary	1	3.8	5.3	4.6	Male	NA	Liver	Matched	NA	NA	NA	NA	NA	NA	DD	3.466666667	TUMOR FREE	Micro	A	68	2008
lihc_tcga	TCGA-DD-AACL	TCGA-DD-AACL-01	NO	1368	0	8	66	M0	N0	Stage I	6th	T1	0.7	0.2	1.2	Hepatobiliary Cancer	Hepatocellular Carcinoma	A	NA	NA	NA	NA	1	0.7	1.5	1826	0	NA	Segmentectomy, Single	NA	NA	NA	1	NOT HISPANIC OR LATINO	NA	NA	NO	6/29/14	0.2305	G3	150	NA	Hepatocellular Carcinoma	Hepatitis C	No	No	C22.0	8170/3	C22.0	YES	NO	NA	NA	NA	241	NA	TRUE	HCC	3.52	1:DECEASED	NA	NA	3DA3CFEC-5464-4DD8-9757-A0CDFE3536F8	BFA0E9B2-6A36-4865-9455-0A942DC9CA44	TCGA-DD-AACL.E390B088-3CB5-45A7-B679-7995BE7B00F7.pdf	E390B088-3CB5-45A7-B679-7995BE7B00F7	NO	99	130	400	NA	NO	1	0.9	1	ASIAN	NO	R0	YES	1	280	Primary	1	3.8	5.3	3.3	Female	NA	Liver	Matched	NA	NA	NA	NA	NA	NA	DD	8.033333333	NA	None	A	69	2008
lihc_tcga	TCGA-DD-AACM	TCGA-DD-AACM-01	NO	2	0	8	48	M0	N0	Stage II	6th	T2	1.6	0.2	1.2	Hepatobiliary Cancer	Hepatocellular Carcinoma	A	NA	NA	NA	NA	1.2	0.7	1.5	1777	0	NA	Lobectomy	36.04	1:Recurred/Progressed	NA	0	NOT HISPANIC OR LATINO	NA	NA	NO	6/29/14	0.2630	G3	177	Mild	Hepatocellular Carcinoma	Hepatitis B	No	No	C22.0	8170/3	C22.0	YES	NO	3,4 - Fibrous Speta	NA	NA	42	YES	TRUE	HCC	58.11	0:LIVING	NA	NA	173088ED-6BC0-4CCF-80E7-C647028CCCD6	66A01B18-FCB1-466D-AEBF-401816B17EC2	TCGA-DD-AACM.ADABA595-4FA3-4D34-BB61-6B1EB345331C.pdf	ADABA595-4FA3-4D34-BB61-6B1EB345331C	NO	113	130	400	NA	NO	1	0.9	1	ASIAN	NO	R0	YES	1	90	Primary	1	3.8	5.3	4.2	Male	NA	Liver	Matched	NA	NA	NA	NA	NA	NA	DD	1.366666667	WITH TUMOR	None	A	68	2009
lihc_tcga	TCGA-DD-AACN	TCGA-DD-AACN-01	YES	699	0	9	32	M0	N0	Stage I	6th	T1	2.2	0.2	1.2	Hepatobiliary Cancer	Hepatocellular Carcinoma	A	NA	NA	NA	NA	1.5	0.7	1.5	1644	0	NA	Segmentectomy, Multiple	11.73	1:Recurred/Progressed	NA	0	NOT HISPANIC OR LATINO	NA	NA	NO	6/29/14	0.3863	G3	171	NA	Hepatocellular Carcinoma	Hepatitis B	No	No	C22.0	8170/3	C22.0	YES	NO	NA	NA	NA	36	YES	TRUE	HCC	42.77	0:LIVING	NA	NA	0AFD4283-7311-4D69-A2F5-779628DA45FC	A118A851-65B2-4604-8B33-B731410CC205	TCGA-DD-AACN.449B3C67-3530-4728-9F38-F44F4D8EC027.pdf	449B3C67-3530-4728-9F38-F44F4D8EC027	NO	185	130	400	NA	NO	1	1	1	ASIAN	NO	R0	YES	1	40	Primary	1	3.8	5.3	3.9	Male	NA	Liver	Matched	NA	NA	NA	NA	NA	NA	DD	1.166666667	WITH TUMOR	None	A	70	2009
lihc_tcga	TCGA-DD-AACO	TCGA-DD-AACO-01	NO	5	0	9	40	M0	N0	Stage I	6th	T1	0.6	0.2	1.2	Hepatobiliary Cancer	Hepatocellular Carcinoma	A	NA	NA	NA	NA	1.4	0.7	1.5	1637	0	NA	Segmentectomy, Single	15.74	1:Recurred/Progressed	NA	0	NOT HISPANIC OR LATINO	NA	NA	NO	6/29/14	0.3406	G3	164	Mild	Hepatocellular Carcinoma	Hepatitis B	No	No	C22.0	8170/3	C22.0	YES	NO	6 - Established Cirrhosis	NA	NA	41	YES	TRUE	HCC	61.63	0:LIVING	NA	NA	34413807-07BE-4204-B095-5E1DD1ED87DC	C71F310E-5777-4E78-AAFA-64A5510B45C1	TCGA-DD-AACO.B5BE83AC-C974-422B-91E7-A69057BA26C9.pdf	B5BE83AC-C974-422B-91E7-A69057BA26C9	NO	88	130	400	NA	NO	1	1	1	ASIAN	NO	R0	YES	1	110	Primary	1	3.8	5.3	3.7	Male	NA	Liver	Matched	NA	NA	NA	NA	NA	NA	DD	1.433333333	WITH TUMOR	None	A	43	2009
lihc_tcga	TCGA-DD-AACP	TCGA-DD-AACP-01	NO	227	0	8	64	M0	N0	Stage I	6th	T1	1.1	0.2	1.2	Hepatobiliary Cancer	Hepatocellular Carcinoma	A	NA	NA	NA	NA	1.1	0.7	1.5	1625	0	NA	Segmentectomy, Single	13.63	0:DiseaseFree	NA	0	NOT HISPANIC OR LATINO	NA	NA	NO	6/29/14	0.5549	G3	155	None	Hepatocellular Carcinoma	Alcohol consumption	No	No	C22.0	8170/3	C22.0	YES	NO	NA	NA	NA	132	NO	TRUE	HCC	13.63	0:LIVING	NA	NA	7AD77384-0946-4FB5-9B10-BDC8A5FC8D87	2FB00CD2-6470-42F1-83BB-2C89E170FBD9	TCGA-DD-AACP.7FDD120A-A5AD-4209-B167-34BA2289A784.pdf	7FDD120A-A5AD-4209-B167-34BA2289A784	NO	151	130	400	NA	NO	1	0.9	1	ASIAN	NO	R0	YES	1	20	Primary	1	3.8	5.3	4.1	Male	NA	Liver	Matched	NA	NA	NA	NA	NA	NA	DD	4.333333333	NA	None	A	62	2009
lihc_tcga	TCGA-DD-AACQ	TCGA-DD-AACQ-01	NO	7	0	8	50	M0	N0	Stage II	6th	T2	0.8	0.2	1.2	Hepatobiliary Cancer	Hepatocellular Carcinoma	A	NA	NA	NA	NA	1.3	0.7	1.5	1665	0	NA	Lobectomy	3.45	1:Recurred/Progressed	NA	0	NOT HISPANIC OR LATINO	NA	NA	NO	6/29/14	0.1466	G3	169	NA	Hepatocellular Carcinoma	Hepatitis B	No	No	C22.0	8170/3	C22.0	YES	NO	NA	NA	NA	184	YES	TRUE	HCC	14.19	1:DECEASED	NA	NA	0F34D654-8984-4B8B-B345-67066D611513	9F0FA2F5-A595-4BA1-A42F-E2079C71C750	TCGA-DD-AACQ.3BBE2BEA-D346-4EA8-82CB-9305EC49A331.pdf	3BBE2BEA-D346-4EA8-82CB-9305EC49A331	NO	157	130	400	NA	NO	1	1	1	ASIAN	NO	R0	YES	1	40	Primary	1	3.8	5.3	4.2	Male	NA	Liver	Matched	NA	NA	NA	NA	NA	NA	DD	6.1	WITH TUMOR	None	A	64	2009
lihc_tcga	TCGA-DD-AACS	TCGA-DD-AACS-01	NO	1	0	8	39	M0	N0	Stage I	6th	T1	1	0.2	1.2	Hepatobiliary Cancer	Hepatocellular Carcinoma	A	NA	NA	NA	NA	1.1	0.7	1.5	1532	0	NA	Segmentectomy, Single	59.26	0:DiseaseFree	NA	0	NOT HISPANIC OR LATINO	NA	NA	NO	6/29/14	0.3606	G3	172	NA	Hepatocellular Carcinoma	Hepatitis B	No	No	C22.0	8170/3	C22.0	YES	NO	NA	NA	NA	42	NO	TRUE	HCC	59.26	0:LIVING	NA	NA	82D6268A-DE59-4A14-ABD2-7492178FA5BD	87BAC135-BC68-4CED-BC5F-F36699C593C9	TCGA-DD-AACS.EA952B6F-851C-4675-A933-80325945E7EC.pdf	EA952B6F-851C-4675-A933-80325945E7EC	NO	223	130	400	NA	NO	1	1	1	ASIAN	NO	R0	YES	1	20	Primary	1	3.8	5.3	4.3	Male	NA	Liver	Matched	NA	NA	NA	NA	NA	NA	DD	1.433333333	TUMOR FREE	None	A	80	2009
lihc_tcga	TCGA-DD-AACT	TCGA-DD-AACT-01	NO	4	0	8	69	M0	N0	Stage I	7th	T1	0.8	0.2	1.2	Hepatobiliary Cancer	Hepatocellular Carcinoma	A	NA	NA	NA	NA	0.7	0.7	1.5	1317	0	NA	Segmentectomy, Single	51.31	0:DiseaseFree	NA	0	NOT HISPANIC OR LATINO	NA	NA	NO	6/29/14	0.2785	G2	158	Mild	Hepatocellular Carcinoma	Hepatitis B	No	No	C22.0	8170/3	C22.0	YES	NO	NA	NA	NA	159	NO	TRUE	HCC	51.31	0:LIVING	NA	NA	3EA084C5-3783-4FDE-B341-5914D2EDB977	D1CDC76A-E306-44A0-B509-8DDEF84DDFDF	TCGA-DD-AACT.0A9193A6-4600-44F8-88AD-264F8F2D7B4E.pdf	0A9193A6-4600-44F8-88AD-264F8F2D7B4E	NO	213	130	400	NA	NO	1	1	1	ASIAN	NO	R0	YES	1	60	Primary	1	3.8	5.3	4.4	Female	NA	Liver	Matched	NA	NA	NA	NA	NA	NA	DD	5.3	TUMOR FREE	None	A	62	2010
lihc_tcga	TCGA-DD-AACU	TCGA-DD-AACU-01	NO	22	0	8	59	M0	N0	Stage I	7th	T1	0.3	0.2	1.2	Hepatobiliary Cancer	Hepatocellular Carcinoma	A	NA	NA	NA	NA	1.1	0.7	1.5	1272	0	NA	Segmentectomy, Single	51.48	0:DiseaseFree	NA	0	NOT HISPANIC OR LATINO	NA	NA	NO	6/29/14	0.7387	G3	166	NA	Hepatocellular Carcinoma	Hepatitis B	No	No	C22.0	8170/3	C22.0	YES	NO	NA	NA	NA	94	NO	TRUE	HCC	51.48	0:LIVING	NA	NA	88B6181C-1086-42DF-8BB9-1069EC2DC675	C43A96B1-DB0B-481C-8D94-46155DC7CDDA	TCGA-DD-AACU.3CA9651B-35BE-4D1E-9C91-BF3029931F32.pdf	3CA9651B-35BE-4D1E-9C91-BF3029931F32	NO	166	130	400	NA	NO	1	0.9	1	ASIAN	NO	R0	YES	1	40	Primary	1	3.8	5.3	4.4	Male	NA	Liver	Matched	NA	NA	NA	NA	NA	NA	DD	3.133333333	TUMOR FREE	None	A	67	2010
lihc_tcga	TCGA-DD-AACV	TCGA-DD-AACV-01	YES	9	0	8	53	M0	N0	Stage I	7th	T1	0.6	0.2	1.2	Hepatobiliary Cancer	Hepatocellular Carcinoma	A	NA	NA	NA	NA	1.2	0.7	1.5	1231	0	NA	Segmentectomy, Single	11.3	1:Recurred/Progressed	NA	0	NOT HISPANIC OR LATINO	NA	NA	NO	6/29/14	0.3430	G3	169	NA	Hepatocellular Carcinoma	Alcohol consumption	No	No	C22.0	8170/3	C22.0	YES	NO	NA	NA	NA	87	YES	TRUE	HCC	50.3	0:LIVING	NA	NA	8E79EA29-787E-4A33-8465-9891776F47ED	E37B6EAA-E3E8-4268-AE61-7A571488F519	TCGA-DD-AACV.9BC1D204-8E33-4E30-94B7-6AE5E6484AD2.pdf	9BC1D204-8E33-4E30-94B7-6AE5E6484AD2	NO	164	130	400	NA	NO	1	1	1	ASIAN	NO	R0	YES	1	40	Primary	1	3.8	5.3	4.3	Male	NA	Liver	Matched	NA	NA	NA	NA	NA	NA	DD	2.9	WITH TUMOR	Micro	A	70	2010
lihc_tcga	TCGA-DD-AACW	TCGA-DD-AACW-01	NO	1726	0	8	43	M0	N0	Stage I	7th	T1	0.6	0.2	1.2	Hepatobiliary Cancer	Hepatocellular Carcinoma	A	NA	NA	NA	NA	1	0.7	1.5	1184	0	NA	Segmentectomy, Single	46.78	0:DiseaseFree	NA	0	NOT HISPANIC OR LATINO	NA	NA	NO	6/29/14	0.2117	G3	166	NA	Hepatocellular Carcinoma	Alcohol consumption|Hepatitis B	No	No	C22.0	8170/3	C22.0	YES	NO	NA	NA	NA	42	NO	TRUE	HCC	46.78	0:LIVING	NA	NA	67A00F5F-C753-48F9-BC24-8287F50EC776	32C40946-B067-48A5-8A7C-CD1923BD6D60	TCGA-DD-AACW.04474C44-102B-4514-BC48-468B9ED478A2.pdf	04474C44-102B-4514-BC48-468B9ED478A2	NO	137	130	400	NA	NO	1	1.1	1	ASIAN	NO	R0	YES	1	40	Primary	1	3.8	5.3	4	Male	NA	Liver	Matched	NA	NA	NA	NA	NA	NA	DD	1.4	TUMOR FREE	None	A	65	2010
lihc_tcga	TCGA-DD-AACX	TCGA-DD-AACX-01	NO	3	0	8	66	M0	N0	Stage II	7th	T2	0.5	0.2	1.2	Hepatobiliary Cancer	Hepatocellular Carcinoma	A	NA	NA	NA	NA	0.8	0.7	1.5	1183	0	NA	Lobectomy	1.38	1:Recurred/Progressed	NA	1	NOT HISPANIC OR LATINO	NA	NA	NO	6/29/14	0.1116	G3	155	Mild	Hepatocellular Carcinoma	Alcohol consumption|Hepatitis B	No	No	C22.0	8170/3	C22.0	YES	NO	3,4 - Fibrous Speta	NA	NA	109	YES	TRUE	HCC	5.58	0:LIVING	NA	NA	431A72E1-EA03-4E40-89C4-2F02D454C897	373CA39A-AC3E-4129-95AE-18EED3237CAC	TCGA-DD-AACX.0911F16A-EA5A-45F4-906E-4F2163096A78.pdf	0911F16A-EA5A-45F4-906E-4F2163096A78	NO	179	130	400	NA	NO	1	0.9	1	ASIAN	NO	R0	YES	1	30	Primary	1	3.8	5.3	4.2	Male	NA	Liver	Matched	NA	NA	NA	NA	NA	NA	DD	3.6	WITH TUMOR	None	A	53	2010
lihc_tcga	TCGA-DD-AACY	TCGA-DD-AACY-01	YES	290	0	8	61	M0	N0	Stage I	7th	T1	1.3	0.2	1.2	Hepatobiliary Cancer	Hepatocellular Carcinoma	A	NA	NA	NA	NA	0.6	0.7	1.5	1154	0	NA	Extended Lobectomy	25.49	1:Recurred/Progressed	NA	0	NOT HISPANIC OR LATINO	NA	NA	NO	6/29/14	0.2393	G3	162	Mild	Hepatocellular Carcinoma	Hepatitis B	No	No	C22.0	8170/3	C22.0	YES	NO	3,4 - Fibrous Speta	NA	NA	82	YES	TRUE	HCC	47.63	0:LIVING	NA	NA	D884561B-5828-4C47-ACD7-3F02E181B596	D99A9D3C-DE04-454E-8AA8-2624FD07F2C3	TCGA-DD-AACY.4FB4E64B-1E40-40D8-A90A-ECACC59657E3.pdf	4FB4E64B-1E40-40D8-A90A-ECACC59657E3	NO	114	130	400	NA	NO	1	1.1	1	ASIAN	NO	R0	YES	1	60	Primary	1	3.8	5.3	3.1	Male	NA	Liver	Matched	NA	NA	NA	NA	NA	NA	DD	2.666666667	WITH TUMOR	None	A	62	2010
lihc_tcga	TCGA-DD-AACZ	TCGA-DD-AACZ-01	NO	25	0	8	63	M0	N0	Stage I	7th	T1	0.4	0.2	1.2	Hepatobiliary Cancer	Hepatocellular Carcinoma	A	NA	NA	NA	NA	0.6	0.7	1.5	1147	0	NA	Extended Lobectomy	2.89	1:Recurred/Progressed	NA	1	NOT HISPANIC OR LATINO	NA	NA	NO	6/29/14	0.3951	G4	149	NA	Hepatocellular Carcinoma	NA	No	No	C22.0	8170/3	C22.0	YES	NO	NA	NA	NA	141	YES	TRUE	HCC	5.62	1:DECEASED	NA	NA	CCE2BB32-84CB-4991-9628-1EA408A9B11A	B67F0F40-26ED-4FA0-B9B4-94686C48C593	TCGA-DD-AACZ.8A8CB301-B3F2-469B-85D3-CAEA5A2F46ED.pdf	8A8CB301-B3F2-469B-85D3-CAEA5A2F46ED	NO	412	130	400	NA	NO	1	1	1	ASIAN	NO	R0	YES	1	60	Primary	1	3.8	5.3	4.5	Female	NA	Liver	Matched	NA	NA	NA	NA	NA	NA	DD	4.666666667	TUMOR FREE	Macro	A	52	2010
lihc_tcga	TCGA-DD-AAD0	TCGA-DD-AAD0-01	NO	4	0	8	73	M0	N0	Stage I	7th	T1	0.8	0.2	1.2	Hepatobiliary Cancer	Hepatocellular Carcinoma	A	NA	NA	NA	NA	0.5	0.7	1.5	1134	0	NA	Lobectomy	1.54	1:Recurred/Progressed	NA	0	NOT HISPANIC OR LATINO	NA	NA	NO	6/29/14	0.1663	G2	150	Mild	Hepatocellular Carcinoma	Hepatitis B	No	No	C22.0	8170/3	C22.0	YES	NO	NA	NA	NA	98	YES	TRUE	HCC	4.5	0:LIVING	NA	NA	09790A9B-CC2F-4D7E-A971-8FB4ECD9F791	387F3824-23A9-4ACB-B330-EA2573F8DC0D	TCGA-DD-AAD0.7A0FAFC9-DB9A-4648-8184-D0A03EFCF16D.pdf	7A0FAFC9-DB9A-4648-8184-D0A03EFCF16D	NO	86	130	400	NA	NO	1	1	1	ASIAN	NO	R0	YES	1	40	Primary	1	3.8	5.3	3.4	Female	NA	Liver	Matched	NA	NA	NA	NA	NA	NA	DD	3.233333333	WITH TUMOR	None	A	54	2010
lihc_tcga	TCGA-DD-AAD1	TCGA-DD-AAD1-01	NO	451	0	8	51	M0	N0	Stage I	7th	T1	0.6	0.2	1.2	Hepatobiliary Cancer	Hepatocellular Carcinoma	A	NA	NA	NA	NA	0.5	0.7	1.5	1114	0	NA	Segmentectomy, Single	4.17	1:Recurred/Progressed	NA	1	NOT HISPANIC OR LATINO	NA	NA	NO	6/29/14	0.1423	G4	161	NA	Hepatocellular Carcinoma	Hepatitis B|Hepatitis C	No	No	C22.0	8170/3	C22.0	YES	NO	NA	NA	NA	96	YES	TRUE	HCC	18.53	0:LIVING	NA	NA	1F482810-433A-4D46-B81B-F7909FFF8C09	A727F2AD-4D22-4D42-A8CE-37E5CFAF75C8	TCGA-DD-AAD1.D0035DF7-2E83-44E0-8FF1-C9A057E11AE3.pdf	D0035DF7-2E83-44E0-8FF1-C9A057E11AE3	NO	157	130	400	NA	NO	1	0.9	1	ASIAN	NO	R1	YES	1	10	Primary	1	3.8	5.3	4.5	Female	NA	Liver	Matched	NA	NA	NA	NA	NA	NA	DD	3.2	WITH TUMOR	None	A	44	2010
lihc_tcga	TCGA-DD-AAD2	TCGA-DD-AAD2-01	NO	25	0	8	66	M0	N0	Stage I	7th	T1	0.3	0.2	1.2	Hepatobiliary Cancer	Hepatocellular Carcinoma	A	NA	NA	NA	NA	0.8	0.7	1.5	1105	0	NA	Lobectomy	21.62	0:DiseaseFree	NA	0	NOT HISPANIC OR LATINO	NA	NA	NO	6/29/14	0.1233	G2	156	Mild	Hepatocellular Carcinoma	Hepatitis B	No	No	C22.0	8170/3	C22.0	YES	NO	1,2 - Portal Fibrosis	NA	NA	62	NO	TRUE	HCC	21.62	0:LIVING	NA	NA	03F5DE7D-45A9-4A73-8C61-ED816D4A3AC5	51CD88E1-B32B-41B4-B971-EEF962F15720	TCGA-DD-AAD2.3F50DE59-F830-4D51-90C6-7B275AF0876F.pdf	3F50DE59-F830-4D51-90C6-7B275AF0876F	NO	172	130	400	NA	NO	1	1	1	ASIAN	NO	R0	YES	1	30	Primary	1	3.8	5.3	3.5	Male	NA	Liver	Matched	NA	NA	NA	NA	NA	NA	DD	2.066666667	TUMOR FREE	Micro	A	52	2010
lihc_tcga	TCGA-DD-AAD3	TCGA-DD-AAD3-01	NO	NA	NA	NA	43	M0	N0	Stage I	7th	T1	0.4	0.2	1.2	Hepatobiliary Cancer	Hepatocellular Carcinoma	A	NA	NA	NA	NA	0.8	0.7	1.5	1072	0	NA	Segmentectomy, Multiple	42.54	0:DiseaseFree	NA	0	NOT HISPANIC OR LATINO	NA	NA	NO	6/29/14	0.2379	G2	178	Mild	Hepatocellular Carcinoma	Alcohol consumption|Hepatitis B	No	No	C22.0	8170/3	C22.0	YES	NO	1,2 - Portal Fibrosis	NA	NA	62	NO	TRUE	HCC	42.54	0:LIVING	NA	NA	0D13229A-304A-48A6-A761-12E68E94A4B4	BFC24617-AB7B-494E-B404-AB0C1934B5B3	TCGA-DD-AAD3.03056B3E-B81F-44C0-B21E-6C850D67DB43.pdf	03056B3E-B81F-44C0-B21E-6C850D67DB43	NO	181	130	400	NA	NO	1	1	1	ASIAN	NO	R0	YES	1	20	Primary	1	3.8	5.3	3.9	Male	NA	Liver	Matched	NA	NA	NA	NA	NA	NA	DD	2	TUMOR FREE	None	A	77	2011
lihc_tcga	TCGA-DD-AAD5	TCGA-DD-AAD5-01	NO	73	0	8	54	M0	N0	Stage I	7th	T1	0.6	0.2	1.2	Hepatobiliary Cancer	Hepatocellular Carcinoma	A	NA	NA	NA	NA	0.6	0.7	1.5	1058	0	NA	Lobectomy	4.27	1:Recurred/Progressed	NA	0	NOT HISPANIC OR LATINO	NA	NA	NO	7/7/14	0.4696	G3	170	Mild	Hepatocellular Carcinoma	Alcohol consumption|Hepatitis B	No	No	C22.0	8170/3	C22.0	YES	NO	3,4 - Fibrous Speta	NA	NA	111	YES	TRUE	HCC	44.19	0:LIVING	NA	NA	6312D5B5-68AD-4D4F-A0A9-03D895AE30F9	3A5F387A-A6C4-479F-A172-EE734FBBB365	TCGA-DD-AAD5.7F74E08A-C14B-413E-9D75-FCDBFC2F67C5.pdf	7F74E08A-C14B-413E-9D75-FCDBFC2F67C5	NO	349	130	400	NA	NO	1	1.2	1	ASIAN	NO	R0	YES	1	70	Primary	1	3.8	5.3	3.7	Male	NA	Liver	Matched	NA	NA	NA	NA	NA	NA	DD	3.666666667	WITH TUMOR	None	A	70	2011
lihc_tcga	TCGA-DD-AAD6	TCGA-DD-AAD6-01	NO	NA	NA	NA	66	M0	N0	Stage IIIA	7th	T3a	0.6	0.2	1.2	Hepatobiliary Cancer	Hepatocellular Carcinoma	A	NA	NA	NA	NA	1.1	0.7	1.5	1035	0	NA	Segmentectomy, Single	1.64	1:Recurred/Progressed	NA	1	NOT HISPANIC OR LATINO	NA	NA	NO	7/7/14	0.2301	G3	167	NA	Hepatocellular Carcinoma	Hepatitis B	No	No	C22.0	8170/3	C22.0	YES	NO	NA	NA	NA	85	YES	TRUE	HCC	22.08	0:LIVING	NA	NA	418E79D1-51C7-4CEF-A1B6-E291FB13C2A5	873E2132-94EE-426A-9F9A-6488373AB2AD	TCGA-DD-AAD6.B246AEB4-8035-4114-9F1E-3E076809A896.pdf	B246AEB4-8035-4114-9F1E-3E076809A896	NO	185	130	400	NA	NO	1	1	1	ASIAN	NO	R0	YES	1	70	Primary	1	3.8	5.3	2.7	Male	NA	Liver	Matched	NA	NA	NA	NA	NA	NA	DD	2.8	TUMOR FREE	None	A	93	2011
lihc_tcga	TCGA-DD-AAD8	TCGA-DD-AAD8-01	NO	4	0	8	73	M0	N0	Stage I	7th	T1	0.3	0.2	1.2	Hepatobiliary Cancer	Hepatocellular Carcinoma	A	NA	NA	NA	NA	0.6	0.7	1.5	981	0	NA	Segmentectomy, Single	40.05	0:DiseaseFree	NA	0	NOT HISPANIC OR LATINO	NA	NA	NO	7/7/14	0.6672	G2	152	Mild	Hepatocellular Carcinoma	Hepatitis B|Hepatitis C	No	No	C22.0	8170/3	C22.0	YES	NO	1,2 - Portal Fibrosis	NA	NA	83	NO	TRUE	HCC	40.05	0:LIVING	NA	NA	24B66729-242B-4771-819D-77C9A1FCBB10	A4847550-1A54-489F-A533-79B159CDB8CD	TCGA-DD-AAD8.5536ED7C-6CC3-442D-A8FD-5EE91C98F358.pdf	5536ED7C-6CC3-442D-A8FD-5EE91C98F358	NO	130	130	400	NA	NO	1	1.1	1	ASIAN	NO	R0	YES	1	30	Primary	1	3.8	5.3	4.3	Female	NA	Liver	Matched	NA	NA	NA	NA	NA	NA	DD	2.733333333	TUMOR FREE	None	A	57	2011
lihc_tcga	TCGA-DD-AADA	TCGA-DD-AADA-01	NO	8698	0	8	66	M0	N0	Stage I	7th	T1	0.5	0.2	1.2	Hepatobiliary Cancer	Hepatocellular Carcinoma	A	NA	NA	NA	NA	0.6	0.7	1.5	959	0	NA	Segmentectomy, Single	40.51	0:DiseaseFree	NA	0	NOT HISPANIC OR LATINO	NA	NA	NO	7/7/14	0.2453	G3	147	NA	Hepatocellular Carcinoma	Hepatitis B	No	No	C22.0	8170/3	C22.0	YES	NO	NA	NA	NA	90	NO	TRUE	HCC	40.51	0:LIVING	NA	NA	E50EDBA1-8EC4-47E7-A01E-9F1B2CD75FD7	3065D32F-2852-4478-A6E7-C8129A2ACF0B	TCGA-DD-AADA.624DA15E-ADC6-4F09-9DCB-3B4C42F3B453.pdf	624DA15E-ADC6-4F09-9DCB-3B4C42F3B453	NO	173	130	400	NA	NO	1	1.1	1	ASIAN	NO	R0	YES	1	40	Primary	1	3.8	5.3	4.1	Female	NA	Liver	Matched	NA	NA	NA	NA	NA	NA	DD	3.066666667	TUMOR FREE	Macro	A	59	2011
lihc_tcga	TCGA-DD-AADB	TCGA-DD-AADB-01	NO	419	0	8	51	M0	N0	Stage I	7th	T1	1.5	0.2	1.2	Hepatobiliary Cancer	Hepatocellular Carcinoma	A	NA	NA	NA	NA	0.8	0.7	1.5	946	0	NA	Segmentectomy, Single	40.8	0:DiseaseFree	NA	0	NOT HISPANIC OR LATINO	NA	NA	NO	7/7/14	0.2742	G4	165	NA	Hepatocellular Carcinoma	Hepatitis B	No	No	C22.0	8170/3	C22.0	YES	NO	NA	NA	NA	93	NO	TRUE	HCC	40.8	0:LIVING	NA	NA	5EAAF7AE-36AF-4FB4-8940-E0861983CEB0	D7116164-D537-4B2D-B699-EC091C094363	TCGA-DD-AADB.3963D999-C204-45C2-8515-B922BEBA7C9D.pdf	3963D999-C204-45C2-8515-B922BEBA7C9D	NO	180	130	400	NA	NO	1	1	1	ASIAN	NO	R0	YES	1	20	Primary	1	3.8	5.3	4.5	Male	NA	Liver	Matched	NA	NA	NA	NA	NA	NA	DD	3.1	TUMOR FREE	None	A	68	2011
lihc_tcga	TCGA-DD-AADC	TCGA-DD-AADC-01	NO	36	0	8	53	M0	N0	Stage I	7th	T1	0.7	0.2	1.2	Hepatobiliary Cancer	Hepatocellular Carcinoma	A	NA	NA	NA	NA	0.8	0.7	1.5	945	0	NA	Segmentectomy, Multiple	3.32	1:Recurred/Progressed	NA	0	NOT HISPANIC OR LATINO	NA	NA	NO	7/7/14	0.3904	G3	176	NA	Hepatocellular Carcinoma	Hepatitis B	No	No	C22.0	8170/3	C22.0	YES	NO	NA	NA	NA	70	YES	TRUE	HCC	13.96	1:DECEASED	NA	NA	4100FD8B-CF37-4E63-A73D-95C9C392D606	874DF34F-4B31-4201-8537-6572CA07A130	TCGA-DD-AADC.2A33A2FB-4491-43AA-8C6D-8173FB1D2179.pdf	2A33A2FB-4491-43AA-8C6D-8173FB1D2179	NO	212	130	400	NA	NO	1	1.2	1	ASIAN	NO	R0	YES	1	40	Primary	1	3.8	5.3	3.8	Male	NA	Liver	Matched	NA	NA	NA	NA	NA	NA	DD	2.333333333	WITH TUMOR	Macro	A	81	2011
lihc_tcga	TCGA-DD-AADD	TCGA-DD-AADD-01	NO	9804	0	8	51	M0	N0	Stage I	7th	T1	0.4	0.2	1.2	Hepatobiliary Cancer	Hepatocellular Carcinoma	A	NA	NA	NA	NA	0.9	0.7	1.5	931	0	NA	Segmentectomy, Multiple	40.44	0:DiseaseFree	NA	1	NOT HISPANIC OR LATINO	NA	NA	NO	7/7/14	0.4162	G4	168	NA	Hepatocellular Carcinoma	Hepatitis B	No	No	C22.0	8170/3	C22.0	YES	NO	NA	NA	NA	74	NO	TRUE	HCC	40.44	0:LIVING	NA	NA	B44F664C-444C-4C64-A407-52FD9B55F178	E5819156-D6D0-4295-9787-65AB37C3D900	TCGA-DD-AADD.DCDE4D46-AB4E-4C21-9F01-35A304FFF8D5.pdf	DCDE4D46-AB4E-4C21-9F01-35A304FFF8D5	NO	299	130	400	NA	NO	1	1.1	1	ASIAN	NO	R0	YES	1	30	Primary	1	3.8	5.3	4.1	Male	NA	Liver	Matched	NA	NA	NA	NA	NA	NA	DD	2.433333333	TUMOR FREE	None	A	68	2011
lihc_tcga	TCGA-DD-AADE	TCGA-DD-AADE-01	NO	7	0	8	50	M0	N0	Stage I	7th	T1	0.5	0.2	1.2	Hepatobiliary Cancer	Hepatocellular Carcinoma	A	NA	NA	NA	NA	1.1	0.7	1.5	930	0	NA	Lobectomy	5.52	1:Recurred/Progressed	NA	0	NOT HISPANIC OR LATINO	NA	NA	NO	7/7/14	0.0727	G4	166	Mild	Hepatocellular Carcinoma	Hepatitis B	No	No	C22.0	8170/3	C22.0	YES	NO	3,4 - Fibrous Speta	NA	NA	98	YES	TRUE	HCC	39.49	0:LIVING	NA	NA	0904FD43-E25C-4D0F-ACEE-29FAA3FD933B	64BCB18B-1287-4E57-8851-D83B3E2757F3	TCGA-DD-AADE.826E81E3-8D51-425F-B514-C0BBCDFA5E1F.pdf	826E81E3-8D51-425F-B514-C0BBCDFA5E1F	NO	148	130	400	NA	NO	1	1.1	1	ASIAN	NO	R0	YES	1	80	Primary	1	3.8	5.3	3.9	Male	NA	Liver	Matched	NA	NA	NA	NA	NA	NA	DD	3.266666667	WITH TUMOR	Micro	A	63	2011
lihc_tcga	TCGA-DD-AADF	TCGA-DD-AADF-01	NO	725	0	8	64	M0	N0	Stage I	7th	T1	1.1	0.2	1.2	Hepatobiliary Cancer	Hepatocellular Carcinoma	A	NA	NA	NA	NA	0.6	0.7	1.5	865	0	NA	Segmentectomy, Multiple	NA	NA	NA	1	NOT HISPANIC OR LATINO	NA	NA	NO	7/7/14	0.3770	G4	145	NA	Hepatocellular Carcinoma	Hepatitis B	No	No	C22.0	8170/3	C22.0	YES	NO	NA	NA	NA	168	NO	TRUE	HCC	3.78	1:DECEASED	NA	NA	70BB26B8-B38B-4E79-90E7-033A38405B00	F38012CB-8922-4401-B2C1-05CC36C3C79F	TCGA-DD-AADF.046D3A59-FFB8-40B1-8ED2-6853F42CF611.pdf	046D3A59-FFB8-40B1-8ED2-6853F42CF611	NO	174	130	400	NA	NO	1	1.2	1	ASIAN	NO	R0	YES	1	30	Primary	1	3.8	5.3	3.5	Female	NA	Liver	Matched	NA	NA	NA	NA	NA	NA	DD	5.566666667	TUMOR FREE	None	A	55	2011
lihc_tcga	TCGA-DD-AADG	TCGA-DD-AADG-01	NO	2256	0	8	70	M0	N0	Stage IIIA	7th	T3a	0.9	0.2	1.2	Hepatobiliary Cancer	Hepatocellular Carcinoma	A	NA	NA	NA	NA	1	0.7	1.5	862	0	NA	Lobectomy	8.87	1:Recurred/Progressed	NA	0	NOT HISPANIC OR LATINO	NA	NA	NO	7/7/14	0.1796	G3	160	Mild	Hepatocellular Carcinoma	Alcohol consumption|Hepatitis B	No	No	C22.0	8170/3	C22.0	YES	NO	3,4 - Fibrous Speta	NA	NA	144	YES	TRUE	HCC	37.61	0:LIVING	NA	NA	89D1261C-6D93-4298-A2AF-B5FF52BE0CB6	1ACAFC42-0EE1-405C-AF15-C71581FF6D69	TCGA-DD-AADG.E6130559-E3EA-4010-9031-071D55816383.pdf	E6130559-E3EA-4010-9031-071D55816383	NO	170	130	400	NA	NO	1	1	1	ASIAN	NO	R0	YES	1	80	Primary	1	3.8	5.3	4.2	Male	NA	Liver	Matched	NA	NA	NA	NA	NA	NA	DD	4.766666667	TUMOR FREE	None	A	61	2011
lihc_tcga	TCGA-DD-AADI	TCGA-DD-AADI-01	NO	27	0	8	43	M0	N0	Stage I	7th	T1	0.5	0.2	1.2	Hepatobiliary Cancer	Hepatocellular Carcinoma	A	NA	NA	NA	NA	0.8	0.7	1.5	819	0	NA	Segmentectomy, Single	35.64	0:DiseaseFree	NA	0	NOT HISPANIC OR LATINO	NA	NA	NO	7/7/14	0.2673	G3	165	NA	Hepatocellular Carcinoma	Hepatitis B	No	No	C22.0	8170/3	C22.0	YES	NO	NA	NA	NA	91	NO	TRUE	HCC	35.64	0:LIVING	NA	NA	97472E71-66EB-434B-81B0-D727765F44CB	49B874C4-A313-4678-AB43-3E4FA8BF97B7	TCGA-DD-AADI.BA182F06-3BFF-417C-B6EE-D9FFA9B25054.pdf	BA182F06-3BFF-417C-B6EE-D9FFA9B25054	NO	141	130	400	NA	NO	1	1.1	1	ASIAN	NO	R0	YES	1	10	Primary	1	3.8	5.3	3.8	Female	NA	Liver	Matched	NA	NA	NA	NA	NA	NA	DD	3.033333333	TUMOR FREE	None	A	64	2011
lihc_tcga	TCGA-DD-AADJ	TCGA-DD-AADJ-01	NO	708	0	8	70	M0	N0	Stage I	7th	T1	0.6	0.2	1.2	Hepatobiliary Cancer	Hepatocellular Carcinoma	A	NA	NA	NA	NA	0.6	0.7	1.5	804	0	NA	Lobectomy	35.02	0:DiseaseFree	NA	0	NOT HISPANIC OR LATINO	NA	NA	NO	7/7/14	0.1709	G3	154	NA	Hepatocellular Carcinoma	NA	No	No	C22.0	8170/3	C22.0	YES	NO	NA	NA	NA	52	NO	TRUE	HCC	35.02	0:LIVING	NA	NA	1D880AEA-9EFE-4A43-8A6A-6A81801DA9E0	5733EA09-3AAE-4AEA-9828-00104BEA3BE1	TCGA-DD-AADJ.D087E915-C5DB-40B1-9EDA-B10EA2D6754B.pdf	D087E915-C5DB-40B1-9EDA-B10EA2D6754B	NO	203	130	400	NA	NO	1	1	1	ASIAN	NO	R0	YES	1	30	Primary	1	3.8	5.3	4.2	Female	NA	Liver	Matched	NA	NA	NA	NA	NA	NA	DD	1.733333333	TUMOR FREE	None	A	59	2011
lihc_tcga	TCGA-DD-AADK	TCGA-DD-AADK-01	NO	236	0	8	68	M0	N0	Stage II	7th	T2	0.5	0.2	1.2	Hepatobiliary Cancer	Hepatocellular Carcinoma	A	NA	NA	NA	NA	1.2	0.7	1.5	763	0	NA	Segmentectomy, Multiple	34.46	0:DiseaseFree	NA	0	NOT HISPANIC OR LATINO	NA	NA	NO	7/14/14	0.3122	G3	150	None	Hepatocellular Carcinoma	Hepatitis B	No	No	C22.0	8170/3	C22.0	YES	NO	6 - Established Cirrhosis	NA	NA	49	NO	TRUE	HCC	34.46	0:LIVING	NA	NA	40F30FFB-51DE-4786-A88F-16C170AAC207	C7352D50-28D0-4284-A54A-DF0F9629EFDC	TCGA-DD-AADK.DD514735-20C6-49AE-BD02-5D08C6C61523.pdf	DD514735-20C6-49AE-BD02-5D08C6C61523	NO	197	130	400	NA	NO	1	1	1	ASIAN	NO	R0	YES	1	50	Primary	1	3.8	5.3	4.4	Female	NA	Liver	Matched	NA	NA	NA	NA	NA	NA	DD	1.6	TUMOR FREE	Micro	A	51	2011
lihc_tcga	TCGA-DD-AADL	TCGA-DD-AADL-01	NO	14	0	8	58	M0	N0	Stage I	7th	T1	0.5	0.2	1.2	Hepatobiliary Cancer	Hepatocellular Carcinoma	A	NA	NA	NA	NA	0.5	0.7	1.5	720	0	NA	Segmentectomy, Single	20.89	0:DiseaseFree	NA	0	NOT HISPANIC OR LATINO	NA	2	YES	7/7/14	0.4500	G4	159	NA	Hepatocellular Carcinoma	Alcohol consumption|Hepatitis B	No	No	C22.0	8170/3	C22.0	YES	NO	NA	NA	NA	108	NO	TRUE	HCC	20.89	0:LIVING	NA	NA	A7F7E313-4636-4C54-B2B7-F5928A8368E4	3299E2BC-DB36-4B1D-AD37-F0E10CF11338	TCGA-DD-AADL.248AF6DC-85A7-4334-B282-B7B0102C4596.pdf	248AF6DC-85A7-4334-B282-B7B0102C4596	NO	204	130	400	NA	NO	1	0.9	1	ASIAN	NO	R0	YES	1	20	Primary	1	3.8	5.3	3.5	Male	NA	Liver	Matched	NA	NA	NA	NA	NA	NA	DD	3.566666667	TUMOR FREE	Micro	A	53	2012
lihc_tcga	TCGA-DD-AADM	TCGA-DD-AADM-01	NO	112	0	8	58	M0	N0	Stage II	7th	T2	0.5	0.2	1.2	Hepatobiliary Cancer	Hepatocellular Carcinoma	A	NA	NA	NA	NA	0.8	0.7	1.5	704	0	NA	Segmentectomy, Multiple	NA	NA	NA	0	NOT HISPANIC OR LATINO	NA	NA	NO	7/7/14	0.2796	G3	159	NA	Hepatocellular Carcinoma	Alcohol consumption|Hepatitis B	No	No	C22.0	8170/3	C22.0	YES	NO	NA	NA	NA	145	NO	TRUE	HCC	0.39	1:DECEASED	NA	NA	62C02DA8-E4B4-4294-9923-8992D187FC7B	96FF95CF-C5D9-4A58-B252-74859C1A8103	TCGA-DD-AADM.36839A87-47E6-4E63-8683-A1549549AECE.pdf	36839A87-47E6-4E63-8683-A1549549AECE	NO	126	130	400	NA	NO	1	1	1	ASIAN	NO	R0	YES	1	20	Primary	1	3.8	5.3	4.1	Male	NA	Liver	Matched	NA	NA	NA	NA	NA	NA	DD	4.766666667	TUMOR FREE	None	A	55	2012
lihc_tcga	TCGA-DD-AADN	TCGA-DD-AADN-01	NO	151367	0	8	59	MX	NX	Stage I	7th	T1	1.1	0.2	1.2	Hepatobiliary Cancer	Hepatocellular Carcinoma	A	NA	NA	NA	NA	0.8	0.7	1.5	602	0	NA	Lobectomy	29.5	0:DiseaseFree	NA	0	NOT HISPANIC OR LATINO	NA	NA	NO	7/7/14	0.3785	G4	160	NA	Hepatocellular Carcinoma	Alcohol consumption|Hepatitis B	No	No	C22.0	8170/3	C22.0	YES	NO	NA	NA	NA	82	NO	TRUE	HCC	29.5	0:LIVING	NA	NA	32E39C1D-B8E8-4EFE-B451-8EFB112D3518	CB0F3B50-8342-4D9F-9810-98EBA5AE6A8F	TCGA-DD-AADN.043E7A50-2122-42D4-BB6F-9AAC61FE8CBE.pdf	043E7A50-2122-42D4-BB6F-9AAC61FE8CBE	NO	176	130	400	NA	NO	1	1.1	1	ASIAN	NO	R0	YES	1	70	Primary	1	3.8	5.3	3.5	Male	NA	Liver	Matched	NA	NA	NA	NA	NA	NA	DD	2.733333333	TUMOR FREE	Micro	A	62	2012
lihc_tcga	TCGA-DD-AADO	TCGA-DD-AADO-01	NO	176037	0	8	55	M0	N0	Stage I	7th	T1	0.4	0.2	1.2	Hepatobiliary Cancer	Hepatocellular Carcinoma	A	NA	NA	NA	NA	0.6	0.7	1.5	155	0	NA	Lobectomy	14.88	0:DiseaseFree	NA	0	NOT HISPANIC OR LATINO	NA	NA	NO	7/7/14	0.4877	G3	168	NA	Hepatocellular Carcinoma	Alcohol consumption|Hepatitis B	No	No	C22.0	8170/3	C22.0	YES	NO	NA	NA	NA	169	NO	TRUE	HCC	14.88	0:LIVING	NA	NA	9F056388-7529-4FD1-AF11-C82CC350F51C	DFF1BB71-01EE-480E-83C9-98ABAFE60D2E	TCGA-DD-AADO.7A832B85-3B55-44E5-AC66-35DBADADEAEC.pdf	7A832B85-3B55-44E5-AC66-35DBADADEAEC	NO	180	130	400	NA	NO	1	1	1	ASIAN	NO	R0	YES	1	20	Primary	1	3.8	5.3	4.5	Male	NA	Liver	Matched	NA	NA	NA	NA	NA	NA	DD	5.633333333	TUMOR FREE	Micro	A	58	2013
lihc_tcga	TCGA-DD-AADP	TCGA-DD-AADP-01	NO	9	0	8	45	M0	N0	Stage I	7th	T1	0.6	0.2	1.2	Hepatobiliary Cancer	Hepatocellular Carcinoma	A	NA	NA	NA	NA	0.5	0.7	1.5	161	0	NA	Lobectomy	15.05	0:DiseaseFree	NA	0	NOT HISPANIC OR LATINO	NA	NA	NO	7/7/14	0.2758	G3	167	NA	Hepatocellular Carcinoma	Hepatitis B	No	No	C22.0	8170/3	C22.0	YES	NO	NA	NA	NA	89	NO	TRUE	HCC	15.05	0:LIVING	NA	NA	96D42ECC-1157-453A-9661-9248DDF8F273	DE29419C-E3DB-4C0A-B2BC-1D73154E1E32	TCGA-DD-AADP.11B44F97-2332-4CB7-B57C-063B1C6127EF.pdf	11B44F97-2332-4CB7-B57C-063B1C6127EF	NO	102	130	400	NA	NO	1	1.1	1	ASIAN	NO	R0	YES	1	20	Primary	1	3.8	5.3	3.7	Male	NA	Liver	Matched	NA	NA	NA	NA	NA	NA	DD	2.9	TUMOR FREE	Micro	A	67	2013
lihc_tcga	TCGA-DD-AADQ	TCGA-DD-AADQ-01	NO	7	0	8	59	M0	N0	Stage II	7th	T2	0.3	0.2	1.2	Hepatobiliary Cancer	Hepatocellular Carcinoma	A	NA	NA	NA	NA	0.7	0.7	1.5	169	0	NA	Lobectomy	14.32	0:DiseaseFree	NA	0	NOT HISPANIC OR LATINO	NA	NA	NO	7/7/14	0.1948	G3	165	NA	Hepatocellular Carcinoma	Alcohol consumption|Hepatitis B	No	No	C22.0	8170/3	C22.0	YES	NO	NA	NA	NA	110	NO	TRUE	HCC	14.32	0:LIVING	NA	NA	485D283A-552C-485A-84FB-3ABDB98DC797	B2060A24-43D9-48F2-8A45-1DB926042938	TCGA-DD-AADQ.EE21BA4A-FA71-4432-9A1F-CFCB991F48C2.pdf	EE21BA4A-FA71-4432-9A1F-CFCB991F48C2	NO	163	130	400	NA	NO	1	1.1	1	ASIAN	NO	R0	YES	1	70	Primary	1	3.8	5.3	4.4	Male	NA	Liver	Matched	NA	NA	NA	NA	NA	NA	DD	3.666666667	TUMOR FREE	None	A	64	2013
lihc_tcga	TCGA-DD-AADR	TCGA-DD-AADR-01	NO	3	0	8	58	M0	N0	Stage I	6th	T1	0.9	0.2	1.2	Hepatobiliary Cancer	Hepatocellular Carcinoma	A	NA	NA	NA	NA	1	0.7	1.5	1754	0	NA	Segmentectomy, Single	66.62	1:Recurred/Progressed	NA	0	NOT HISPANIC OR LATINO	NA	NA	NO	7/7/14	0.2706	G3	170	Mild	Hepatocellular Carcinoma	Alcohol consumption|Hepatitis B	No	No	C22.0	8170/3	C22.0	YES	NO	6 - Established Cirrhosis	NA	NA	76	YES	TRUE	HCC	66.62	0:LIVING	NA	NA	899D8EA5-49DC-4970-8848-EA6EA088A272	44B29302-BE2E-4E06-864A-44DF6155250B	TCGA-DD-AADR.1037C8D1-A07D-4FEA-84AF-364335AC37E9.pdf	1037C8D1-A07D-4FEA-84AF-364335AC37E9	NO	75	130	400	NA	NO	1	1.1	1	ASIAN	NO	R0	YES	1	90	Primary	1	3.8	5.3	4.4	Male	NA	Liver	Matched	NA	NA	NA	NA	NA	NA	DD	2.533333333	TUMOR FREE	None	A	75	2009
lihc_tcga	TCGA-DD-AADS	TCGA-DD-AADS-01	NO	11	0	8	63	M0	N0	Stage I	7th	T1	0.7	0.2	1.2	Hepatobiliary Cancer	Hepatocellular Carcinoma	A	NA	NA	NA	NA	0.9	0.7	1.5	230	0	NA	Lobectomy	15.57	0:DiseaseFree	NA	0	NOT HISPANIC OR LATINO	NA	1	YES	7/7/14	0.0880	G2	164	NA	Hepatocellular Carcinoma	Alcohol consumption|Hepatitis C	No	No	C22.0	8170/3	C22.0	YES	NO	NA	NA	NA	124	NO	TRUE	HCC	15.57	0:LIVING	NA	NA	460A3CBD-C63C-4E6F-B670-2619687AC5A0	31A1ACBE-DF1C-42B1-817A-DA0E805C7FB3	TCGA-DD-AADS.130967AE-5D29-406B-A410-1908D8B086FC.pdf	130967AE-5D29-406B-A410-1908D8B086FC	NO	120	130	400	NA	NO	1	1.2	1	ASIAN	NO	R0	YES	1	40	Primary	1	3.8	5.3	3.7	Male	NA	Liver	Matched	NA	NA	NA	NA	NA	NA	DD	4.066666667	TUMOR FREE	None	A	53	2013
lihc_tcga	TCGA-DD-AADU	TCGA-DD-AADU-01	NO	52	0	8	60	M0	N0	Stage II	7th	T2	1.8	0.2	1.2	Hepatobiliary Cancer	Hepatocellular Carcinoma	A	NA	NA	NA	NA	0.8	0.7	1.5	280	0	NA	Lobectomy	18.2	0:DiseaseFree	NA	0	NOT HISPANIC OR LATINO	NA	NA	YES	7/14/14	0.8187	G3	166	None	Hepatocellular Carcinoma	Alcohol consumption	No	No	C22.0	8170/3	C22.0	YES	NO	3,4 - Fibrous Speta	NA	NA	74	NO	TRUE	HCC	18.2	0:LIVING	NA	NA	CF358FB8-866C-4780-A550-D6C1C30B8C63	8566DFB0-570B-4540-B4CD-EAEC48CC27FD	TCGA-DD-AADU.5135A7C0-6CA4-404E-9649-E7B664EDD1B8.pdf	5135A7C0-6CA4-404E-9649-E7B664EDD1B8	NO	223	130	400	NA	NO	1	1	1	ASIAN	NO	R0	YES	1	30	Primary	1	3.8	5.3	4.3	Male	NA	Liver	Matched	NA	NA	NA	NA	NA	NA	DD	2.366666667	TUMOR FREE	Micro	A	73	2013
lihc_tcga	TCGA-DD-AADV	TCGA-DD-AADV-01	NO	11	0	8	50	M0	N0	Stage I	7th	T1	0.8	0.2	1.2	Hepatobiliary Cancer	Hepatocellular Carcinoma	A	NA	NA	NA	NA	0.9	0.7	1.5	286	0	NA	Segmentectomy, Multiple	18.86	0:DiseaseFree	NA	0	NOT HISPANIC OR LATINO	NA	NA	NO	7/14/14	0.3895	G3	176	None	Hepatocellular Carcinoma	Alcohol consumption|Hepatitis B	No	Yes	C22.0	8170/3	C22.0	YES	NO	6 - Established Cirrhosis	NA	NA	80	NO	TRUE	HCC	18.86	0:LIVING	NA	NA	4C78B999-4797-4E19-8BC5-9FFD01CF768A	BBE36805-117D-4923-92DE-64B83DD318F0	TCGA-DD-AADV.750CC634-8874-488C-B20D-6B636978156A.pdf	750CC634-8874-488C-B20D-6B636978156A	NO	187	130	400	NA	NO	1	1	1	ASIAN	NO	R0	YES	1	20	Primary	1	3.8	5.3	3.8	Male	NA	Liver	Matched	NA	NA	NA	NA	NA	NA	DD	2.633333333	TUMOR FREE	None	A	64	2013
lihc_tcga	TCGA-DD-AADW	TCGA-DD-AADW-01	NO	250	0	8	48	M0	N0	Stage I	7th	T1	1	0.2	1.2	Hepatobiliary Cancer	Hepatocellular Carcinoma	A	NA	NA	NA	NA	0.8	0.7	1.5	287	0	NA	Lobectomy	12.68	1:Recurred/Progressed	NA	1	NOT HISPANIC OR LATINO	NA	NA	NO	7/14/14	0.3124	G3	163	None	Hepatocellular Carcinoma	Hepatitis B	No	No	C22.0	8170/3	C22.0	YES	NO	6 - Established Cirrhosis	NA	NA	45	NO	TRUE	HCC	19.28	0:LIVING	NA	NA	1BCF1762-7926-45F6-A367-D45FC3AF7BC3	DB312A8D-28B5-4828-9731-5A175EB2C517	TCGA-DD-AADW.18DA1A83-81E4-462C-AA58-FBB1298F86F9.pdf	18DA1A83-81E4-462C-AA58-FBB1298F86F9	NO	102	130	400	NA	NO	1	1	1	ASIAN	NO	R0	YES	1	30	Primary	1	3.8	4.3	4.3	Male	NA	Liver	Matched	NA	NA	NA	NA	NA	NA	DD	1.5	TUMOR FREE	None	A	49	2013
lihc_tcga	TCGA-DD-AADY	TCGA-DD-AADY-01	NO	9	0	8	55	M0	N0	Stage I	7th	T1	0.8	0.2	1.2	Hepatobiliary Cancer	Hepatocellular Carcinoma	A	NA	NA	NA	NA	0.6	0.7	1.5	308	0	NA	Lobectomy	18.23	0:DiseaseFree	NA	0	NOT HISPANIC OR LATINO	NA	NA	NO	7/14/14	0.9251	G2	161	None	Hepatocellular Carcinoma	Hepatitis B	No	No	C22.0	8170/3	C22.0	YES	NO	6 - Established Cirrhosis	NA	NA	48	NO	TRUE	HCC	18.23	0:LIVING	NA	NA	E42E4244-DCE8-453A-B5E0-7593A9B5AF61	A6A4B393-F67D-4B53-A5D0-3407FA71B9F1	TCGA-DD-AADY.49B92F18-C6E7-4704-A6DD-F098A4B74DDA.pdf	49B92F18-C6E7-4704-A6DD-F098A4B74DDA	NO	159	130	400	NA	NO	1	1.3	1	ASIAN	NO	R0	YES	1	20	Primary	1	3.8	5.3	3.5	Female	NA	Liver	Matched	NA	NA	NA	NA	NA	NA	DD	1.6	TUMOR FREE	None	A	55	2013
lihc_tcga	TCGA-DD-AAE0	TCGA-DD-AAE0-01	NO	8751	0	8	45	M0	N0	Stage IIIA	7th	T3a	0.9	0.2	1.2	Hepatobiliary Cancer	Hepatocellular Carcinoma	A	NA	NA	NA	NA	0.5	0.7	1.5	314	0	NA	Lobectomy	18.23	0:DiseaseFree	NA	0	NOT HISPANIC OR LATINO	NA	NA	NO	7/14/14	0.4877	G4	159	Mild	Hepatocellular Carcinoma	Hepatitis B	No	No	C22.0	8170/3	C22.0	YES	NO	3,4 - Fibrous Speta	NA	NA	57	NO	TRUE	HCC	18.23	0:LIVING	NA	NA	5E4136E4-DDD8-4FAF-8A8E-5F836FD97F49	29EF7722-025A-458B-AA60-1CA9C3E70ADA	TCGA-DD-AAE0.C8EB705D-E9F9-4101-9B7F-EE4968CA5781.pdf	C8EB705D-E9F9-4101-9B7F-EE4968CA5781	NO	226	130	400	NA	NO	1	0.9	1	ASIAN	NO	R0	YES	1	40	Primary	1	3.8	5.3	4.8	Female	NA	Liver	Matched	NA	NA	NA	NA	NA	NA	DD	1.833333333	TUMOR FREE	None	A	56	2013
lihc_tcga	TCGA-DD-AAE1	TCGA-DD-AAE1-01	NO	2693	0	8	52	M0	N0	Stage I	7th	T1	0.4	0.2	1.2	Hepatobiliary Cancer	Hepatocellular Carcinoma	A	NA	NA	NA	NA	0.8	0.7	1.5	321	0	NA	Lobectomy	18.13	0:DiseaseFree	NA	0	NOT HISPANIC OR LATINO	NA	NA	NO	7/14/14	0.2471	G3	169	Mild	Hepatocellular Carcinoma	Hepatitis B	No	No	C22.0	8170/3	C22.0	YES	NO	6 - Established Cirrhosis	NA	NA	44	NO	TRUE	HCC	18.13	0:LIVING	NA	NA	3BBFF405-DAE4-4DC9-985A-33E7AC9CB2DD	D949102D-E461-4C1F-B168-D41027D9A1FC	TCGA-DD-AAE1.5357FFD7-B4B7-49A5-A2E3-FE9751DF6A30.pdf	5357FFD7-B4B7-49A5-A2E3-FE9751DF6A30	NO	102	130	400	NA	NO	1	0.9	1	ASIAN	NO	R0	YES	1	50	Primary	1	3.8	5.3	4.1	Male	NA	Liver	Matched	NA	NA	NA	NA	NA	NA	DD	1.466666667	TUMOR FREE	None	A	62	2013
lihc_tcga	TCGA-DD-AAE2	TCGA-DD-AAE2-01	NO	41	0	8	51	M0	N0	Stage I	7th	T1	0.4	0.2	1.2	Hepatobiliary Cancer	Hepatocellular Carcinoma	A	NA	NA	NA	NA	0.8	0.7	1.5	337	0	NA	Lobectomy	20.96	0:DiseaseFree	NA	0	NOT HISPANIC OR LATINO	NA	NA	NO	7/14/14	0.1782	G3	174	None	Hepatocellular Carcinoma	Hepatitis B	No	No	C22.0	8170/3	C22.0	YES	NO	6 - Established Cirrhosis	NA	NA	74	NO	TRUE	HCC	20.96	0:LIVING	NA	NA	56447EB8-C50C-4E31-A29E-BDE6BFD31AF4	6FDFD765-BBF7-4094-B5F9-3332E9514873	TCGA-DD-AAE2.C70F898B-E3C1-42C1-BF50-38E126A5B708.pdf	C70F898B-E3C1-42C1-BF50-38E126A5B708	NO	238	130	400	NA	NO	1	1	1	ASIAN	NO	R0	YES	1	20	Primary	1	3.8	5.3	4.4	Male	NA	Liver	Matched	NA	NA	NA	NA	NA	NA	DD	2.433333333	TUMOR FREE	None	A	82	2013
lihc_tcga	TCGA-DD-AAE3	TCGA-DD-AAE3-01	NO	2	0	8	50	M0	N0	Stage I	7th	T1	1.1	0.2	1.2	Hepatobiliary Cancer	Hepatocellular Carcinoma	A	NA	NA	NA	NA	0.8	0.7	1.5	342	0	NA	Lobectomy	18.59	0:DiseaseFree	NA	0	NOT HISPANIC OR LATINO	NA	NA	NO	7/14/14	0.4230	G2	165	None	Hepatocellular Carcinoma	Alcohol consumption|Hepatitis B	No	No	C22.0	8170/3	C22.0	YES	NO	1,2 - Portal Fibrosis	NA	NA	131	NO	TRUE	HCC	18.59	0:LIVING	NA	NA	3C969BDF-CAE8-44F5-839F-5ABD4CBA0EC8	45F03983-5591-49D2-A555-43279E78CC07	TCGA-DD-AAE3.FED7CE87-1B13-4035-A76B-CEC1045B93C4.pdf	FED7CE87-1B13-4035-A76B-CEC1045B93C4	NO	180	130	400	NA	NO	1	1.1	1	ASIAN	NO	R0	YES	1	30	Primary	1	3.8	5.3	4.7	Male	NA	Liver	Matched	NA	NA	NA	NA	NA	NA	DD	4.333333333	TUMOR FREE	None	A	73	2013
lihc_tcga	TCGA-DD-AAE4	TCGA-DD-AAE4-01	NO	7	0	8	49	M0	N0	Stage I	7th	T1	0.8	0.2	1.2	Hepatobiliary Cancer	Hepatocellular Carcinoma	A	NA	NA	NA	NA	0.5	0.7	1.5	343	0	NA	Lobectomy	3.65	1:Recurred/Progressed	NA	0	NOT HISPANIC OR LATINO	NA	NA	NO	7/14/14	0.1112	G1	157	None	Hepatocellular Carcinoma	Hepatitis B	No	No	C22.0	8170/3	C22.0	YES	NO	6 - Established Cirrhosis	NA	NA	52	YES	TRUE	HCC	19.97	0:LIVING	NA	NA	C797D6AD-05D4-4322-BAD2-29801A986B4E	1CF2D738-51F7-4038-B07D-E66A1995C8CA	TCGA-DD-AAE4.2DDF43C9-8728-4CD6-977C-ECCE8B0BD322.pdf	2DDF43C9-8728-4CD6-977C-ECCE8B0BD322	NO	113	130	400	NA	NO	1	1.1	1	ASIAN	NO	R0	YES	1	30	Primary	1	3.8	5.3	4	Female	NA	Liver	Matched	NA	NA	NA	NA	NA	NA	DD	1.766666667	TUMOR FREE	None	A	62	2013
lihc_tcga	TCGA-DD-AAE6	TCGA-DD-AAE6-01	NO	113	0	8	59	M0	N0	Stage I	7th	T1	0.9	0.2	1.2	Hepatobiliary Cancer	Hepatocellular Carcinoma	A	NA	NA	NA	NA	0.8	0.7	1.5	399	0	NA	Lobectomy	3.45	1:Recurred/Progressed	NA	0	NOT HISPANIC OR LATINO	NA	NA	NO	7/14/14	0.4515	G2	159	None	Hepatocellular Carcinoma	NA	No	No	C22.0	8170/3	C22.0	YES	NO	6 - Established Cirrhosis	NA	NA	62	YES	TRUE	HCC	4.63	0:LIVING	NA	NA	A61F823B-9164-4BD6-92F4-0A8D8FF0F55E	99CC40C9-D05E-4B6B-AC17-1524D2ADF79B	TCGA-DD-AAE6.1B3F62E9-8E87-43FA-AEA8-00C89D678F8F.pdf	1B3F62E9-8E87-43FA-AEA8-00C89D678F8F	NO	209	130	400	NA	NO	1	1.1	1	ASIAN	NO	R0	YES	1	80	Primary	1	3.8	5.3	4.4	Female	NA	Liver	Matched	NA	NA	NA	NA	NA	NA	DD	2.033333333	WITH TUMOR	Micro	A	46	2012
lihc_tcga	TCGA-DD-AAE7	TCGA-DD-AAE7-01	NO	1	0	8	72	M0	N0	Stage I	7th	T1	1.1	0.2	1.2	Hepatobiliary Cancer	Hepatocellular Carcinoma	A	NA	NA	NA	NA	0.9	0.7	1.5	410	0	NA	Lobectomy	21.16	0:DiseaseFree	NA	0	NOT HISPANIC OR LATINO	NA	NA	NO	7/14/14	0.0475	G2	172	Severe	Hepatocellular Carcinoma	Alcohol consumption|Hepatitis B	No	Yes	C22.0	8170/3	C22.0	YES	NO	3,4 - Fibrous Speta	NA	NA	194	NO	TRUE	HCC	21.16	0:LIVING	NA	NA	427FDBF8-1603-466F-A5C6-963BB2EC3DAC	974EAE11-2DFB-4F80-8AA7-338076D54204	TCGA-DD-AAE7.1861F2A9-334D-4C4E-A7D0-D010712D6096.pdf	1861F2A9-334D-4C4E-A7D0-D010712D6096	NO	188	130	400	NA	NO	1	1	1	ASIAN	NO	R0	YES	1	20	Primary	1	3.8	5.3	4.7	Male	NA	Liver	Matched	NA	NA	NA	NA	NA	NA	DD	6.433333333	TUMOR FREE	None	A	74	2012
lihc_tcga	TCGA-DD-AAE8	TCGA-DD-AAE8-01	NO	3	0	8	45	M0	N0	Stage I	7th	T1	3	0.2	1.2	Hepatobiliary Cancer	Hepatocellular Carcinoma	A	NA	NA	NA	NA	0.6	0.7	1.5	417	0	NA	Lobectomy	3.71	1:Recurred/Progressed	NA	0	NOT HISPANIC OR LATINO	NA	NA	NO	7/14/14	0.3631	G3	170	NA	Hepatocellular Carcinoma	Hepatitis B	No	Yes	C22.0	8170/3	C22.0	YES	NO	6 - Established Cirrhosis	NA	NA	50	YES	TRUE	HCC	21.81	0:LIVING	NA	NA	B929ECE7-6CAF-4081-83D3-9923306B4A8A	99FCB09E-A7DB-4218-983D-3F6DF4872996	TCGA-DD-AAE8.B94DC39D-E27E-488E-87F3-C1EB76445321.pdf	B94DC39D-E27E-488E-87F3-C1EB76445321	NO	125	130	400	NA	NO	1	1.1	1	ASIAN	NO	R0	YES	1	20	Primary	1	3.8	5.3	4.3	Male	NA	Liver	Matched	NA	NA	NA	NA	NA	NA	DD	1.666666667	TUMOR FREE	None	A	78	2012
lihc_tcga	TCGA-DD-AAE9	TCGA-DD-AAE9-01	NO	3	0	8	69	M0	N0	Stage I	7th	T1	0.7	0.2	1.2	Hepatobiliary Cancer	Hepatocellular Carcinoma	A	NA	NA	NA	NA	0.9	0.7	1.5	419	0	NA	Lobectomy	23.72	0:DiseaseFree	NA	0	NOT HISPANIC OR LATINO	NA	NA	NO	7/14/14	0.3412	G3	165	Mild	Hepatocellular Carcinoma	Alcohol consumption|Hepatitis B	No	No	C22.0	8170/3	C22.0	YES	NO	1,2 - Portal Fibrosis	NA	NA	88	NO	TRUE	HCC	23.72	0:LIVING	NA	NA	4C960EEE-E4B5-499D-A596-238AA78745A4	0A21720B-C36F-402B-B0F4-69570FCE8976	TCGA-DD-AAE9.64700E97-F031-49DE-83F0-8CCDBDEE23AF.pdf	64700E97-F031-49DE-83F0-8CCDBDEE23AF	NO	138	130	400	NA	NO	1	1.1	1	ASIAN	NO	R0	YES	1	40	Primary	1	3.8	5.3	4.1	Male	NA	Liver	Matched	NA	NA	NA	NA	NA	NA	DD	2.9	TUMOR FREE	None	A	63	2012
lihc_tcga	TCGA-DD-AAEA	TCGA-DD-AAEA-01	NO	2	0	8	65	M0	N0	Stage I	7th	T1	0.6	0.2	1.2	Hepatobiliary Cancer	Hepatocellular Carcinoma	A	NA	NA	NA	NA	0.9	0.7	1.5	461	0	NA	Segmentectomy, Single	18.89	0:DiseaseFree	NA	0	NOT HISPANIC OR LATINO	NA	NA	NO	7/14/14	0.2518	G3	163	NA	Hepatocellular Carcinoma	Alcohol consumption|Hepatitis B	No	Yes	C22.0	8170/3	C22.0	YES	NO	1,2 - Portal Fibrosis	NA	NA	151	NO	TRUE	HCC	18.89	0:LIVING	NA	NA	AD9657AA-34E9-48B1-BA63-916FE7BD14BB	3BF98906-2844-4070-9DEB-3A792F19281B	TCGA-DD-AAEA.E793074A-8F17-4698-9D99-BA2053E8E3C3.pdf	E793074A-8F17-4698-9D99-BA2053E8E3C3	NO	255	130	400	NA	NO	1	1	1	ASIAN	NO	R0	YES	1	50	Primary	1	3.8	5.3	4.5	Male	NA	Liver	Matched	NA	NA	NA	NA	NA	NA	DD	5.066666667	TUMOR FREE	None	A	66	2012
lihc_tcga	TCGA-DD-AAEB	TCGA-DD-AAEB-01	NO	1	0	8	60	M0	N0	Stage I	7th	T1	0.3	0.2	1.2	Hepatobiliary Cancer	Hepatocellular Carcinoma	A	NA	NA	NA	NA	0.6	0.7	1.5	468	0	NA	Lobectomy	15.7	0:DiseaseFree	NA	1	NOT HISPANIC OR LATINO	NA	NA	NO	7/14/14	0.1446	G2	161	NA	Hepatocellular Carcinoma	Alcohol consumption|Hepatitis B	No	No	C22.0	8170/3	C22.0	YES	NO	NA	NA	NA	97	NO	TRUE	HCC	15.7	0:LIVING	NA	NA	F0ECE8E2-A6B0-4ED9-A613-D2FBB20E51B1	A89B7843-1C53-4D0C-977F-9674BFA717F1	TCGA-DD-AAEB.E991576A-60BD-4C11-9B4E-EA43F19D06C3.pdf	E991576A-60BD-4C11-9B4E-EA43F19D06C3	NO	270	130	400	NA	NO	1	1	1	ASIAN	NO	R0	YES	1	70	Primary	1	3.8	5.3	4.1	Male	NA	Liver	Matched	NA	NA	NA	NA	NA	NA	DD	3.233333333	TUMOR FREE	None	A	75	2012
lihc_tcga	TCGA-DD-AAED	TCGA-DD-AAED-01	NO	2405	0	8	51	M0	N0	Stage I	7th	T1	0.6	0.2	1.2	Hepatobiliary Cancer	Hepatocellular Carcinoma	A	NA	NA	NA	NA	0.5	0.7	1.5	489	0	NA	Lobectomy	6.5	1:Recurred/Progressed	NA	0	NOT HISPANIC OR LATINO	NA	NA	NO	7/15/14	0.3957	G3	166	Mild	Hepatocellular Carcinoma	Alcohol consumption|Hepatitis B	No	No	C22.0	8170/3	C22.0	YES	NO	1,2 - Portal Fibrosis	NA	NA	55	YES	TRUE	HCC	25.07	0:LIVING	NA	NA	527D2BC3-7FDD-4B08-839D-67E2F246DB04	4D6702B7-C774-466F-9C42-DDE5C4C422D0	TCGA-DD-AAED.EEA08FBB-E73F-4DC8-91D8-DE3FBDFCA0F6.pdf	EEA08FBB-E73F-4DC8-91D8-DE3FBDFCA0F6	NO	211	130	400	NA	NO	1	1.1	1	ASIAN	NO	R0	YES	1	60	Primary	1	3.8	5.3	4	Male	NA	Liver	Matched	NA	NA	NA	NA	NA	NA	DD	1.8	TUMOR FREE	None	A	69	2012
lihc_tcga	TCGA-DD-AAEE	TCGA-DD-AAEE-01	NO	3	0	8	55	M0	N0	Stage I	7th	T1	0.8	0.2	1.2	Hepatobiliary Cancer	Hepatocellular Carcinoma	A	NA	NA	NA	NA	0.9	0.7	1.5	509	0	NA	Lobectomy	7.36	1:Recurred/Progressed	NA	0	NOT HISPANIC OR LATINO	NA	NA	NO	7/18/14	0.3174	G4	160	None	Hepatocellular Carcinoma	Hepatitis B	No	No	C22.0	8170/3	C22.0	YES	NO	6 - Established Cirrhosis	NA	NA	73	YES	TRUE	HCC	26.61	0:LIVING	NA	NA	3C51FEE0-DA54-40E9-A954-DFE30F6F075C	2DF88392-7502-4DFE-8F51-7334F363883E	TCGA-DD-AAEE.D857BF5A-E2C6-4A6E-88CA-E8707E6FF3D9.pdf	D857BF5A-E2C6-4A6E-88CA-E8707E6FF3D9	NO	221	130	400	NA	NO	1	1	1	ASIAN	NO	R0	YES	1	40	Primary	1	3.8	5.3	4.7	Male	NA	Liver	Matched	NA	NA	NA	NA	NA	NA	DD	2.4	WITH TUMOR	None	A	58	2012
lihc_tcga	TCGA-DD-AAEG	TCGA-DD-AAEG-01	NO	1	0	8	59	M0	N0	Stage I	7th	T1	0.6	0.2	1.2	Hepatobiliary Cancer	Hepatocellular Carcinoma	A	NA	NA	NA	NA	0.6	0.7	1.5	529	0	NA	Segmentectomy, Single	23.62	0:DiseaseFree	NA	0	NOT HISPANIC OR LATINO	NA	NA	NO	7/15/14	0.2881	G3	149	None	Hepatocellular Carcinoma	No History of Primary Risk Factors	No	Yes	C22.0	8170/3	C22.0	YES	NO	6 - Established Cirrhosis	NA	NA	92	NO	TRUE	HCC	23.62	0:LIVING	NA	NA	BD627786-31A8-46D9-B3E2-7F489D50F608	E8159D19-97F4-4690-B60B-40080D1E83EB	TCGA-DD-AAEG.B48B65B0-92F9-4B49-B8A8-563EA5AF70F1.pdf	B48B65B0-92F9-4B49-B8A8-563EA5AF70F1	NO	69	130	400	NA	NO	1	1.3	1	ASIAN	NO	R0	YES	1	20	Primary	1	3.8	5.3	3	Female	NA	Liver	Matched	NA	NA	NA	NA	NA	NA	DD	3.066666667	TUMOR FREE	None	A	40	2012
lihc_tcga	TCGA-DD-AAEH	TCGA-DD-AAEH-01	NO	NA	NA	NA	73	M0	N0	Stage I	7th	T1	0.9	0.2	1.2	Hepatobiliary Cancer	Hepatocellular Carcinoma	A	NA	NA	NA	NA	0.6	0.7	1.5	553	0	NA	Lobectomy	21.16	1:Recurred/Progressed	NA	2	NOT HISPANIC OR LATINO	NA	NA	NO	7/15/14	0.2091	G2	163	None	Hepatocellular Carcinoma	NA	No	No	C22.0	8170/3	C22.0	YES	NO	1,2 - Portal Fibrosis	NA	NA	76	NO	TRUE	HCC	25.76	0:LIVING	NA	NA	FBB0E4BC-5398-4A7E-963C-86EA1108A2DE	4F20BDEC-DEAC-4529-8E2F-823CFA8341E2	TCGA-DD-AAEH.D6F3E1F8-27F3-47F9-88CC-F4145C983073.pdf	D6F3E1F8-27F3-47F9-88CC-F4145C983073	NO	223	130	400	NA	NO	1	1.1	1	ASIAN	NO	R0	YES	1	10	Primary	1	3.8	5.3	2.9	Male	NA	Liver	Matched	NA	NA	NA	NA	NA	NA	DD	2.5	TUMOR FREE	Micro	A	62	2012
lihc_tcga	TCGA-DD-AAEI	TCGA-DD-AAEI-01	YES	24	0	8	72	M0	N0	Stage I	7th	T1	0.5	0.2	1.2	Hepatobiliary Cancer	Hepatocellular Carcinoma	A	NA	NA	NA	NA	0.9	0.7	1.5	1238	0	NA	Segmentectomy, Single	16.13	1:Recurred/Progressed	NA	0	NOT HISPANIC OR LATINO	NA	NA	NO	7/15/14	0.1529	G2	166	None	Hepatocellular Carcinoma	Hepatitis B	No	No	C22.0	8170/3	C22.0	YES	NO	6 - Established Cirrhosis	NA	NA	95	YES	TRUE	HCC	50.3	0:LIVING	NA	NA	34416BE6-B6D6-4029-B899-9BA685E39590	DCC6D13A-31E3-495A-8D63-5C897FC3C4A0	TCGA-DD-AAEI.405C1F31-C46C-4288-83BA-9BBFA4F7DF2E.pdf	405C1F31-C46C-4288-83BA-9BBFA4F7DF2E	NO	161	130	400	NA	NO	1	1.1	1	ASIAN	NO	R0	YES	1	10	Primary	1	3.8	5.3	3.6	Male	NA	Liver	Matched	NA	NA	NA	NA	NA	NA	DD	3.166666667	WITH TUMOR	None	A	79	2010
lihc_tcga	TCGA-DD-AAEK	TCGA-DD-AAEK-01	NO	5166	0	8	51	M0	N0	Stage II	7th	T2	1	0.2	1.2	Hepatobiliary Cancer	Hepatocellular Carcinoma	A	NA	NA	NA	NA	0.7	0.7	1.5	1162	0	NA	Segmentectomy, Multiple	35.05	0:DiseaseFree	NA	0	NOT HISPANIC OR LATINO	NA	NA	NO	7/15/14	0.4197	G3	169	None	Hepatocellular Carcinoma	Hepatitis B	No	No	C22.0	8170/3	C22.0	YES	NO	6 - Established Cirrhosis	NA	NA	63	NO	TRUE	HCC	35.05	0:LIVING	NA	NA	6EA0EF82-694D-492D-95DA-A3BC8DE99149	BDA59599-C551-4E99-804B-C58AF26A039B	TCGA-DD-AAEK.C174382E-E3FB-456E-B5B7-1949B3086967.pdf	C174382E-E3FB-456E-B5B7-1949B3086967	NO	202	130	400	NA	NO	1	1	1	ASIAN	NO	R0	YES	1	10	Primary	1	3.8	5.3	4.1	Male	NA	Liver	Matched	NA	NA	NA	NA	NA	NA	DD	2.1	TUMOR FREE	None	A	64	2010
lihc_tcga	TCGA-DD-AAVP	TCGA-DD-AAVP-01	NO	2	0	15	48	M0	N0	Stage I	6th	T1	1.1	0.2	1.2	Hepatobiliary Cancer	Hepatocellular Carcinoma	A	NA	NA	NA	NA	1.2	0.7	1.4	2467	0	NA	Extended Lobectomy	29.66	1:Recurred/Progressed	NA	0	NOT HISPANIC OR LATINO	NA	1	YES	6/13/14	0.2356	G1	167	Severe	Hepatocellular Carcinoma	Hepatitis B	No	No	C22.0	8170/3	C22.0	YES	NO	6 - Established Cirrhosis	NA	NA	63	YES	TRUE	HCC	90.41	0:LIVING	NA	NA	0004D251-3F70-4395-B175-C94C2F5B1B81	9259E9EE-7279-4B62-8512-509CB705029C	TCGA-DD-AAVP.E930F87E-767F-4413-909E-97F7ABAD3D51.pdf	E930F87E-767F-4413-909E-97F7ABAD3D51	NO	189	130	400	NA	NO	0.8	1	1.2	ASIAN	NO	R0	YES	1	100	Primary	1	3.3	5	4.3	Male	NA	Liver	Matched	NA	NA	NA	NA	NA	NA	DD	2.066666667	TUMOR FREE	None	A	62	2007
lihc_tcga	TCGA-DD-AAVQ	TCGA-DD-AAVQ-01	NO	1456	0	15	38	M0	N0	Stage I	6th	T1	1	0.2	1.2	Hepatobiliary Cancer	Hepatocellular Carcinoma	A	NA	NA	NA	NA	1.1	0.7	1.4	2464	0	NA	Segmentectomy, Single	50.03	1:Recurred/Progressed	NA	1	NOT HISPANIC OR LATINO	NA	NA	NO	6/13/14	0.2383	G2	171	Severe	Hepatocellular Carcinoma	Hepatitis B	No	No	C22.0	8170/3	C22.0	YES	NO	6 - Established Cirrhosis	NA	NA	48	YES	TRUE	HCC	89.62	0:LIVING	NA	NA	80E7742F-ABBE-4F11-B4E4-C999DC1BD459	9FEFEEF1-1D0B-4FEF-A46A-6017C8F746A5	TCGA-DD-AAVQ.A58E32BF-829C-48AB-BC80-919A295D78D5.pdf	A58E32BF-829C-48AB-BC80-919A295D78D5	NO	128	130	400	NA	NO	0.8	1.2	1.2	ASIAN	NO	R0	YES	1	80	Primary	1	3.3	5.2	3	Male	NA	Liver	Matched	NA	NA	NA	NA	NA	NA	DD	1.6	TUMOR FREE	None	A	72	2007
lihc_tcga	TCGA-DD-AAVR	TCGA-DD-AAVR-01	NO	36	0	15	44	M0	N0	Stage I	6th	T1	1.2	0.2	1.2	Hepatobiliary Cancer	Hepatocellular Carcinoma	A	NA	NA	NA	NA	1.1	0	1.4	2355	0	NA	Segmentectomy, Multiple	82.56	0:DiseaseFree	NA	1	NOT HISPANIC OR LATINO	NA	1	YES	6/13/14	0.1538	G2	165	None	Hepatocellular Carcinoma	Hepatitis B	No	No	C22.0	8170/3	C22.0	YES	NO	6 - Established Cirrhosis	NA	NA	51	NO	TRUE	HCC	82.56	0:LIVING	NA	NA	834CFF01-3C12-42FA-ABBE-AE0AE168C568	AFA9379A-FB68-4153-9327-411007F223EB	TCGA-DD-AAVR.9CD3E7C0-EC70-4204-A919-0C5A33D8B4D9.pdf	9CD3E7C0-EC70-4204-A919-0C5A33D8B4D9	NO	174	130	400	NA	NO	0.8	1	1.2	ASIAN	NO	R0	YES	1	40	Primary	1	3.3	5.2	3.6	Male	NA	Liver	Matched	NA	NA	NA	NA	NA	NA	DD	1.7	TUMOR FREE	None	A	69	2007
lihc_tcga	TCGA-DD-AAVS	TCGA-DD-AAVS-01	NO	50149	0	15	56	M0	N0	Stage I	6th	T1	1	0.2	1.2	Hepatobiliary Cancer	Hepatocellular Carcinoma	A	NA	NA	NA	NA	1	0	1.4	2201	0	NA	Segmentectomy, Multiple	59.89	0:DiseaseFree	NA	1	NOT HISPANIC OR LATINO	NA	NA	NO	6/13/14	0.3452	G2	169	Mild	Hepatocellular Carcinoma	Hepatitis B	No	No	C22.0	8170/3	C22.0	YES	NO	3,4 - Fibrous Speta	NA	NA	45	NO	TRUE	HCC	59.89	0:LIVING	NA	NA	9FC30C21-2C78-4843-A658-FE84A64B8FAD	8A8C8E2F-36FD-4FA4-8B45-F92607F26845	TCGA-DD-AAVS.5F714C34-BB01-49D1-B41C-C64DE8D0EC0E.pdf	5F714C34-BB01-49D1-B41C-C64DE8D0EC0E	NO	281	130	400	NA	NO	0.8	1.1	1.2	ASIAN	NO	R0	YES	1	60	Primary	1	3.3	5.2	3	Male	NA	Liver	Matched	NA	NA	NA	NA	NA	NA	DD	1.466666667	TUMOR FREE	None	A	72	2007
lihc_tcga	TCGA-DD-AAVU	TCGA-DD-AAVU-01	NO	2	0	15	46	M0	N0	Stage II	6th	T2	0.6	0.2	1.2	Hepatobiliary Cancer	Hepatocellular Carcinoma	A	NA	NA	NA	NA	1.2	0	1.4	1938	0	NA	Segmentectomy, Multiple	53.55	1:Recurred/Progressed	NA	1	NOT HISPANIC OR LATINO	NA	NA	NO	6/13/14	0.8507	G2	160	Mild	Hepatocellular Carcinoma	Hepatitis B	No	No	C22.0	8170/3	C22.0	YES	NO	3,4 - Fibrous Speta	NA	NA	52	YES	TRUE	HCC	72.34	0:LIVING	NA	NA	146C5332-1AF5-4C49-B740-9A9EDC795F24	7B4920A8-A742-4065-BAD4-14473FE429A1	TCGA-DD-AAVU.08C1D8EA-E936-45D8-961D-02670FAD82CC.pdf	08C1D8EA-E936-45D8-961D-02670FAD82CC	NO	166	130	400	NA	NO	0.8	1	1.2	ASIAN	NO	R0	YES	1	40	Primary	1	3.3	5.2	4.6	Male	NA	Liver	Matched	NA	NA	NA	NA	NA	NA	DD	1.733333333	TUMOR FREE	Micro	A	88	2008
lihc_tcga	TCGA-DD-AAVV	TCGA-DD-AAVV-01	NO	7	0	15	56	M0	N0	Stage II	6th	T2	0.9	0.2	1.2	Hepatobiliary Cancer	Hepatocellular Carcinoma	A	NA	NA	NA	NA	1.3	0	1.4	2513	0	NA	Segmentectomy, Single	80.65	0:DiseaseFree	NA	1	NOT HISPANIC OR LATINO	NA	NA	NO	10/1/14	0.3511	G3	158	Mild	Hepatocellular Carcinoma	Hepatitis B	No	No	C22.0	8170/3	C22.0	YES	NO	3,4 - Fibrous Speta	NA	NA	104	NO	TRUE	HCC	80.65	0:LIVING	NA	NA	915F531B-8448-41C7-9DFB-9C83062B906E	4E04E745-D37E-4412-9995-FAE0927B6140	TCGA-DD-AAVV.5F24D049-6BE5-403B-9E5A-399921814C68.pdf	5F24D049-6BE5-403B-9E5A-399921814C68	NO	244	130	400	NA	NO	0.8	1.1	1.2	ASIAN	NO	R0	YES	1	70	Primary	1	3.3	5.2	4.6	Male	NA	Liver	Matched	NA	NA	NA	NA	NA	NA	DD	3.5	TUMOR FREE	Micro	A	71	2007
lihc_tcga	TCGA-DD-AAVW	TCGA-DD-AAVW-01	NO	927	0	15	35	M0	N0	Stage I	6th	T1	1.4	0.2	1.2	Hepatobiliary Cancer	Hepatocellular Carcinoma	A	NA	NA	NA	NA	1.1	0.7	1.4	2156	0	NA	Segmentectomy, Multiple	76.12	0:DiseaseFree	NA	0	NOT HISPANIC OR LATINO	NA	NA	NO	6/13/14	0.3441	G2	162	None	Hepatocellular Carcinoma	Hepatitis B	No	No	C22.0	8170/3	C22.0	YES	NO	6 - Established Cirrhosis	NA	NA	36	NO	TRUE	HCC	76.12	0:LIVING	NA	NA	11823A8A-194F-4E6B-A373-EF5A3FC7D2B9	AAEE0B65-C176-431D-A2D5-4912C8281A7C	TCGA-DD-AAVW.922707E9-9F68-458F-B1FC-E95CA2876420.pdf	922707E9-9F68-458F-B1FC-E95CA2876420	NO	212	130	400	NA	NO	0.8	1	1.2	ASIAN	NO	R0	YES	1	20	Primary	1	3.3	5.2	4.6	Male	NA	Liver	Matched	NA	NA	NA	NA	NA	NA	DD	1.166666667	TUMOR FREE	None	A	62	2008
lihc_tcga	TCGA-DD-AAVX	TCGA-DD-AAVX-01	NO	1	0	15	38	M0	N0	Stage II	6th	T2	1.1	0.2	1.2	Hepatobiliary Cancer	Hepatocellular Carcinoma	A	NA	NA	NA	NA	1	0.7	1.4	2039	0	NA	Segmentectomy, Multiple	12.91	1:Recurred/Progressed	NA	0	NOT HISPANIC OR LATINO	NA	2	YES	6/13/14	0.1242	G2	178	Severe	Hepatocellular Carcinoma	Hepatitis B	No	No	C22.0	8170/3	C22.0	YES	NO	6 - Established Cirrhosis	NA	NA	59	YES	TRUE	HCC	56.44	0:LIVING	NA	NA	AFCB9708-92B3-4727-9C0D-63E7FF22D87B	512F703D-14CB-4E9F-9356-4A6D8325CABA	TCGA-DD-AAVX.C62E123A-5AFC-47FA-AE6A-E16C22ACD374.pdf	C62E123A-5AFC-47FA-AE6A-E16C22ACD374	NO	186	130	400	NA	NO	0.8	1	1.2	ASIAN	NO	R0	YES	1	50	Primary	1	3.3	5.2	3.9	Male	NA	Liver	Matched	NA	NA	NA	NA	NA	NA	DD	1.933333333	WITH TUMOR	Micro	A	65	2008
lihc_tcga	TCGA-DD-AAVY	TCGA-DD-AAVY-01	NO	11	0	15	56	M0	N0	Stage IIIA	6th	T3	1	0.2	1.2	Hepatobiliary Cancer	Hepatocellular Carcinoma	A	NA	NA	NA	NA	1.2	0.7	1.4	1826	0	NA	Segmentectomy, Multiple	64.72	0:DiseaseFree	NA	0	NOT HISPANIC OR LATINO	NA	2	YES	6/13/14	0.2905	G2	161	None	Hepatocellular Carcinoma	No History of Primary Risk Factors	No	No	C22.0	8170/3	C22.0	YES	NO	0 - No Fibrosis	NA	NA	67	NO	TRUE	HCC	64.72	0:LIVING	NA	NA	C36F9FFE-515B-4895-B82A-AADC49FE3016	DDC48731-4B43-4122-9E19-9BE1E072AC2C	TCGA-DD-AAVY.ADDCC231-66AE-4136-AAEC-DCA3DA1C4159.pdf	ADDCC231-66AE-4136-AAEC-DCA3DA1C4159	NO	210	130	400	NA	NO	0.8	1	1.2	ASIAN	NO	R0	YES	1	40	Primary	1	3.3	5.2	3	Male	NA	Liver	Matched	NA	NA	NA	NA	NA	NA	DD	2.233333333	TUMOR FREE	Micro	A	63	2009
lihc_tcga	TCGA-DD-AAVZ	TCGA-DD-AAVZ-01	NO	945	0	15	38	M0	N0	Stage I	6th	T1	1	0.2	1.2	Hepatobiliary Cancer	Hepatocellular Carcinoma	A	NA	NA	NA	NA	1.2	0.7	1.4	1777	0	NA	Segmentectomy, Multiple	62.42	0:DiseaseFree	NA	0	NOT HISPANIC OR LATINO	NA	1	YES	6/13/14	0.2312	G2	171	None	Hepatocellular Carcinoma	Hepatitis B	No	No	C22.0	8170/3	C22.0	YES	NO	6 - Established Cirrhosis	NA	NA	35	NO	TRUE	HCC	62.42	0:LIVING	NA	NA	11F69D9F-A67D-41FA-95A9-BAA194B3FCFB	D04DE415-140D-4600-8586-4F5FF51F043E	TCGA-DD-AAVZ.1146563E-D472-4EFF-8753-7CEEE2F74C12.pdf	1146563E-D472-4EFF-8753-7CEEE2F74C12	NO	98	130	400	NA	NO	0.8	1.2	1.2	ASIAN	NO	R0	YES	1	80	Primary	1	3.3	5.2	3.8	Male	NA	Liver	Matched	NA	NA	NA	NA	NA	NA	DD	1.2	TUMOR FREE	None	A	62	2009
lihc_tcga	TCGA-DD-AAW0	TCGA-DD-AAW0-01	NO	3	0	15	54	M0	N0	Stage I	6th	T1	0.2	0.2	1.2	Hepatobiliary Cancer	Hepatocellular Carcinoma	A	NA	NA	NA	NA	1.3	0.7	1.4	1737	0	NA	Total Hepatectomy with Transplant	66.2	0:DiseaseFree	NA	0	NOT HISPANIC OR LATINO	NA	NA	YES	6/13/14	0.2860	G2	172	Mild	Hepatocellular Carcinoma	Hepatitis B	No	No	C22.0	8170/3	C22.0	YES	NO	3,4 - Fibrous Speta	NA	NA	75	NO	TRUE	HCC	66.2	0:LIVING	NA	NA	109436AA-A655-429B-8D3B-1A43385C9016	C7DA1402-2958-469E-9956-395C03833125	TCGA-DD-AAW0.75F8B93A-4839-4A9B-92CD-98147D025D31.pdf	75F8B93A-4839-4A9B-92CD-98147D025D31	NO	183	130	400	NA	NO	0.8	1	1.2	ASIAN	NO	R0	YES	1	70	Primary	1	3.3	5.2	4.6	Male	NA	Liver	Matched	NA	NA	NA	NA	NA	NA	DD	2.5	TUMOR FREE	None	A	75	2009
lihc_tcga	TCGA-DD-AAW1	TCGA-DD-AAW1-01	NO	4	0	15	55	M0	N0	Stage IIIA	6th	T3	0.7	0.2	1.2	Hepatobiliary Cancer	Hepatocellular Carcinoma	A	NA	NA	NA	NA	1.2	0.7	1.4	1703	0	NA	Segmentectomy, Multiple	65.34	0:DiseaseFree	NA	0	NOT HISPANIC OR LATINO	NA	NA	NO	6/13/14	0.1121	G2	167	Severe	Hepatocellular Carcinoma	No History of Primary Risk Factors	No	No	C22.0	8170/3	C22.0	YES	NO	6 - Established Cirrhosis	NA	NA	88	NO	TRUE	HCC	65.34	0:LIVING	NA	NA	31C7D56B-4AF7-4FDB-BA83-63BF615FCC3D	6396D448-E089-4406-9B7B-D0710C48ED1D	TCGA-DD-AAW1.3ED5891B-FD39-4F88-94AA-D040867A51B5.pdf	3ED5891B-FD39-4F88-94AA-D040867A51B5	NO	126	130	400	NA	NO	0.8	1	1.2	ASIAN	NO	R0	YES	1	40	Primary	1	3.3	5.3	4	Male	NA	Liver	Matched	NA	NA	NA	NA	NA	NA	DD	2.866666667	TUMOR FREE	Micro	A	60	2009
lihc_tcga	TCGA-DD-AAW2	TCGA-DD-AAW2-01	NO	3	0	15	69	M0	N0	Stage I	6th	T1	0.4	0.2	1.2	Hepatobiliary Cancer	Hepatocellular Carcinoma	A	NA	NA	NA	NA	1.1	0.7	1.4	1575	0	NA	Segmentectomy, Multiple	12.84	1:Recurred/Progressed	NA	1	NOT HISPANIC OR LATINO	NA	1	YES	6/13/14	0.2854	G2	156	None	Hepatocellular Carcinoma	Non-Alcoholic Fatty Liver Disease	No	No	C22.0	8170/3	C22.0	YES	NO	6 - Established Cirrhosis	NA	NA	92	YES	TRUE	HCC	60.94	0:LIVING	NA	NA	03DF105E-A005-4577-BFDB-9644758D778E	6AF93255-F2A0-43B1-B78F-2E8F53BF6764	TCGA-DD-AAW2.74C2D5FA-1FDF-424A-BEE2-DE602A4F6DA7.pdf	74C2D5FA-1FDF-424A-BEE2-DE602A4F6DA7	NO	164	130	400	NA	NO	0.8	1	1.2	ASIAN	NO	R0	YES	1	70	Primary	1	3.3	5.2	4	Male	NA	Liver	Matched	NA	NA	NA	NA	NA	NA	DD	3.133333333	WITH TUMOR	None	A	50	2009
lihc_tcga	TCGA-DD-AAW3	TCGA-DD-AAW3-01	NO	3	0	15	69	M0	N0	Stage I	6th	T1	0.6	0.2	1.2	Hepatobiliary Cancer	Hepatocellular Carcinoma	NA	NA	NA	NA	NA	1	0	1.4	1507	0	NA	Segmentectomy, Single	53.65	0:DiseaseFree	NA	0	NOT HISPANIC OR LATINO	NA	1	YES	6/13/14	0.2248	G2	162	None	Hepatocellular Carcinoma	No History of Primary Risk Factors	No	No	C22.0	8170/3	C22.0	YES	NO	0 - No Fibrosis	NA	NA	84	NO	TRUE	HCC	53.65	0:LIVING	NA	NA	564B4F4D-3C18-40D5-9D95-916774DF600C	95C763B1-759B-47A3-8009-DE916D6D457E	TCGA-DD-AAW3.882E141C-D3AB-4EF8-A26E-D5D3F75443B6.pdf	882E141C-D3AB-4EF8-A26E-D5D3F75443B6	NO	241	130	400	NA	NO	NA	NA	NA	ASIAN	NO	R0	YES	1	60	Primary	1	3.3	5.2	4.1	Male	NA	Liver	Matched	NA	NA	NA	NA	NA	NA	DD	2.766666667	TUMOR FREE	None	A	64	2009
lihc_tcga	TCGA-ED-A459	TCGA-ED-A459-01	NA	267	0	20	47	M0	N0	Stage II	7th	T2	1.4	0.3	1.2	Hepatobiliary Cancer	Hepatocellular Carcinoma	NA	NA	NA	NA	NA	1.1	0.7	1.1	87	0	NA	Lobectomy	29.89	0:DiseaseFree	NA	NA	NOT HISPANIC OR LATINO	NA	NA	NO	1/15/13	0.4161	G2	167	NA	Hepatocellular Carcinoma	NA	No	No	C22.0	8170/3	C22.0	YES	NO	NA	NA	NA	176	NO	TRUE	HCC	29.89	0:LIVING	NA	NA	56403463-1727-4C23-A709-DE5F168C4073	97FA4D8B-1C05-41A6-97C4-0B27DC70EB4C	TCGA-ED-A459.289EC60C-0AAB-4E61-A8AB-A199D4663AE6.pdf	289EC60C-0AAB-4E61-A8AB-A199D4663AE6	NO	200	150	400	NA	YES	0.9	0.9	1.3	ASIAN	NO	R0	NO	1	1800	Primary	1	3800	5100	5200	Male	NA	Liver	Matched	NA	NA	NA	NA	NA	NA	ED	5.8	TUMOR FREE	Micro	A	51	2012
lihc_tcga	TCGA-ED-A4XI	TCGA-ED-A4XI-01	NO	573	0	20	58	M0	N0	Stage II	7th	T2	1.3	0.1	1.3	Hepatobiliary Cancer	Hepatocellular Carcinoma	NA	NA	NA	NA	NA	54	4.1	5.9	70	0	NA	Lobectomy	26.91	0:DiseaseFree	NA	NA	NOT HISPANIC OR LATINO	NA	NA	NO	3/22/13	0.0186	G3	170	None	Hepatocellular Carcinoma	No History of Primary Risk Factors	No	No	C22.0	8170/3	C22.0	YES	NO	NA	NA	NA	108	NO	TRUE	HCC	26.91	0:LIVING	NA	NA	C52ABAC9-07DA-4B3D-BF8A-2161CACF9682	25EB5AFD-E7A6-4F3C-82B4-A3DE1F8F9BE1	TCGA-ED-A4XI.40130FAC-455F-49B7-A97E-CFFED2202925.pdf	40130FAC-455F-49B7-A97E-CFFED2202925	NA	276	150	400	NA	YES	0.3	0.9	1.3	ASIAN	NO	R0	NO	1	2000	Primary	1	3.8	5.1	2.9	Male	NA	Liver	Matched	NA	NA	NA	NA	NA	NA	ED	3.6	TUMOR FREE	Micro	A	55	2012
lihc_tcga	TCGA-ED-A5KG	TCGA-ED-A5KG-01	NO	3177	0	20	60	M0	N0	Stage II	7th	T2	0.4	0.1	1.3	Hepatobiliary Cancer	Hepatocellular Carcinoma	NA	NA	NA	NA	NA	3.9	4.1	5.8	112	0	NA	Lobectomy	3.61	1:Recurred/Progressed	NA	NA	NOT HISPANIC OR LATINO	NA	NA	NO	5/22/13	0.0001	G2	160	Severe	Hepatocellular Carcinoma	No History of Primary Risk Factors	No	No	C22.0	8170/3	C22.0	YES	NO	NA	NA	NA	15	NO	TRUE	HCC	28.06	0:LIVING	NA	NA	CEBDAFEE-8FFD-4EE2-8DD1-9225E06623C2	7E3298D1-7EE0-470D-BE0F-FC638EA6C62E	TCGA-ED-A5KG.87394A2B-7AF7-49E0-9ED0-6FFCC899EC38.pdf	87394A2B-7AF7-49E0-9ED0-6FFCC899EC38	NA	147	150	400	NA	YES	0.3	0.9	1.3	ASIAN	NO	R0	NO	1	1810	Primary	1	3.8	5.1	6	Female	NA	Liver	Matched	NA	NA	NA	NA	NA	NA	ED	0.5	TUMOR FREE	Micro	A	61	2012
lihc_tcga	TCGA-ED-A627	TCGA-ED-A627-01	NA	NA	NA	NA	74	M0	NX	Stage I	7th	T1	NA	NA	NA	Hepatobiliary Cancer	Hepatocellular Carcinoma	NA	NA	NA	NA	NA	NA	NA	NA	157	0	NA	Lobectomy	13.9	0:DiseaseFree	NA	2	NOT HISPANIC OR LATINO	NA	NA	NA	5/28/13	0.0001	G2	176	NA	Hepatocellular Carcinoma	Alcohol consumption	No	No	C22.0	8170/3	C22.0	YES	NO	NA	NA	NA	3	NO	TRUE	HCC	13.9	0:LIVING	NA	NA	A4AF0084-EDD4-4DCD-8975-4A59EE5DA64C	975EC176-7F4A-4BF2-85EA-DF821B23865C	TCGA-ED-A627.104D5D1C-E6E3-4806-9E6C-4C949865F713.pdf	104D5D1C-E6E3-4806-9E6C-4C949865F713	NA	NA	NA	NA	NA	YES	NA	NA	NA	WHITE	NA	R0	NO	1	1140	Primary	1	NA	NA	NA	Male	NA	Liver	Matched	NA	NA	NA	NA	NA	NA	ED	0.1	TUMOR FREE	NA	A	74	2012
lihc_tcga	TCGA-ED-A66X	TCGA-ED-A66X-01	NO	5840	0	20	35	M0	N0	Stage IIIA	7th	T3a	9	0.1	1.3	Hepatobiliary Cancer	Hepatocellular Carcinoma	NA	NA	NA	NA	NA	4.5	4.1	5.6	89	0	NA	Lobectomy	4.07	1:Recurred/Progressed	NA	NA	NOT HISPANIC OR LATINO	NA	NA	NO	7/3/13	0.2912	G3	170	Mild	Hepatocellular Carcinoma	Alcohol consumption	No	No	C22.0	8170/3	C22.0	YES	NO	NA	NA	NA	29	YES	TRUE	HCC	13.34	0:LIVING	NA	NA	B75CA9E4-A474-4960-9343-C8E9524CD096	C46CC628-1A71-4A9A-9111-8C78F89694F8	TCGA-ED-A66X.F83A9A75-387A-4A66-9817-084A8E633E37.pdf	F83A9A75-387A-4A66-9817-084A8E633E37	NO	268	150	400	NA	YES	0.3	1	1.3	ASIAN	NO	R0	NO	1	2190	Primary	1	3.8	5.1	4.7	Male	NA	Liver	Matched	NA	NA	NA	NA	NA	NA	ED	0.966666667	TUMOR FREE	Micro	A	61	2013
lihc_tcga	TCGA-ED-A66Y	TCGA-ED-A66Y-01	NO	12100	0	20	51	M0	N0	Stage IIIA	7th	T3a	1	0.1	1.3	Hepatobiliary Cancer	Hepatocellular Carcinoma	NA	NA	NA	NA	NA	4.4	4.1	5.9	75	0	NA	Lobectomy	NA	NA	NA	NA	NOT HISPANIC OR LATINO	NA	NA	NO	7/3/13	0.1845	G3	160	Mild	Hepatocellular Carcinoma	No History of Primary Risk Factors	No	No	C22.0	8170/3	C22.0	YES	NO	NA	NA	NA	68	NO	TRUE	HCC	9.72	1:DECEASED	NA	NA	34303CDD-C31C-4B95-9965-2A5513DC322D	BC90EAD3-1A92-49C8-9D97-EF4A8751833A	TCGA-ED-A66Y.14F29317-F7B9-49D4-B215-EF489A4283CA.pdf	14F29317-F7B9-49D4-B215-EF489A4283CA	NO	289	150	400	NA	YES	0.3	0.9	1.3	ASIAN	NO	R0	NO	1	1670	Primary	1	3.8	5.1	6	Female	NA	Liver	Matched	NA	NA	NA	NA	NA	NA	ED	2.233333333	TUMOR FREE	Micro	A	59	2013
lihc_tcga	TCGA-ED-A7PX	TCGA-ED-A7PX-01	NO	24	0	20	48	M0	NX	Stage II	7th	T2	0.9	0.1	1.3	Hepatobiliary Cancer	Hepatocellular Carcinoma	NA	NA	NA	NA	NA	17	4.1	5.8	86	0	NA	Lobectomy	0.2	0:DiseaseFree	NA	NA	NOT HISPANIC OR LATINO	NA	NA	NO	1/3/14	0.3022	G3	161	None	Hepatocellular Carcinoma	No History of Primary Risk Factors	No	No	C22.0	8170/3	C22.0	YES	NO	NA	NA	NA	28	NO	TRUE	HCC	0.2	0:LIVING	NA	NA	470D52B8-3D74-4789-B714-B9869A96657B	35600F0A-EFFB-40A5-A608-D60A42F3A43D	TCGA-ED-A7PX.AF42396C-2DC9-4885-B7B1-D59BA1D2949A.pdf	AF42396C-2DC9-4885-B7B1-D59BA1D2949A	NA	239	150	400	NA	YES	NA	NA	NA	ASIAN	NO	R0	NO	1	830	Primary	1	NA	NA	NA	Female	NA	Liver	Matched	NA	NA	NA	NA	NA	NA	ED	0.933333333	TUMOR FREE	Micro	A	43	2013
lihc_tcga	TCGA-ED-A7PY	TCGA-ED-A7PY-01	NO	2	0	20	20	M0	NX	Stage II	7th	T2	0.6	0.1	1.3	Hepatobiliary Cancer	Hepatocellular Carcinoma	NA	NA	NA	NA	NA	3.9	4	5.8	83	0	NA	Lobectomy	12.81	0:DiseaseFree	NA	NA	NOT HISPANIC OR LATINO	NA	NA	NO	1/7/14	0.3611	G3	156	Mild	Hepatocellular Carcinoma	No History of Primary Risk Factors	No	No	C22.0	8170/3	C22.0	YES	NO	NA	NA	NA	23	NO	TRUE	HCC	12.81	0:LIVING	NA	NA	A396E048-5AA0-4D71-96BD-7F4FDF6934AA	7C611DD6-6237-45F6-AE24-50BFA63D7835	TCGA-ED-A7PY.B6D3F89E-C1A5-445A-B9BD-047B2FB92E4C.pdf	B6D3F89E-C1A5-445A-B9BD-047B2FB92E4C	NO	282	150	400	NA	YES	0.3	0.9	1.3	ASIAN	NO	R0	NO	1	1380	Primary	1	NA	NA	NA	Female	NA	Liver	Matched	NA	NA	NA	NA	NA	NA	ED	0.766666667	TUMOR FREE	Micro	A	40	2013
lihc_tcga	TCGA-ED-A7PZ	TCGA-ED-A7PZ-01	NO	2	0	20	61	M0	NX	Stage II	7th	T2	0.9	0.1	1.3	Hepatobiliary Cancer	Hepatocellular Carcinoma	NA	NA	NA	NA	NA	7	4	5.8	78	0	NA	Lobectomy	0.2	0:DiseaseFree	NA	NA	NOT HISPANIC OR LATINO	NA	NA	NO	1/7/14	0.5331	G2	159	Mild	Hepatocellular Carcinoma	No History of Primary Risk Factors	No	No	C22.0	8170/3	C22.0	YES	NO	NA	NA	NA	221	NO	TRUE	HCC	0.2	0:LIVING	NA	NA	87750E70-3AF7-452A-9AA5-375ACD3843EA	6931E9F2-8DAE-45CF-9FA3-DEE9D629472A	TCGA-ED-A7PZ.85F0B753-BB67-4836-92DC-81F602C0CC8C.pdf	85F0B753-BB67-4836-92DC-81F602C0CC8C	NO	289	150	400	NA	YES	0.3	0.9	1.3	ASIAN	NO	R0	NO	1	1350	Primary	1	3.8	5.1	4.2	Male	NA	Liver	Matched	NA	NA	NA	NA	NA	NA	ED	7.333333333	TUMOR FREE	Micro	A	50	2013
lihc_tcga	TCGA-ED-A7XO	TCGA-ED-A7XO-01	NO	4	0	NA	29	M0	N0	Stage IIIA	7th	T3a	0.6	0.1	1.3	Hepatobiliary Cancer	Hepatocellular Carcinoma	NA	NA	NA	NA	NA	4.9	4.1	5.9	77	0	NA	Lobectomy	8.61	1:Recurred/Progressed	NA	NA	NOT HISPANIC OR LATINO	NA	NA	NO	12/5/13	0.2117	G2	175	Mild	Hepatocellular Carcinoma	No History of Primary Risk Factors	No	No	C22.0	8170/3	C22.0	YES	NO	NA	NA	NA	46	NO	TRUE	HCC	14.03	0:LIVING	NA	NA	20BB3855-66E2-46D4-B189-006B4B254C2E	8AE44EC9-741C-484B-A784-A0CB2F02AAA0	TCGA-ED-A7XO.3FC3BB34-8E4A-4422-BFEF-58B15947F032.pdf	3FC3BB34-8E4A-4422-BFEF-58B15947F032	NO	NA	NA	NA	NA	YES	NA	NA	NA	ASIAN	NO	R0	NO	1	1430	Primary	1	3.8	5.1	4.2	Male	NA	Liver	Matched	NA	NA	NA	NA	NA	NA	ED	1.533333333	TUMOR FREE	Micro	A	64	2013
lihc_tcga	TCGA-ED-A7XP	TCGA-ED-A7XP-01	NO	18	0	20	53	M0	N0	Stage II	7th	T2	0.1	0.1	1.3	Hepatobiliary Cancer	Hepatocellular Carcinoma	NA	NA	NA	NA	NA	4.8	4.1	5.9	62	0	NA	Lobectomy	6.14	1:Recurred/Progressed	NA	NA	NOT HISPANIC OR LATINO	NA	NA	NO	12/5/13	0.2537	G3	157	Mild	Hepatocellular Carcinoma	No History of Primary Risk Factors	No	No	C22.0	8170/3	C22.0	YES	NO	NA	NA	NA	47	NO	TRUE	HCC	13.14	0:LIVING	NA	NA	CCA827CA-0066-497D-83DC-477F3B08EA6D	CBDAAC78-7866-47B0-BBDE-62E1B84B96D7	TCGA-ED-A7XP.70432A18-BDAF-465D-9311-66E37E3F941E.pdf	70432A18-BDAF-465D-9311-66E37E3F941E	NO	108	150	400	NA	YES	0.3	1	1.3	ASIAN	NO	R0	NO	1	780	Primary	1	3.8	5.1	6.9	Female	NA	Liver	Matched	NA	NA	NA	NA	NA	NA	ED	1.533333333	TUMOR FREE	Micro	A	54	2013
lihc_tcga	TCGA-ED-A82E	TCGA-ED-A82E-01	NO	4	0	20	60	M0	N0	Stage IIIA	7th	T3a	0.4	0.1	1.3	Hepatobiliary Cancer	Hepatocellular Carcinoma	NA	NA	NA	NA	NA	2.8	4.1	5.8	78	0	NA	Lobectomy	13.4	0:DiseaseFree	NA	NA	NOT HISPANIC OR LATINO	NA	NA	NO	1/7/14	0.6435	G2	150	Mild	Hepatocellular Carcinoma	No History of Primary Risk Factors	No	No	C22.0	8170/3	C22.0	YES	NO	NA	NA	NA	22	NO	TRUE	HCC	13.4	0:LIVING	NA	NA	A96B67BA-6180-4B80-8792-877860421CA0	F05898C4-EE50-4A7B-8504-1CBB6F7B1E41	TCGA-ED-A82E.2FE90807-3C01-4956-B565-A5A18A08C93C.pdf	2FE90807-3C01-4956-B565-A5A18A08C93C	NA	261	150	400	NA	YES	0.3	0.9	1.3	ASIAN	NO	R0	NO	1	1320	Primary	1	3.8	5.1	4.3	Female	NA	Liver	Matched	NA	NA	NA	NA	NA	NA	ED	0.766666667	TUMOR FREE	Micro	A	44	2013
lihc_tcga	TCGA-ED-A8O5	TCGA-ED-A8O5-01	NO	498	0	20	59	M0	N0	Stage IIIA	7th	T3a	0.4	0.1	1.3	Hepatobiliary Cancer	Hepatocellular Carcinoma	NA	NA	NA	NA	NA	3.4	4.1	5.8	100	0	NA	Lobectomy	13.34	0:DiseaseFree	NA	NA	NOT HISPANIC OR LATINO	NA	NA	NO	2/12/14	0.2573	G3	165	Mild	Hepatocellular Carcinoma	No History of Primary Risk Factors	No	No	C22.0	8170/3	C22.0	YES	NO	NA	NA	NA	94	NO	TRUE	HCC	13.34	0:LIVING	NA	NA	2BEA076B-C923-4A91-A37B-C6615FEC021C	384D3F50-C931-45E4-BD65-BCFED8E1C602	TCGA-ED-A8O5.6C198F5C-9B63-45D9-A83D-4CFEC01DDC8C.pdf	6C198F5C-9B63-45D9-A83D-4CFEC01DDC8C	NA	171	150	400	NA	YES	0.3	1.3	1.3	ASIAN	NO	R0	NO	1	950	Primary	1	3.8	5.1	4.2	Female	NA	Liver	Matched	NA	NA	NA	NA	NA	NA	ED	3.066666667	TUMOR FREE	Micro	A	63	2013
lihc_tcga	TCGA-ED-A8O6	TCGA-ED-A8O6-01	NO	3000	0	20	50	M0	N0	Stage IIIA	7th	T3a	2.3	0.1	1.3	Hepatobiliary Cancer	Hepatocellular Carcinoma	NA	NA	NA	NA	NA	2.8	4.1	5.8	97	0	NA	Lobectomy	NA	NA	NA	NA	NOT HISPANIC OR LATINO	NA	NA	NO	2/12/14	0.5375	G3	165	Mild	Hepatocellular Carcinoma	No History of Primary Risk Factors	No	No	C22.0	8170/3	C22.0	YES	NO	NA	NA	NA	54	NO	TRUE	HCC	1.84	1:DECEASED	NA	NA	7FB03840-5153-4DC6-A302-5A89AA4E1FB6	7C3D43A4-D7B7-4988-8195-FBFCD14592FC	TCGA-ED-A8O6.0ABB9050-0248-42F0-AFEB-98FA5CE2DD55.pdf	0ABB9050-0248-42F0-AFEB-98FA5CE2DD55	NO	NA	150	400	NA	YES	0.3	NA	1.3	ASIAN	NO	R0	NO	1	1030	Primary	1	3.8	5.1	2.8	Female	NA	Liver	Matched	NA	NA	NA	NA	NA	NA	ED	1.8	TUMOR FREE	Micro	A	45	2013
lihc_tcga	TCGA-ED-A97K	TCGA-ED-A97K-01	NO	3	0	20	54	M0	N0	Stage IIIA	7th	T3a	1	0.1	1.3	Hepatobiliary Cancer	Hepatocellular Carcinoma plus Intrahepatic Cholangiocarcinoma	NA	NA	NA	NA	NA	4.6	4	5.8	92	0	NA	Lobectomy	0.2	0:DiseaseFree	NA	NA	NOT HISPANIC OR LATINO	NA	NA	NO	4/18/14	0.3209	G2	170	Mild	Hepatocholangiocarcinoma (Mixed)	Alcohol consumption	No	No	C22.0	8180/3	C22.0	YES	NO	NA	NA	NA	50	NO	TRUE	HCCIHCH	0.2	0:LIVING	NA	NA	8778DC9E-A7DB-4464-A8AF-11ADDB5E441A	6B015154-D6C7-4AA4-B631-45439CECFB97	TCGA-ED-A97K.518E0619-1C4F-475C-904E-009300CF1768.pdf	518E0619-1C4F-475C-904E-009300CF1768	NA	264	150	400	NA	YES	0.3	0.9	1.3	ASIAN	NO	R0	NO	1	1650	Primary	1	3.8	5.1	8	Male	NA	Liver	Matched	NA	NA	NA	NA	NA	NA	ED	1.666666667	TUMOR FREE	Micro	A	64	2013
lihc_tcga	TCGA-EP-A12J	TCGA-EP-A12J-01	NA	NA	NA	NA	62	MX	NX	Stage I	7th	T1	0.4	0.2	1	Hepatobiliary Cancer	Hepatocellular Carcinoma	B	NA	NA	NA	NA	0.8	0.7	1.3	59	0	NA	Segmentectomy, Single	18.73	0:DiseaseFree	NA	NA	NOT HISPANIC OR LATINO	NA	1	YES	3/31/11	0.1981	G1	173	NA	Hepatocellular Carcinoma	Hepatitis C	No	No	C22.0	8170/3	C22.0	YES	NO	NA	NA	NA	53	NA	FALSE	HCC	18.73	0:LIVING	Sarcoidosis	NA	959918d7-cb84-4745-a72f-d138176b1ecb	9d2fd2fd-b53a-4dbd-ace1-278e53f629af	TCGA-EP-A12J.CC7D4052-0068-425B-A5C3-873059716D44.pdf	CC7D4052-0068-425B-A5C3-873059716D44	NA	187	150	400	NA	YES	NA	1.1	NA	BLACK OR AFRICAN AMERICAN	NA	R0	NO	1	300	Primary	1	3.8	5.1	4.2	Male	NA	Liver	Matched	NA	NA	NA	NA	NA	NA	EP	1.7	TUMOR FREE	None	A	NA	2010
lihc_tcga	TCGA-EP-A26S	TCGA-EP-A26S-01	NA	NA	0	NA	70	MX	N0	Stage I	7th	T1	0.4	0.2	1	Hepatobiliary Cancer	Hepatocellular Carcinoma	NA	NA	NA	NA	NA	NA	NA	NA	91	0	NA	Segmentectomy, Single	19.97	0:DiseaseFree	NA	1	NOT HISPANIC OR LATINO	NA	NA	NO	7/19/11	0.0845	G2	168	Mild	Hepatocellular Carcinoma	Alcohol consumption	No	No	C22.0	8170/3	C22.0	YES	NO	0 - No Fibrosis	NA	NA	64	NA	FALSE	HCC	19.97	0:LIVING	NA	NA	B7D6621C-8BCE-4A01-8588-9D7761D9372B	A0B2FF38-E6BF-4F27-98AB-5CF924B0E236	TCGA-EP-A26S.078A6815-B1E3-47F5-A49B-C06B7D47F5E8.pdf	078A6815-B1E3-47F5-A49B-C06B7D47F5E8	NA	234	140	415	NA	YES	9.5	12.9	12.5	WHITE	NA	NA	NO	1	520	Primary	1	3.8	5.1	3.5	Male	NA	Liver	Matched	NA	NA	NA	NA	NA	NA	EP	2.133333333	TUMOR FREE	None	A	41	2011
lihc_tcga	TCGA-EP-A2KA	TCGA-EP-A2KA-01	NA	13	0	NA	52	MX	NX	Stage IIIA	7th	T3a	NA	NA	NA	Hepatobiliary Cancer	Hepatocellular Carcinoma	NA	NA	NA	NA	NA	0.7	NA	1	106	0	NA	Lobectomy	14.22	1:Recurred/Progressed	NA	0	NOT HISPANIC OR LATINO	NA	2	YES	10/18/11	0.2531	G3	178	NA	Hepatocellular Carcinoma	No History of Primary Risk Factors	No	No	C22.0	8170/3	C22.0	YES	NO	1,2 - Portal Fibrosis	NA	NA	762	NA	FALSE	HCC	20.6	1:DECEASED	NA	NA	440375D7-CDCD-418A-8992-0A8CA42D290D	E6E1BF11-DA29-4052-85A1-584401F0FA3D	TCGA-EP-A2KA.CCEFF8C5-E949-4F3F-93DA-67ECF5503C1C.pdf	CCEFF8C5-E949-4F3F-93DA-67ECF5503C1C	NA	435	140	415	NA	YES	NA	NA	NA	WHITE	NA	R0	NO	1	400	Primary	1	NA	NA	NA	Female	NA	Liver	Matched	NA	NA	NA	NA	NA	NA	EP	25.46666667	NA	NA	A	NA	2011
lihc_tcga	TCGA-EP-A2KB	TCGA-EP-A2KB-01	NA	2128	0	9	46	MX	NX	Stage I	7th	T1	1.4	0.2	1	Hepatobiliary Cancer	Hepatocellular Carcinoma	A	NA	NA	NA	NA	NA	NA	1	50	0	NA	Other (specify)	5.29	1:Recurred/Progressed	NA	1	NOT HISPANIC OR LATINO	NA	NA	NO	9/26/11	0.6426	G2	165	NA	Hepatocellular Carcinoma	Hepatitis C	No	No	C22.0	8170/3	C22.0	YES	NO	NA	NA	NA	568	NA	FALSE	HCC	19.58	1:DECEASED	Cirrhosis, Alcohol abuse	NA	18C08546-BED3-4ED9-B223-479AFE633C8E	E2895132-DA4F-4DB5-B417-510E99FCE776	TCGA-EP-A2KB.DF650AE0-E9E8-48A7-8D39-88A3F7EC2AC7.pdf	DF650AE0-E9E8-48A7-8D39-88A3F7EC2AC7	NA	133	140	415	NA	YES	NA	1.4	NA	WHITE	NA	R0	NO	1	1210	Primary	1	3.8	5.1	3.8	Female	NA	Liver	Matched	NA	NA	NA	NA	NA	NA	EP	18.76666667	TUMOR FREE	None	A	81	2011
lihc_tcga	TCGA-EP-A2KC	TCGA-EP-A2KC-01	NA	43	0	NA	62	MX	NX	Stage I	7th	T1	NA	NA	NA	Hepatobiliary Cancer	Hepatocellular Carcinoma	A	NA	NA	NA	NA	NA	NA	NA	30	0	NA	Segmentectomy, Single	NA	NA	NA	0	NOT HISPANIC OR LATINO	NA	NA	NO	10/5/11	0.3777	G3	171	NA	Hepatocellular Carcinoma	Hepatitis C	No	No	C22.0	8170/3	C22.0	YES	NO	NA	NA	NA	49	NA	FALSE	HCC	0.62	1:DECEASED	Liver Cirrhosis, Moderate alcohol use on weekends	NA	71681DB9-FA90-4FE1-A497-67D501EB75F0	E3E1E85E-585F-4A19-B972-6119F1E39237	TCGA-EP-A2KC.F45A4E99-3856-4455-BF21-B767A0A4FA82.pdf	F45A4E99-3856-4455-BF21-B767A0A4FA82	NA	193	140	415	NA	YES	0.8	1.1	1.2	BLACK OR AFRICAN AMERICAN	NA	R0	NO	1	260	Primary	1	3.6	4.8	3.1	Male	NA	Liver	Matched	NA	NA	NA	NA	NA	NA	EP	1.6	TUMOR FREE	None	A	NA	2011
lihc_tcga	TCGA-EP-A3JL	TCGA-EP-A3JL-01	NA	13	0	9	76	MX	NX	Stage I	7th	T1	0.6	0	1.2	Hepatobiliary Cancer	Hepatocellular Carcinoma	A	NA	NA	NA	NA	NA	0.6	1.1	22	0	NA	Other (specify)	9.95	0:DiseaseFree	NA	0	NOT HISPANIC OR LATINO	NA	NA	NO	3/19/12	0.1861	G2	168	NA	Hepatocellular Carcinoma	Alcohol consumption	No	Yes	C22.0	8170/3	C22.0	YES	NO	NA	NA	NA	74	NA	FALSE	HCC	9.95	0:LIVING	NA	NA	A196A937-B17D-4D4A-965B-8AF0F4F41367	93612BCD-F1D2-44DD-8ABF-7DA2865878CE	TCGA-EP-A3JL.B277ACF9-B233-474B-975A-52FDE44F27E3.pdf	B277ACF9-B233-474B-975A-52FDE44F27E3	NA	149	130	386	NA	YES	0.9	NA	1.1	WHITE	NA	NA	NO	1	570	Primary	1	3.2	4.8	4.1	Male	NA	Liver	Matched	NA	NA	NA	NA	NA	NA	EP	2.433333333	TUMOR FREE	None	A	73	2011
lihc_tcga	TCGA-EP-A3RK	TCGA-EP-A3RK-01	NA	7	0	NA	73	MX	NX	Stage IIIA	7th	T3a	0.6	0	1.2	Hepatobiliary Cancer	Hepatocellular Carcinoma	A	NA	NA	NA	NA	NA	NA	NA	14	0	NA	Other (specify)	10.51	1:Recurred/Progressed	NA	0	NOT HISPANIC OR LATINO	NA	NA	NO	5/15/12	0.2332	G2	178	NA	Hepatocellular Carcinoma	Alcohol consumption	No	No	C22.0	8170/3	C22.0	YES	NO	1,2 - Portal Fibrosis	NA	NA	35	NA	FALSE	HCC	11.93	0:LIVING	NA	NA	F15279DD-5D12-460B-9BD1-B4F95681CA65	253DA6EE-8786-4A20-A0DC-58816A8A9C39	TCGA-EP-A3RK.49F4E752-EFBE-458F-85C0-1B81B9506D91.pdf	49F4E752-EFBE-458F-85C0-1B81B9506D91	NA	234	140	415	NA	YES	0.9	1.1	1.2	WHITE	NA	NA	NO	1	1040	Primary	1	3.5	4.8	4.3	Male	NA	Liver	Matched	NA	NA	NA	NA	NA	NA	EP	1.133333333	TUMOR FREE	NA	A	101	2012
lihc_tcga	TCGA-ES-A2HS	TCGA-ES-A2HS-01	NA	1	0	8	80	MX	NX	Stage I	6th	T1	1.9	0	1	Hepatobiliary Cancer	Hepatocellular Carcinoma	A	NA	NA	NA	NA	0.6	0.8	1.2	1113	0	NA	Segmentectomy, Single	NA	NA	NA	1	NOT HISPANIC OR LATINO	NA	0	NO	9/28/11	0.3659	G2	180	Mild	Hepatocellular Carcinoma	No History of Primary Risk Factors	No	Yes	C22.0	8170/3	C22.0	YES	NO	0 - No Fibrosis	NA	NA	685	NA	TRUE	HCC	22.6	1:DECEASED	No	NA	728AEDB3-551A-4C16-9BE3-7733A9539E9E	A06FE860-8D5F-4ED0-B7FC-72F74567FB7E	TCGA-ES-A2HS.53AB28EC-71C0-4AF0-93DA-FE72CD7FE19B.pdf	53AB28EC-71C0-4AF0-93DA-FE72CD7FE19B	NA	119	150	450	NA	NO	0.8	1.3	1.2	WHITE	NA	R0	YES	1	320	Primary	1	3.5	5	3.8	Male	NA	Liver	Matched	NA	NA	NA	NA	NA	NA	ES	22.86666667	TUMOR FREE	None	A	97	2008
lihc_tcga	TCGA-ES-A2HT	TCGA-ES-A2HT-01	NA	4	0	10	54	MX	NX	Stage I	6th	T1	0.6	0	1	Hepatobiliary Cancer	Hepatocellular Carcinoma	A	NA	NA	NA	NA	0.7	0.8	1.2	1392	0	NA	Segmentectomy, Multiple	NA	NA	NA	1	NOT HISPANIC OR LATINO	NA	0	NO	9/30/11	0.1469	G2	174	Mild	Hepatocellular Carcinoma	Hepatitis C	No	No	C22.0	8170/3	C22.0	YES	NO	0 - No Fibrosis	NA	NA	705	NA	TRUE	HCC	14.39	1:DECEASED	no	NA	7DD3BDA9-3A0A-46FA-B052-A6D24B847804	9B68C72D-30D4-4A7A-ADE7-A2BDE50A84F2	TCGA-ES-A2HT.FF97C711-0686-480B-BC53-3CADCAA4C4C1.pdf	FF97C711-0686-480B-BC53-3CADCAA4C4C1	NA	135	150	450	NA	NO	0.3	1.1	1.1	BLACK OR AFRICAN AMERICAN	NA	R0	YES	1	340	Primary	1	3.5	5	4.1	Male	NA	Liver	Matched	NA	NA	NA	NA	NA	NA	ES	23.36666667	TUMOR FREE	None	A	80	2007
lihc_tcga	TCGA-FV-A23B	TCGA-FV-A23B-01	NA	NA	NA	NA	70	M0	N0	Stage II	6th	T2	NA	NA	NA	Hepatobiliary Cancer	Hepatocellular Carcinoma	NA	NA	NA	NA	NA	NA	NA	NA	2030	0	NA	Other (specify)	47.73	1:Recurred/Progressed	NA	NA	NOT HISPANIC OR LATINO	NA	NA	NA	7/18/11	0.2019	NA	NA	NA	Hepatocellular Carcinoma	Hepatitis C	No	No	C22.0	8170/3	C22.0	YES	NO	NA	NA	NA	46	NA	FALSE	HCC	60.84	1:DECEASED	NA	NA	C95ED407-BCC2-44AA-BC59-BF7549F2D665	D056433D-C3E2-467A-8151-DDF2A6D8683A	TCGA-FV-A23B.82010944-23DA-4FC5-934B-05AB3C238467.pdf	82010944-23DA-4FC5-934B-05AB3C238467	NA	NA	NA	NA	NA	NO	NA	NA	NA	WHITE	NA	R0	YES	1	110	Primary	1	NA	NA	NA	Female	NA	Liver	Matched	NA	NA	NA	NA	NA	NA	FV	1.566666667	TUMOR FREE	NA	A	NA	2005
lihc_tcga	TCGA-FV-A2QQ	TCGA-FV-A2QQ-01	NA	NA	NA	NA	80	MX	N0	Stage I	7th	T1	NA	NA	NA	Hepatobiliary Cancer	Hepatocellular Carcinoma	NA	NA	NA	NA	NA	NA	NA	NA	71	0	NA	Segmentectomy, Multiple	23.95	0:DiseaseFree	NA	NA	NOT HISPANIC OR LATINO	NA	NA	NA	10/1/12	0.1404	G2	NA	NA	Hepatocellular Carcinoma	Alcohol consumption	No	No	C22.0	8170/3	C22.0	YES	NO	NA	NA	NA	88	NO	FALSE	HCC	23.95	0:LIVING	NA	NA	D680DF09-368E-42B5-B540-45C41ED31042	A0096AF4-ABD3-4F6E-A6AC-2CF2E57C7BD9	TCGA-FV-A2QQ.350B10AF-C17B-41DA-BB21-A672DBB683B2.pdf	350B10AF-C17B-41DA-BB21-A672DBB683B2	NA	NA	NA	NA	NA	YES	NA	NA	NA	WHITE	NA	R0	NO	1	150	Primary	1	NA	NA	NA	Male	NA	Liver	Matched	NA	NA	NA	NA	NA	NA	FV	2.933333333	TUMOR FREE	None	A	NA	2011
lihc_tcga	TCGA-FV-A2QR	TCGA-FV-A2QR-01	NA	NA	NA	NA	75	M0	N0	Stage I	6th	T1	NA	NA	NA	Hepatobiliary Cancer	Hepatocellular Carcinoma	NA	NA	NA	NA	NA	NA	NA	NA	1764	0	NA	Lobectomy	18.43	1:Recurred/Progressed	NA	NA	NOT HISPANIC OR LATINO	NA	1	YES	2/9/12	0.2591	G1	NA	NA	Hepatocellular Carcinoma	Other	No	No	C22.0	8170/3	C22.0	YES	NO	NA	NA	NA	343	NA	FALSE	HCC	19.09	1:DECEASED	Male, IDDM for 30+years	NA	D3A03F7A-3482-4548-957E-05C692B20101	5E6E2C83-3102-4130-98AA-167C8BE39120	TCGA-FV-A2QR.DE38B13D-FD4D-4077-ADBE-D034C2F5F003.pdf	DE38B13D-FD4D-4077-ADBE-D034C2F5F003	NA	NA	NA	NA	NA	NO	NA	NA	NA	WHITE	NA	RX	YES	1	100	Primary	1	NA	NA	NA	Male	NA	Liver	Matched	NA	NA	NA	NA	NA	NA	FV	11.36666667	WITH TUMOR	NA	A	NA	2006
lihc_tcga	TCGA-FV-A3I0	TCGA-FV-A3I0-01	NA	NA	NA	NA	76	M0	NX	Stage II	7th	T2	0.4	NA	NA	Hepatobiliary Cancer	Hepatocellular Carcinoma plus Intrahepatic Cholangiocarcinoma	NA	NA	NA	NA	NA	NA	NA	NA	70	0	NA	Lobectomy	5.22	1:Recurred/Progressed	NA	NA	NOT HISPANIC OR LATINO	NA	NA	NA	4/16/12	0.3727	G2	NA	NA	Hepatocholangiocarcinoma (Mixed)	No History of Primary Risk Factors	No	No	C22.0	8171/3	C22.0	YES	NO	NA	NA	NA	60	NA	FALSE	HCCIHCH	27.86	0:LIVING	NA	NA	A8C2AA08-9156-4845-AD77-5E060858C757	810D65B3-59D9-4815-AA41-0C21A0D17AC2	TCGA-FV-A3I0.B4DB59E9-FFBB-4716-9235-90A1DF17455B.pdf	B4DB59E9-FFBB-4716-9235-90A1DF17455B	NA	NA	NA	NA	NA	YES	NA	NA	NA	WHITE	NA	R0	NO	1	190	Primary	1	NA	NA	4.4	Female	NA	Liver	Matched	NA	NA	NA	NA	NA	NA	FV	1.933333333	TUMOR FREE	Micro	A	NA	2011
lihc_tcga	TCGA-FV-A3I1	TCGA-FV-A3I1-01	NA	NA	NA	NA	81	MX	N0	Stage II	7th	T2	NA	NA	NA	Hepatobiliary Cancer	Hepatocellular Carcinoma	NA	NA	NA	NA	NA	NA	NA	NA	76	0	NA	Segmentectomy, Multiple	NA	NA	NA	NA	NOT HISPANIC OR LATINO	NA	NA	NO	4/16/12	0.2630	G2	NA	NA	Hepatocellular Carcinoma	Alcohol consumption	No	Yes	C22.0	8170/3	C22.0	YES	NO	0 - No Fibrosis	NA	NA	53	NA	FALSE	HCC	8.11	1:DECEASED	NA	NA	BFD20D71-18A5-4F01-8D56-84378AD92359	A744BE68-D008-4847-A11D-89918A419A5F	TCGA-FV-A3I1.B40A8E73-2904-4C68-B2AD-6FC27211654B.pdf	B40A8E73-2904-4C68-B2AD-6FC27211654B	NA	NA	NA	NA	NA	YES	NA	NA	NA	WHITE	NA	R0	NO	1	70	Primary	1	NA	NA	NA	Female	NA	Liver	Matched	NA	NA	NA	NA	NA	NA	FV	1.766666667	TUMOR FREE	Micro	A	NA	2011
lihc_tcga	TCGA-FV-A3R2	TCGA-FV-A3R2-01	NO	NA	NA	NA	75	MX	NX	Stage I	6th	T1	NA	NA	NA	Hepatobiliary Cancer	Hepatocellular Carcinoma	NA	NA	NA	NA	NA	NA	NA	NA	2555	0	NA	Segmentectomy, Multiple	NA	NA	NA	NA	NOT HISPANIC OR LATINO	NA	4	YES	9/24/12	0.4018	NA	NA	NA	Hepatocellular Carcinoma	No History of Primary Risk Factors	No	Yes	C22.0	8170/3	C22.0	YES	NO	NA	NA	NA	53	NO	TRUE	HCC	6.37	1:DECEASED	NA	NA	17833039-0D7E-47F0-90E6-8CABAE94C124	04BECA9F-830C-4CA8-A947-1BF2D7DF1B26	TCGA-FV-A3R2.6F330991-CD7E-4387-AFE8-B9C6C8D98396.pdf	6F330991-CD7E-4387-AFE8-B9C6C8D98396	YES	NA	NA	NA	NA	NO	NA	NA	NA	WHITE	NO	R0	YES	1	120	Primary	1	NA	NA	NA	Male	NA	Liver	Matched	NA	NA	NA	NA	NA	NA	FV	1.766666667	TUMOR FREE	NA	A	75	2005
lihc_tcga	TCGA-FV-A3R3	TCGA-FV-A3R3-01	NA	NA	NA	NA	38	MX	NX	Stage I	7th	T1	0.4	0	1	Hepatobiliary Cancer	Hepatocellular Carcinoma	NA	NA	NA	NA	NA	1.3	0.6	1.3	28	0	NA	Other (specify)	NA	NA	NA	1	NOT HISPANIC OR LATINO	NA	NA	NO	9/25/12	0.0882	G2	161	NA	Hepatocellular Carcinoma	No History of Primary Risk Factors	No	No	C22.0	8170/3	C22.0	YES	NO	NA	NA	NA	29	NO	TRUE	HCC	12.02	1:DECEASED	NA	NA	3DD7C93D-8194-44EE-8014-10DD81EF6441	8ABDA02F-AEDF-4599-9407-E253207D5D4C	TCGA-FV-A3R3.FF0E1601-BC87-4E61-95BE-1776C9F85002.pdf	FF0E1601-BC87-4E61-95BE-1776C9F85002	NA	323	150	450	NA	YES	9.5	10.7	11.9	WHITE	NA	R0	NO	1	90	Primary	1	3.4	5	2	Female	NA	Liver	Matched	NA	NA	NA	NA	NA	NA	FV	0.966666667	TUMOR FREE	None	A	97	2012
lihc_tcga	TCGA-FV-A495	TCGA-FV-A495-01	NA	39	0	8	51	M0	NX	Stage II	7th	T2	1	0.3	1.9	Hepatobiliary Cancer	Hepatocellular Carcinoma	NA	NA	NA	NA	NA	1	0.6	1.1	56	0	NA	Segmentectomy, Multiple	0.03	0:DiseaseFree	NA	NA	NOT HISPANIC OR LATINO	NA	1	YES	2/21/13	0.1940	G2	172	Mild	Hepatocellular Carcinoma	Hepatitis C	No	No	C22.0	8170/3	C22.0	YES	NO	3,4 - Fibrous Speta	NA	NA	81	NO	FALSE	HCC	0.03	0:LIVING	NA	NA	BD48FA5E-0152-46F0-A4FA-8CF723FF2DCD	B7FC877D-6055-4A28-BBDF-50CE7236B7BF	TCGA-FV-A495.99D80D8A-88F7-445D-9B87-9B4B96C3C010.pdf	99D80D8A-88F7-445D-9B87-9B4B96C3C010	NA	258	140	440	NA	YES	NA	NA	NA	WHITE	NA	R0	NO	1	70	Primary	1	3.8	5	4	Female	NA	Liver	Matched	NA	NA	NA	NA	NA	NA	FV	2.666666667	TUMOR FREE	None	A	70	2012
lihc_tcga	TCGA-FV-A496	TCGA-FV-A496-01	NA	67	0	8	84	M0	NX	Stage I	7th	T1	0.9	0.3	1.9	Hepatobiliary Cancer	Hepatocellular Carcinoma	NA	NA	NA	NA	NA	1	0.9	1.1	51	0	NA	Segmentectomy, Multiple	0.33	0:DiseaseFree	NA	NA	NOT HISPANIC OR LATINO	NA	3	YES	2/21/13	0.4553	G2	162	None	Hepatocellular Carcinoma	No History of Primary Risk Factors	No	No	C22.0	8170/3	C22.0	YES	NO	0 - No Fibrosis	NA	NA	102	NO	FALSE	HCC	0.33	0:LIVING	NA	NA	8AFA3140-DCBD-44C0-AB13-4ADA6A0444D4	FD1E3B28-C143-4EF6-A699-3A61CB20A5ED	TCGA-FV-A496.358A0018-5731-45D3-97B8-502A3BF95FA8.pdf	358A0018-5731-45D3-97B8-502A3BF95FA8	NA	167	140	440	NA	YES	0.9	1	1.1	WHITE	NA	R0	NO	1	70	Primary	1	3.8	5	2.8	Female	NA	Liver	Matched	NA	NA	NA	NA	NA	NA	FV	3.4	TUMOR FREE	None	A	54	2012
lihc_tcga	TCGA-FV-A4ZP	TCGA-FV-A4ZP-01	NA	20326	NA	NA	78	M0	NX	Stage IIIA	6th	T3	NA	NA	NA	Hepatobiliary Cancer	Hepatocellular Carcinoma	NA	NA	NA	NA	NA	NA	NA	NA	2519	0	NA	Segmentectomy, Single	NA	NA	NA	NA	NOT HISPANIC OR LATINO	NA	NA	NA	3/15/13	0.5099	G2	168	NA	Hepatocellular Carcinoma	Alcohol consumption	No	Yes	C22.0	8170/3	C22.0	YES	NO	NA	NA	NA	58	NO	FALSE	HCC	81.67	1:DECEASED	NA	NA	5C08008D-5ED4-4480-BD00-C8A2D8C787DC	856AE98C-CE7B-4436-922B-BF76456A5EDD	TCGA-FV-A4ZP.B6B41E65-9EFD-4F60-A4F0-68270AC39D15.pdf	B6B41E65-9EFD-4F60-A4F0-68270AC39D15	NA	NA	NA	NA	NA	NO	NA	NA	NA	WHITE	NA	R1	YES	1	210	Primary	1	NA	NA	NA	Male	NA	Liver	Matched	NA	NA	NA	NA	NA	NA	FV	1.866666667	TUMOR FREE	Micro	A	69	2005
lihc_tcga	TCGA-FV-A4ZQ	TCGA-FV-A4ZQ-01	NA	NA	NA	NA	52	M0	NX	Stage I	7th	T1	1.8	0.2	1.2	Hepatobiliary Cancer	Hepatocellular Carcinoma	NA	NA	NA	NA	NA	1	0.7	1	224	0	NA	Segmentectomy, Single	0.39	0:DiseaseFree	NA	NA	NOT HISPANIC OR LATINO	NA	NA	NA	3/15/13	0.2896	G2	NA	NA	Hepatocellular Carcinoma	Hepatitis C	No	No	C22.0	8170/3	C22.0	YES	NO	NA	NA	NA	67	NO	FALSE	HCC	0.39	0:LIVING	NA	NA	65E430E1-0C9A-4045-83A9-653B7CFF811D	56DAAD30-A336-4311-9FEB-26CF3E48C734	TCGA-FV-A4ZQ.C0B03F38-09C0-4B87-94BC-E2E8D9F7F922.pdf	C0B03F38-09C0-4B87-94BC-E2E8D9F7F922	NA	NA	NA	NA	NA	YES	2	1.1	3	WHITE	NA	R0	NO	1	160	Primary	1	3.8	5	2.4	Male	NA	Liver	Matched	NA	NA	NA	NA	NA	NA	FV	2.233333333	TUMOR FREE	None	A	NA	2012
lihc_tcga	TCGA-G3-A25S	TCGA-G3-A25S-01	NA	281	0	10	64	M0	N0	Stage I	6th	T1	1.2	0	1.4	Hepatobiliary Cancer	Hepatocellular Carcinoma	A	NA	NA	NA	NA	1	0.6	1.4	707	0	NA	Extended Lobectomy	1.22	1:Recurred/Progressed	NA	1	NOT HISPANIC OR LATINO	NA	0	NO	7/27/11	0.5349	G2	166	Mild	Hepatocellular Carcinoma	Alcohol consumption	No	No	C22.0	8170/3	C22.0	YES	NO	6 - Established Cirrhosis	NA	NA	71	NA	TRUE	HCC	13.67	1:DECEASED	NA	NA	B865DEC4-F051-4FBE-9405-F832FF2010D7	D12BE3F6-68BC-4583-9478-FC01A0EB9387	TCGA-G3-A25S.F4DAEF13-D4B0-4C12-9617-04878D3FC98D.pdf	F4DAEF13-D4B0-4C12-9617-04878D3FC98D	NA	313	150	400	NA	NO	0.9	1	1.1	WHITE	NA	R1	YES	1	480	Primary	1	0.3	0.5	0.4	Male	NA	Liver	Matched	NA	NA	NA	NA	NA	NA	G3	2.333333333	WITH TUMOR	Micro	A	73	2009
lihc_tcga	TCGA-G3-A25T	TCGA-G3-A25T-01	NA	7	0	10	45	M0	N0	Stage IIIA	6th	T3	2	0	1.4	Hepatobiliary Cancer	Hepatocellular Carcinoma	A	NA	NA	NA	NA	0.7	0.4	1.4	1224	0	NA	Lobectomy	14.85	1:Recurred/Progressed	NA	0	NOT HISPANIC OR LATINO	NA	NA	NO	7/27/11	0.2700	G2	167	None	Hepatocellular Carcinoma	Hepatitis C	No	No	C22.0	8170/3	C22.0	YES	NO	0 - No Fibrosis	NA	NA	21	NA	TRUE	HCC	51.02	0:LIVING	NA	NA	F6E5979D-D6A9-4408-BD1B-1B37D1064E83	D42D6E07-8E0E-4345-B1B9-1B8B4574D042	TCGA-G3-A25T.BC6447AE-5740-437A-987E-5ECB891667FE.pdf	BC6447AE-5740-437A-987E-5ECB891667FE	NA	306	150	400	NA	NO	0.9	1.1	1.1	WHITE	NA	R0	YES	1	70	Primary	1	0.3	0.5	0.4	Female	NA	Liver	Matched	NA	NA	NA	NA	NA	NA	G3	0.666666667	TUMOR FREE	None	A	64	2007
lihc_tcga	TCGA-G3-A25U	TCGA-G3-A25U-01	NA	10	0	10	63	M0	N0	Stage I	6th	T1	0.3	0	1.2	Hepatobiliary Cancer	Hepatocellular Carcinoma	A	NA	NA	NA	NA	0.5	0.4	1.1	1281	0	NA	Lobectomy	53.75	0:DiseaseFree	NA	0	NOT HISPANIC OR LATINO	NA	NA	NO	7/27/11	0.2470	G3	153	Mild	Hepatocellular Carcinoma	Hepatitis B	No	No	C22.0	8170/3	C22.0	YES	NO	0 - No Fibrosis	NA	NA	33	NA	TRUE	HCC	53.75	0:LIVING	NA	NA	B9835DC5-BF31-4541-A973-E8CA802D80BA	824E95B4-5D35-4B11-B320-FCF96E78AD10	TCGA-G3-A25U.2781ABF5-FC79-4973-BE15-037BC685FAFC.pdf	2781ABF5-FC79-4973-BE15-037BC685FAFC	NA	113	150	400	NA	NO	0.9	1	1.1	ASIAN	NA	R0	YES	1	350	Primary	1	0.3	0.5	0.3	Female	NA	Liver	Matched	NA	NA	NA	NA	NA	NA	G3	1.1	TUMOR FREE	None	A	47	2007
lihc_tcga	TCGA-G3-A25V	TCGA-G3-A25V-01	NA	15	0	10	68	M0	N0	Stage I	7th	T1	0.6	0	1.4	Hepatobiliary Cancer	Hepatocellular Carcinoma	A	NA	NA	NA	NA	0.7	0.6	1.4	223	0	NA	Segmentectomy, Single	16.06	1:Recurred/Progressed	NA	2	NOT HISPANIC OR LATINO	NA	0	NO	7/27/11	0.0017	G2	187	None	Hepatocellular Carcinoma	Alcohol consumption	No	No	C22.0	8170/3	C22.0	YES	NO	6 - Established Cirrhosis	NA	NA	21	NA	FALSE	HCC	28.25	0:LIVING	NA	NA	F435EC00-0DB8-46B4-96BF-890A9D931DF3	634AB666-0845-4B62-A2A1-ABD408D8B829	TCGA-G3-A25V.F52224B9-1FAF-4F71-B017-22AAEBA8F75D.pdf	F52224B9-1FAF-4F71-B017-22AAEBA8F75D	NA	139	150	400	NA	NO	0.9	1.1	1.1	WHITE	NA	R0	YES	1	100	Primary	1	0.3	0.5	0.4	Male	NA	Liver	Matched	NA	NA	NA	NA	NA	NA	G3	0.7	TUMOR FREE	None	A	90	2010
lihc_tcga	TCGA-G3-A25W	TCGA-G3-A25W-01	NA	6	0	9	79	M0	N0	Stage IIIB	7th	T3b	0.3	0	1.2	Hepatobiliary Cancer	Hepatocellular Carcinoma	A	NA	NA	NA	NA	1.5	0.4	1.1	419	0	NA	Segmentectomy, Single	30.72	0:DiseaseFree	NA	0	NOT HISPANIC OR LATINO	NA	3	YES	7/27/11	0.1229	G2	157	None	Hepatocellular Carcinoma	No History of Primary Risk Factors	No	Yes	C22.0	8170/3	C22.0	YES	NO	0 - No Fibrosis	NA	NA	35	NA	TRUE	HCC	30.72	0:LIVING	NA	NA	06AC44E9-1226-4202-828B-6F224766D7AC	859CDE68-B3BB-4867-BCED-C016BFAFFDE9	TCGA-G3-A25W.F92FE7A0-15D4-45FD-BB39-E3022E30EB77.pdf	F92FE7A0-15D4-45FD-BB39-E3022E30EB77	NA	308	150	400	NA	NO	0.8	0.9	1.2	WHITE	NA	R0	YES	1	260	Primary	1	0.3	0.5	0.4	Female	NA	Liver	Matched	NA	NA	NA	NA	NA	NA	G3	1.166666667	TUMOR FREE	Macro	A	48	2010
lihc_tcga	TCGA-G3-A25Y	TCGA-G3-A25Y-01	NA	35	0	10	52	M0	N0	Stage I	6th	T1	0.7	0	1.2	Hepatobiliary Cancer	Hepatocellular Carcinoma	A	NA	NA	NA	NA	0.6	0.4	1.1	1595	0	NA	Segmentectomy, Multiple	11.66	1:Recurred/Progressed	NA	0	NOT HISPANIC OR LATINO	NA	NA	NO	7/27/11	0.2465	G3	158	Mild	Hepatocellular Carcinoma	Hepatitis B	No	No	C22.0	8170/3	C22.0	YES	NO	3,4 - Fibrous Speta	NA	NA	46	NA	TRUE	HCC	14.85	1:DECEASED	NA	NA	239B4298-B090-480A-A19F-9758A827AA30	433DF923-691A-41F8-8718-6F9783F59873	TCGA-G3-A25Y.5AEEF060-BA18-416A-BE3F-604891A9A6D2.pdf	5AEEF060-BA18-416A-BE3F-604891A9A6D2	NA	166	150	400	NA	NO	0.9	1.1	1.1	ASIAN	NA	R0	YES	1	440	Primary	1	0.3	0.5	0.4	Female	NA	Liver	Matched	NA	NA	NA	NA	NA	NA	G3	1.566666667	WITH TUMOR	None	A	57	2006
lihc_tcga	TCGA-G3-A25Z	TCGA-G3-A25Z-01	NA	44	0	15	58	M0	N0	Stage I	7th	T1	0.9	0	1.4	Hepatobiliary Cancer	Hepatocellular Carcinoma	A	NA	NA	NA	NA	1.1	0.6	1.4	233	0	NA	Segmentectomy, Multiple	21.52	0:DiseaseFree	NA	0	NOT HISPANIC OR LATINO	NA	1	YES	7/27/11	0.3118	G2	173	Mild	Hepatocellular Carcinoma	Hepatitis B	No	No	C22.0	8170/3	C22.0	YES	NO	5 - Nodular Formation and Incomplete Cirrhosis	NA	NA	48	NA	TRUE	HCC	21.52	0:LIVING	NA	NA	2F3D22AD-6917-4189-89D9-2A06C2D2DE0A	6FA5E58B-6BC3-4B13-B76D-92BCB28DC908	TCGA-G3-A25Z.001A2553-3F5F-4A74-88E6-03B42C061E6D.pdf	001A2553-3F5F-4A74-88E6-03B42C061E6D	NA	115	150	400	NA	NO	0.9	1	1.1	ASIAN	NA	R0	YES	1	300	Primary	1	0.3	0.5	0.4	Male	NA	Liver	Matched	NA	NA	NA	NA	NA	NA	G3	1.6	TUMOR FREE	None	A	69	2010
lihc_tcga	TCGA-G3-A3CG	TCGA-G3-A3CG-01	NA	67	0	10	80	M0	N0	Stage I	7th	T1	0.3	0.3	1.4	Hepatobiliary Cancer	Hepatocellular Carcinoma	A	NA	NA	NA	NA	0.9	0.6	1.4	261	0	NA	Lobectomy	10.81	1:Recurred/Progressed	NA	1	NOT HISPANIC OR LATINO	NA	NA	NO	1/27/12	0.1924	G2	168	Severe	Hepatocellular Carcinoma	Hepatitis C	Yes	Yes	C22.0	8170/3	C22.0	YES	NO	6 - Established Cirrhosis	NA	NA	305	NA	FALSE	HCC	22.11	0:LIVING	NA	NA	8A14D153-BBF7-4512-A067-976EDFB65F91	D02DEECE-D8BC-4614-AC26-60A4282FDB07	TCGA-G3-A3CG.6E2F9CE1-6D48-42DF-8737-64ED53BF8646.pdf	6E2F9CE1-6D48-42DF-8737-64ED53BF8646	NA	131	150	400	NA	NO	0.9	1.1	1.1	WHITE	NA	R1	YES	1	270	Primary	1	0.3	0.5	0.4	Male	NA	Liver	Matched	NA	NA	NA	NA	NA	NA	G3	10.13333333	TUMOR FREE	Micro	A	93	2011
lihc_tcga	TCGA-G3-A3CH	TCGA-G3-A3CH-01	NA	41	0	10	53	M0	N0	Stage IIIA	7th	T3a	0.7	0	1.4	Hepatobiliary Cancer	Hepatocellular Carcinoma	A	NA	NA	NA	NA	0.9	0.6	1.4	296	0	NA	Segmentectomy, Multiple	18.33	1:Recurred/Progressed	NA	0	NOT HISPANIC OR LATINO	NA	NA	NO	1/11/12	0.1347	G2	178	Severe	Hepatocellular Carcinoma	Hepatitis B	No	No	C22.0	8170/3	C22.0	YES	NO	6 - Established Cirrhosis	NA	NA	33	NA	FALSE	HCC	25.62	0:LIVING	NA	NA	3A2D7482-C246-411E-841F-71D96E353328	4621932D-AA60-4886-8ED4-3A34EDD8BAF4	TCGA-G3-A3CH.735AAE4A-21E1-4481-9D86-385CCE5712D1.pdf	735AAE4A-21E1-4481-9D86-385CCE5712D1	NA	142	150	400	NA	NO	0.9	1.2	1.1	ASIAN	NA	R0	YES	1	120	Primary	1	0.3	0.5	0.3	Male	NA	Liver	Matched	NA	NA	NA	NA	NA	NA	G3	1.1	TUMOR FREE	None	A	74	2010
lihc_tcga	TCGA-G3-A3CI	TCGA-G3-A3CI-01	NA	2	0	10	71	M0	N0	Stage I	7th	T1	0.3	0	0.8	Hepatobiliary Cancer	Hepatocellular Carcinoma	A	NA	NA	NA	NA	0.9	0.6	1.4	258	0	NA	Segmentectomy, Multiple	5.91	0:DiseaseFree	NA	1	NOT HISPANIC OR LATINO	NA	NA	NO	1/16/12	0.0164	G2	167	Mild	Hepatocellular Carcinoma	Non-Alcoholic Fatty Liver Disease	No	No	C22.0	8170/3	C22.0	YES	NO	0 - No Fibrosis	NA	NA	12	NA	FALSE	HCC	5.91	0:LIVING	NA	NA	B5465221-78FE-40A8-ABEC-BED600602DD4	2C1AC52F-293B-4CC1-9C90-2870CC4B14E1	TCGA-G3-A3CI.42613B77-F014-4AE9-AEF8-C5E632125EFA.pdf	42613B77-F014-4AE9-AEF8-C5E632125EFA	NA	186	150	400	NA	NO	0.9	1.3	1.1	WHITE	NA	R0	YES	1	370	Primary	1	0.3	0.5	0.4	Male	NA	Liver	Matched	NA	NA	NA	NA	NA	NA	G3	0.4	TUMOR FREE	None	A	98	2011
lihc_tcga	TCGA-G3-A3CJ	TCGA-G3-A3CJ-01	NA	3	0	10	52	M0	N0	Stage II	7th	T2	1	0	1.4	Hepatobiliary Cancer	Hepatocellular Carcinoma	A	NA	NA	NA	NA	0.8	0.5	1.4	113	0	NA	Lobectomy	9.72	1:Recurred/Progressed	NA	0	NOT HISPANIC OR LATINO	NA	NA	NO	1/17/12	0.1490	G2	174	Severe	Hepatocellular Carcinoma	Hepatitis C	No	No	C22.0	8170/3	C22.0	YES	NO	5 - Nodular Formation and Incomplete Cirrhosis	NA	NA	1291	NA	FALSE	HCC	19.51	0:LIVING	NA	NA	CB8F3C76-DA86-4A1D-977C-44AB399B342A	A8AB7DAF-079D-458B-AD09-A99306384864	TCGA-G3-A3CJ.191868C4-3299-4E65-9DB2-C8C43CB83963.pdf	191868C4-3299-4E65-9DB2-C8C43CB83963	NA	185	150	400	NA	NO	0.9	1	1.1	AMERICAN INDIAN OR ALASKA NATIVE	NA	R0	YES	1	20	Primary	1	0.3	0.5	0.4	Male	NA	Liver	Matched	NA	NA	NA	NA	NA	NA	G3	42.96666667	TUMOR FREE	Micro	A	72	2011
lihc_tcga	TCGA-G3-A3CK	TCGA-G3-A3CK-01	NA	3	0	10	61	M0	N0	Stage I	7th	T1	0.8	0	1.4	Hepatobiliary Cancer	Hepatocellular Carcinoma	A	NA	NA	NA	NA	1.1	0.6	1.4	132	0	NA	Segmentectomy, Multiple	19.22	0:DiseaseFree	NA	0	NOT HISPANIC OR LATINO	NA	1	YES	1/16/12	0.0781	G2	170	Mild	Hepatocellular Carcinoma	Hepatitis B	No	No	C22.0	8170/3	C22.0	YES	NO	6 - Established Cirrhosis	NA	NA	192	NA	TRUE	HCC	19.22	0:LIVING	NA	NA	39EB1DB0-2722-4AF4-8254-D0E10256C64D	2F38C711-639F-4611-9076-DC99A1DB8239	TCGA-G3-A3CK.ED5E5458-1E88-4126-B46B-96297F5A0FFF.pdf	ED5E5458-1E88-4126-B46B-96297F5A0FFF	NA	143	150	400	NA	NO	0.9	1	1.1	ASIAN	NA	R0	YES	1	520	Primary	1	0.3	0.5	0.2	Male	NA	Liver	Matched	NA	NA	NA	NA	NA	NA	G3	6.4	TUMOR FREE	None	A	67	2011
lihc_tcga	TCGA-G3-A5SI	TCGA-G3-A5SI-01	NO	9	0	10	44	M0	N0	Stage II	7th	T2	0.7	0	1.4	Hepatobiliary Cancer	Hepatocellular Carcinoma	A	NA	NA	NA	NA	0.4	0.6	1.4	418	0	NA	Segmentectomy, Multiple	11.43	1:Recurred/Progressed	NA	1	NOT HISPANIC OR LATINO	NA	NA	NA	5/15/13	0.3209	G2	177	Mild	Hepatocellular Carcinoma	Hepatitis C	No	No	C22.0	8170/3	C22.0	YES	NO	6 - Established Cirrhosis	NA	NA	29	YES	TRUE	HCC	25.23	1:DECEASED	NA	NA	14201DA5-4446-47BE-AF72-120B7780C6BF	81ADE549-B8A5-4CBE-9970-1BE85C005002	TCGA-G3-A5SI.C3CB3D42-9123-4D51-9FA8-D272D5F62F7B.pdf	C3CB3D42-9123-4D51-9FA8-D272D5F62F7B	NO	145	150	400	NA	NO	0.9	1.4	1.1	ASIAN	NO	R0	YES	1	660	Primary	1	3.3	4.8	2.8	Male	NA	Liver	Matched	NA	NA	NA	NA	NA	NA	G3	1	WITH TUMOR	None	A	74	2011
lihc_tcga	TCGA-G3-A5SJ	TCGA-G3-A5SJ-01	NO	3	0	10	59	M0	NX	Stage I	7th	T1	0.5	0	1.4	Hepatobiliary Cancer	Hepatocellular Carcinoma	B	NA	NA	NA	NA	1.3	0.6	1.4	285	0	NA	Segmentectomy, Multiple	10.12	1:Recurred/Progressed	NA	0	NOT HISPANIC OR LATINO	NA	NA	NO	5/15/13	0.2052	G2	171	Mild	Hepatocellular Carcinoma	Alcohol consumption|Hepatitis C	No	No	C22.0	8170/3	C22.0	YES	NO	6 - Established Cirrhosis	NA	NA	84	YES	TRUE	HCC	22.93	0:LIVING	NA	NA	2C8A1E74-33DE-453F-8D1E-E226185E52FC	74A3B091-F6DE-49FE-BE1D-7E091348DA2C	TCGA-G3-A5SJ.5237C744-2C11-4340-BC70-9AD10238F1E6.pdf	5237C744-2C11-4340-BC70-9AD10238F1E6	NO	136	150	400	NA	NO	0.9	1	1.1	WHITE	NO	R0	YES	1	290	Primary	1	3.3	4.8	4.1	Male	NA	Liver	Matched	NA	NA	NA	NA	NA	NA	G3	2.8	WITH TUMOR	None	A	87	2012
lihc_tcga	TCGA-G3-A5SK	TCGA-G3-A5SK-01	NO	NA	NA	NA	58	M0	NX	Stage I	7th	T1	NA	NA	NA	Hepatobiliary Cancer	Hepatocellular Carcinoma	A	NA	NA	NA	NA	0.6	0.6	1.4	251	0	NA	Segmentectomy, Single	20.24	1:Recurred/Progressed	NA	0	NOT HISPANIC OR LATINO	NA	NA	NA	5/15/13	NA	G1	169	Mild	Hepatocellular Carcinoma	Hepatitis C	No	No	C22.0	8170/3	C22.0	YES	NO	6 - Established Cirrhosis	NA	NA	71	NO	TRUE	HCC	24.44	0:LIVING	NA	NA	24259D55-20AC-4359-861F-DCAD7AD88CEE	B245C6C9-405B-48C9-BCAA-02BCDF11BD2E	TCGA-G3-A5SK.6FB76663-58FA-48DD-A0F8-136C975FE067.pdf	6FB76663-58FA-48DD-A0F8-136C975FE067	NO	106	150	400	NA	NO	0.9	1.1	1.1	WHITE	NO	R0	YES	1	650	Primary	1	3.3	4.8	3.3	Male	NA	Liver	Matched	NA	NA	NA	NA	NA	NA	G3	2.366666667	TUMOR FREE	NA	A	67	2012
lihc_tcga	TCGA-G3-A5SL	TCGA-G3-A5SL-01	NO	4	0	10	70	M0	NX	Stage II	7th	T2	0.8	0	1.4	Hepatobiliary Cancer	Hepatocellular Carcinoma	NA	NA	NA	NA	NA	1	0.6	1.4	236	0	NA	Other (specify)	20.4	0:DiseaseFree	NA	0	NOT HISPANIC OR LATINO	NA	NA	NO	5/15/13	0.1740	G2	180	None	Hepatocellular Carcinoma	Alcohol consumption	No	No	C22.0	8170/3	C22.0	YES	NO	0 - No Fibrosis	NA	NA	97	NO	TRUE	HCC	20.4	0:LIVING	NA	NA	9A56D8A8-DADD-442E-BC09-732CD619AEF7	5AF5519D-73EE-481B-A47C-06F54DBD372F	TCGA-G3-A5SL.7DB1AFB2-69C9-4277-904E-4CF9CBAE8360.pdf	7DB1AFB2-69C9-4277-904E-4CF9CBAE8360	NO	295	150	400	NA	YES	0.9	1	1.3	WHITE	NO	R0	NO	1	220	Primary	1	3.1	4.7	4.2	Male	NA	Liver	Matched	NA	NA	NA	NA	NA	NA	G3	3.2	TUMOR FREE	Micro	A	88	2012
lihc_tcga	TCGA-G3-A5SM	TCGA-G3-A5SM-01	NO	12	0	10	58	M0	NX	Stage II	7th	T2	0.6	0	1.4	Hepatobiliary Cancer	Hepatocellular Carcinoma	A	NA	NA	NA	NA	0.5	0.5	1.4	111	0	NA	Other (specify)	8.28	1:Recurred/Progressed	NA	1	NOT HISPANIC OR LATINO	NA	NA	NO	5/15/13	0.1591	G3	184	NA	Hepatocellular Carcinoma	Alcohol consumption|Hepatitis C	No	No	C22.0	8170/3	C22.0	YES	NO	6 - Established Cirrhosis	NA	NA	88	NO	TRUE	HCC	17.08	0:LIVING	NA	NA	D397E70F-C174-4656-9B7E-5E4C00754410	8313A442-E572-476A-B96F-565B105834EA	TCGA-G3-A5SM.791E29AD-22A6-402E-978C-69407C6B748F.pdf	791E29AD-22A6-402E-978C-69407C6B748F	NO	260	150	400	NA	YES	0.9	0.9	1.1	WHITE	NO	R0	NO	1	160	Primary	1	3.3	4.8	3.2	Male	NA	Liver	Matched	NA	NA	NA	NA	NA	NA	G3	2.933333333	TUMOR FREE	None	A	106	2012
lihc_tcga	TCGA-G3-A6UC	TCGA-G3-A6UC-01	NO	4	0	10	65	M0	N0	Stage IIIB	7th	T3b	1	0	1.4	Hepatobiliary Cancer	Hepatocellular Carcinoma	A	NA	NA	NA	NA	0.9	0.6	1.4	266	0	NA	Segmentectomy, Single	20.99	1:Recurred/Progressed	NA	0	NOT HISPANIC OR LATINO	NA	NA	NA	10/3/13	0.2504	G2	182	Mild	Hepatocellular Carcinoma	Alcohol consumption	No	Yes	C22.0	8170/3	C22.0	YES	NO	6 - Established Cirrhosis	NA	NA	97	NO	TRUE	HCC	22.04	0:LIVING	NA	NA	87AA894E-7676-40B7-9557-6541446D8CEA	00C2EEB7-B822-4DBD-A127-98AAD0C0F184	TCGA-G3-A6UC.08415C4C-C645-4911-BA53-6E562E562FD4.pdf	08415C4C-C645-4911-BA53-6E562E562FD4	NO	257	150	400	NA	YES	0.9	1.1	1.1	WHITE	NO	R0	NO	1	410	Primary	1	3.3	4.8	4.6	Male	NA	Liver	Matched	NA	NA	NA	NA	NA	NA	G3	3.233333333	WITH TUMOR	Micro	A	91	2012
lihc_tcga	TCGA-G3-A7M5	TCGA-G3-A7M5-01	NO	6	0	10	76	MX	NX	Stage I	7th	T1	0.5	0	1.4	Hepatobiliary Cancer	Hepatocellular Carcinoma	A	NA	NA	NA	NA	1.9	0.6	1.4	217	0	NA	Segmentectomy, Multiple	14.68	0:DiseaseFree	NA	0	NOT HISPANIC OR LATINO	NA	NA	NO	2/5/14	0.2592	G2	164	None	Hepatocellular Carcinoma	Alcohol consumption	No	No	C22.0	8170/3	C22.0	YES	NO	0 - No Fibrosis	NA	NA	142	NO	TRUE	HCC	14.68	0:LIVING	NA	NA	869F8A17-BCED-4002-BD60-99DF84A03B93	738D9234-646F-431B-8EE3-661D2B3CA23B	TCGA-G3-A7M5.9441C376-F0CE-4A84-A9C0-5FB1917216F2.pdf	9441C376-F0CE-4A84-A9C0-5FB1917216F2	NO	181	150	400	NA	YES	0.9	0.9	1.1	ASIAN	NO	R0	NO	1	720	Primary	1	3.3	4.8	4.1	Male	NA	Liver	Matched	NA	NA	NA	NA	NA	NA	G3	4.733333333	TUMOR FREE	None	A	68	2013
lihc_tcga	TCGA-G3-A7M6	TCGA-G3-A7M6-01	NO	24	0	10	60	MX	NX	Stage I	7th	T1	0.5	0	1.2	Hepatobiliary Cancer	Hepatocellular Carcinoma	A	NA	NA	NA	NA	0.6	0.4	1.1	212	0	NA	Segmentectomy, Single	19.19	1:Recurred/Progressed	NA	0	NOT HISPANIC OR LATINO	NA	NA	NA	2/5/14	0.2587	G3	158	Mild	Hepatocellular Carcinoma	Hepatitis C	No	No	C22.0	8170/3	C22.0	YES	NO	1,2 - Portal Fibrosis	NA	NA	64	YES	TRUE	HCC	20.76	0:LIVING	NA	NA	2681F83D-233F-4EA2-B5E6-3C05AF81F123	33B4C69A-230A-4D4B-9D6B-5F1C28D7D25B	TCGA-G3-A7M6.BE9902BC-2818-4A37-AF40-768208EA15B9.pdf	BE9902BC-2818-4A37-AF40-768208EA15B9	NO	273	150	400	NA	YES	0.9	0.9	1.1	WHITE	NO	R0	NO	1	680	Primary	1	3.3	4.8	3.6	Female	NA	Liver	Matched	NA	NA	NA	NA	NA	NA	G3	2.1	WITH TUMOR	None	A	77	2013
lihc_tcga	TCGA-G3-A7M7	TCGA-G3-A7M7-01	NO	4	0	7	65	MX	NX	Stage I	7th	T1	0.5	0	1.2	Hepatobiliary Cancer	Hepatocellular Carcinoma	A	NA	NA	NA	NA	0.6	0.7	1.2	112	0	NA	Lobectomy	11.86	0:DiseaseFree	NA	0	NOT HISPANIC OR LATINO	NA	NA	NA	2/5/14	0.0496	G1	181	Severe	Hepatocellular Carcinoma	Alcohol consumption	No	No	C22.0	8170/3	C22.0	YES	NO	3,4 - Fibrous Speta	NA	NA	26	NO	TRUE	HCC	11.86	0:LIVING	NA	NA	3D048A45-3D5D-4563-ACC8-3C662861F18A	FD7C8159-102B-4AF5-AE93-4E468E54EC10	TCGA-G3-A7M7.9EC72408-F4C7-4D95-ACE3-3BF44E10FF8C.pdf	9EC72408-F4C7-4D95-ACE3-3BF44E10FF8C	NO	145	150	450	NA	YES	0.9	1.1	1.1	WHITE	NO	R0	NO	1	750	Primary	1	3.2	4.6	3.5	Male	NA	Liver	Matched	NA	NA	NA	NA	NA	NA	G3	0.866666667	TUMOR FREE	None	A	77	2013
lihc_tcga	TCGA-G3-A7M8	TCGA-G3-A7M8-01	NO	5	0	10	31	MX	NX	Stage I	7th	T1	1.8	0	1.2	Hepatobiliary Cancer	Hepatocellular Carcinoma	A	NA	NA	NA	NA	0.7	0.6	1.4	97	0	NA	Segmentectomy, Multiple	14.13	0:DiseaseFree	NA	0	NOT HISPANIC OR LATINO	NA	NA	NA	2/5/14	0.0000	G1	NA	NA	Hepatocellular Carcinoma	Alcohol consumption	No	No	C22.0	8170/3	C22.0	YES	NO	6 - Established Cirrhosis	NA	NA	16	NO	TRUE	HCC	14.13	0:LIVING	NA	NA	01CC571C-A47C-4548-9C14-5E51C79B095B	957CBAF2-52D1-4102-A87E-F1D0D5687C17	TCGA-G3-A7M8.77483096-0271-4EBD-BC39-2232A3DEFF69.pdf	77483096-0271-4EBD-BC39-2232A3DEFF69	NO	136	150	400	NA	YES	0.9	1.1	1.1	ASIAN	NO	RX	NO	1	180	Primary	1	3.3	4.8	3.5	Male	NA	Liver	Matched	NA	NA	NA	NA	NA	NA	G3	0.533333333	TUMOR FREE	None	A	NA	2013
lihc_tcga	TCGA-G3-A7M9	TCGA-G3-A7M9-01	NO	22868	0	10	70	MX	NX	Stage IIIB	7th	T3b	0.4	0	1.4	Hepatobiliary Cancer	Hepatocellular Carcinoma	A	NA	NA	NA	NA	1	0.6	1.4	86	0	NA	Lobectomy	NA	NA	NA	0	NOT HISPANIC OR LATINO	NA	NA	NA	2/5/14	0.4412	G2	170	None	Hepatocellular Carcinoma	Hemochromatosis	No	Yes	C22.0	8170/3	C22.0	YES	NO	6 - Established Cirrhosis	NA	NA	72	NO	TRUE	HCC	1.84	1:DECEASED	NA	NA	115B754D-8559-4F1D-AF44-FCD8C2CEF86A	0FFDD482-A87E-45BC-A39B-09F5C4F23B55	TCGA-G3-A7M9.0759EEFA-E337-43A5-A6B8-7FDB5FE579EB.pdf	0759EEFA-E337-43A5-A6B8-7FDB5FE579EB	NO	187	150	400	NA	YES	0.9	1.1	1.1	WHITE	NO	R0	NO	1	1500	Primary	1	3.3	4.8	3.3	Male	NA	Liver	Matched	NA	NA	NA	NA	NA	NA	G3	2.4	NA	Macro	A	73	2013
lihc_tcga	TCGA-G3-AAUZ	TCGA-G3-AAUZ-01	NO	3	0	10	48	M0	N0	Stage I	7th	T1	0.3	0	1.4	Hepatobiliary Cancer	Hepatocellular Carcinoma	A	NA	NA	NA	NA	0.8	0.6	1.4	168	0	NA	Segmentectomy, Multiple	15.77	0:DiseaseFree	NA	0	HISPANIC OR LATINO	NA	NA	NA	7/14/14	0.2024	G2	160	Severe	Hepatocellular Carcinoma	Hepatitis B|Non-Alcoholic Fatty Liver Disease	No	No	C22.0	8170/3	C22.0	YES	NO	1,2 - Portal Fibrosis	NA	NA	72	NO	TRUE	HCC	15.77	0:LIVING	NA	NA	D74DDBE2-5860-40B1-9BD8-99CC50F3392D	7C4E023A-DE49-4A4A-B4CF-26731B5650B2	TCGA-G3-AAUZ.09055681-FB0F-4960-86A0-5D6EBD08FAED.pdf	09055681-FB0F-4960-86A0-5D6EBD08FAED	NO	214	150	400	NA	YES	0.9	1	1.1	NA	NO	R0	NO	1	210	Primary	1	3.3	4.8	3.8	Male	NA	Liver	Matched	NA	NA	NA	NA	NA	NA	G3	2.366666667	TUMOR FREE	None	A	77	2013
lihc_tcga	TCGA-G3-AAV0	TCGA-G3-AAV0-01	NO	4	0	10	58	M0	N0	Stage I	7th	T1	0.6	0	1.4	Hepatobiliary Cancer	Hepatocellular Carcinoma	A	NA	NA	NA	NA	0.9	0.6	1.4	163	0	NA	Segmentectomy, Multiple	15.64	0:DiseaseFree	NA	0	NOT HISPANIC OR LATINO	NA	NA	NA	7/14/14	0.1766	G2	158	None	Hepatocellular Carcinoma	Hepatitis B	No	No	C22.0	8170/3	C22.0	YES	NO	0 - No Fibrosis	NA	NA	155	NO	TRUE	HCC	15.64	0:LIVING	NA	NA	6E657705-8579-433B-AF7A-B6155B599518	D4862074-E347-4318-A4A4-BF1878EAD618	TCGA-G3-AAV0.07528302-2925-4767-A47C-FE4EBA621202.pdf	07528302-2925-4767-A47C-FE4EBA621202	NO	193	150	400	NA	YES	0.9	0.9	1.1	ASIAN	NO	R0	NO	1	350	Primary	1	3.3	4.8	4.2	Male	NA	Liver	Matched	NA	NA	NA	NA	NA	NA	G3	5.1	TUMOR FREE	None	A	58	2013
lihc_tcga	TCGA-G3-AAV1	TCGA-G3-AAV1-01	NO	8	0	10	51	M0	N0	Stage IIIC	7th	T4	0.7	0	1.4	Hepatobiliary Cancer	Hepatocellular Carcinoma	B	NA	NA	NA	NA	0.7	0.6	1.4	146	0	NA	Lobectomy	7.85	1:Recurred/Progressed	NA	1	NOT HISPANIC OR LATINO	NA	NA	NA	7/14/14	0.3641	G3	181	Severe	Hepatocellular Carcinoma	Hepatitis B	No	No	C22.0	8170/3	C22.0	YES	NO	6 - Established Cirrhosis	NA	NA	46	YES	TRUE	HCC	11.79	1:DECEASED	NA	NA	EE6D81BF-0470-4652-AFF0-D85F6AB67626	AD535210-07EE-41A5-B9F7-8548E41DF779	TCGA-G3-AAV1.0124A3C7-B294-464E-831D-3E4738E3F305.pdf	0124A3C7-B294-464E-831D-3E4738E3F305	NO	115	150	400	NA	YES	0.9	1.2	1.1	ASIAN	NO	R0	NO	1	470	Primary	1	3.3	4.8	3.2	Male	NA	Liver	Matched	NA	NA	NA	NA	NA	NA	G3	1.533333333	WITH TUMOR	Micro	A	99	2013
lihc_tcga	TCGA-G3-AAV2	TCGA-G3-AAV2-01	NO	4	0	10	50	M0	N0	Stage I	7th	T1	0.7	0	1.4	Hepatobiliary Cancer	Hepatocellular Carcinoma	A	NA	NA	NA	NA	1	0.6	1.4	136	0	NA	Lobectomy	12.22	0:DiseaseFree	NA	0	NOT HISPANIC OR LATINO	NA	NA	NA	7/15/14	0.2133	G1	NA	NA	Hepatocellular Carcinoma	Alcohol consumption|Hepatitis C	No	No	C22.0	8170/3	C22.0	YES	NO	6 - Established Cirrhosis	NA	NA	42	NO	TRUE	HCC	12.22	0:LIVING	NA	NA	1724C96A-2AA3-43D4-992A-08AF948C0F45	A82BC212-23AD-4E9B-AF92-653F4B3C9DF4	TCGA-G3-AAV2.A323CDD5-4022-486C-B77E-F0552FB9076B.pdf	A323CDD5-4022-486C-B77E-F0552FB9076B	NO	110	150	400	NA	YES	0.9	1	1.1	WHITE	NO	R0	NO	1	500	Primary	1	3.3	4.8	4.2	Male	NA	Liver	Matched	NA	NA	NA	NA	NA	NA	G3	1.366666667	TUMOR FREE	None	A	NA	2013
lihc_tcga	TCGA-G3-AAV3	TCGA-G3-AAV3-01	NO	5	0	7	58	M0	N0	Stage II	7th	T2	0.6	0	1.4	Hepatobiliary Cancer	Hepatocellular Carcinoma	A	NA	NA	NA	NA	0.6	0.5	0.9	98	0	NA	Segmentectomy, Single	13.53	0:DiseaseFree	NA	1	NOT HISPANIC OR LATINO	NA	1	YES	7/15/14	0.1787	G2	168	Severe	Hepatocellular Carcinoma	Alcohol consumption|Hepatitis C|Non-Alcoholic Fatty Liver Disease	No	No	C22.0	8170/3	C22.0	YES	NO	6 - Established Cirrhosis	NA	NA	74	NO	TRUE	HCC	13.53	0:LIVING	NA	NA	EFC865FD-7C74-4361-9D7A-EEF923DBCD24	B0D2FD7C-04E8-459B-80EE-E7F786F163D1	TCGA-G3-AAV3.275E9EDA-413F-40BE-943C-9521F8CC297A.pdf	275E9EDA-413F-40BE-943C-9521F8CC297A	NO	113	150	450	NA	YES	0.9	1.1	1.1	WHITE	NO	R0	NO	1	150	Primary	1	3.4	4.8	4.4	Female	NA	Liver	Matched	NA	NA	NA	NA	NA	NA	G3	2.433333333	TUMOR FREE	None	A	85	2013
lihc_tcga	TCGA-G3-AAV4	TCGA-G3-AAV4-01	NO	4	0	10	83	M0	N0	Stage I	7th	T1	0.8	0	1.2	Hepatobiliary Cancer	Hepatocellular Carcinoma	A	NA	NA	NA	NA	1.1	0.4	1.1	423	0	NA	Segmentectomy, Multiple	NA	NA	NA	0	NOT HISPANIC OR LATINO	NA	2	YES	7/15/14	0.3684	G1	156	NA	Hepatocellular Carcinoma	Hepatitis B	No	No	C22.0	8170/3	C22.0	YES	NO	3,4 - Fibrous Speta	NA	NA	84	NO	TRUE	HCC	0.89	1:DECEASED	NA	NA	0955D871-5413-4AB2-8FDF-B4FEB3AEEF5D	076A7D31-E804-4637-B23E-D0E30D32BED4	TCGA-G3-AAV4.85CCE331-652C-4D5B-9ED6-ECA8B57AE1AF.pdf	85CCE331-652C-4D5B-9ED6-ECA8B57AE1AF	NO	79	150	400	NA	YES	0.9	1.2	1.1	WHITE	NO	R0	NO	1	470	Primary	1	3.3	4.8	2.7	Female	NA	Liver	Matched	NA	NA	NA	NA	NA	NA	G3	2.766666667	TUMOR FREE	None	A	56	2012
lihc_tcga	TCGA-G3-AAV5	TCGA-G3-AAV5-01	NO	NA	NA	NA	67	M0	N0	Stage II	7th	T2	0.4	0	1.4	Hepatobiliary Cancer	Hepatocellular Carcinoma	A	NA	NA	NA	NA	0.8	0.6	1.4	62	0	NA	Lobectomy	8.74	1:Recurred/Progressed	NA	1	NOT HISPANIC OR LATINO	NA	NA	NA	7/16/14	0.2757	G2	165	NA	Hepatocellular Carcinoma	Alcohol consumption	No	No	C22.0	8170/3	C22.0	YES	NO	6 - Established Cirrhosis	NA	NA	56	YES	TRUE	HCC	11.63	0:LIVING	NA	NA	4DFF4242-4A53-4F46-B200-7ED83F6B7808	4E8B5C38-4E61-4F34-9255-DA81FF5DB4B7	TCGA-G3-AAV5.A578503A-47F1-4DD4-B3E8-C1642EF89190.pdf	A578503A-47F1-4DD4-B3E8-C1642EF89190	NO	326	150	400	NA	YES	0.9	1	1.1	WHITE	YES	R0	NO	1	450	Primary	1	3.3	4.8	4.2	Male	NA	Liver	Matched	NA	NA	NA	NA	NA	NA	G3	1.866666667	WITH TUMOR	Macro	A	88	2013
lihc_tcga	TCGA-G3-AAV6	TCGA-G3-AAV6-01	NO	57875	0	10	53	M0	N0	Stage IIIA	7th	T3a	1.6	0	1.2	Hepatobiliary Cancer	Hepatocellular Carcinoma	A	NA	NA	NA	NA	0.9	0.6	1.4	24	0	NA	Extended Lobectomy	1.45	1:Recurred/Progressed	NA	0	NOT HISPANIC OR LATINO	NA	NA	NA	7/16/14	0.6912	G3	165	Severe	Hepatocellular Carcinoma	No History of Primary Risk Factors	No	No	C22.0	8170/3	C22.0	YES	NO	0 - No Fibrosis	NA	NA	51	YES	TRUE	HCC	2.14	1:DECEASED	NA	NA	A6733FA1-030A-45ED-9C24-0E64164D4998	DF60F0B3-AA75-41AC-9921-FE3BBC3998EB	TCGA-G3-AAV6.AEA78B89-B8C2-457C-B524-87C19B685C03.pdf	AEA78B89-B8C2-457C-B524-87C19B685C03	NO	303	150	400	NA	YES	0.8	1	1.2	WHITE	NO	R0	NO	1	360	Primary	1	3.4	5.2	3.9	Female	NA	Liver	Matched	NA	NA	NA	NA	NA	NA	G3	1.7	WITH TUMOR	Micro	A	78	2013
lihc_tcga	TCGA-G3-AAV7	TCGA-G3-AAV7-01	NO	3	0	10	38	M0	N0	Stage II	7th	T2	0.9	0	1.4	Hepatobiliary Cancer	Hepatocellular Carcinoma	A	NA	NA	NA	NA	1.1	0.6	1.4	52	0	NA	Segmentectomy, Multiple	11.86	0:DiseaseFree	NA	0	NOT HISPANIC OR LATINO	NA	NA	NA	7/16/14	0.5017	G2	165	Mild	Hepatocellular Carcinoma	Hepatitis B	No	No	C22.0	8170/3	C22.0	YES	NO	5 - Nodular Formation and Incomplete Cirrhosis	NA	NA	79	NO	TRUE	HCC	11.86	0:LIVING	NA	NA	5D259F26-3BEF-4FE4-948B-495183F5F8BE	5CDD976B-BB2B-47A9-A745-AD446797AC34	TCGA-G3-AAV7.0F368084-04F6-4DCE-9ADF-6B3B94D274AB.pdf	0F368084-04F6-4DCE-9ADF-6B3B94D274AB	NO	179	150	400	NA	YES	0.9	1	1.1	ASIAN	NO	R0	NO	1	120	Primary	1	3.3	4.8	4	Male	NA	Liver	Matched	NA	NA	NA	NA	NA	NA	G3	2.6	TUMOR FREE	Micro	A	58	2013
lihc_tcga	TCGA-GJ-A3OU	TCGA-GJ-A3OU-01	NO	8	0	25	59	MX	NX	Stage I	7th	T1	0.9	0	1	Hepatobiliary Cancer	Hepatocellular Carcinoma	NA	NA	NA	NA	NA	0.6	0.6	1.4	69	0	NA	Segmentectomy, Single	28.88	1:Recurred/Progressed	NA	NA	NOT HISPANIC OR LATINO	NA	1	YES	2/3/15	0.1474	G2	167	NA	Hepatocellular Carcinoma	Alcohol consumption|Non-Alcoholic Fatty Liver Disease|Other	No	No	C22.0	8174/3	C22.0	YES	NO	NA	NA	NA	42	NO	FALSE	HCC	28.88	0:LIVING	hepatic cirrhosis	NA	FB2ABC2A-ECF1-4184-912F-26A649F861FF	FE863395-3EBB-45C5-AAB9-B0181906C89C	TCGA-GJ-A3OU.4ABC92BD-6D5C-462D-8DDC-2A3CEE065C13.pdf	4ABC92BD-6D5C-462D-8DDC-2A3CEE065C13	NO	178	150	450	NA	YES	0.8	1.1	1.2	WHITE	NO	RX	NO	1	130	Primary	1	3.5	5	3.2	Male	NA	Liver	Matched	NA	NA	NA	NA	NA	NA	GJ	1.366666667	TUMOR FREE	None	A	172	2011
lihc_tcga	TCGA-GJ-A6C0	TCGA-GJ-A6C0-01	NO	NA	NA	NA	75	MX	NX	Stage II	7th	T2	NA	NA	NA	Hepatobiliary Cancer	Hepatocellular Carcinoma	NA	NA	NA	NA	NA	NA	NA	NA	310	0	NA	Other (specify)	NA	NA	NA	NA	NOT HISPANIC OR LATINO	NA	1	YES	11/27/13	0.1557	G2	160	NA	Hepatocellular Carcinoma	No History of Primary Risk Factors	No	No	C22.0	8170/3	C22.0	YES	NO	NA	NA	NA	26	NO	FALSE	HCC	1.02	1:DECEASED	NA	NA	1B326242-4BE6-4F05-B5FB-07ED76B49850	9D33DAB1-CE73-42C6-B504-42E127839882	TCGA-GJ-A6C0.D9F106D7-C163-46C5-8DDC-FF60ED1CF17B.pdf	D9F106D7-C163-46C5-8DDC-FF60ED1CF17B	NO	NA	NA	NA	NA	YES	NA	NA	NA	WHITE	NO	RX	NO	1	170	Primary	1	NA	NA	NA	Female	NA	Liver	Matched	NA	NA	NA	NA	NA	NA	GJ	0.866666667	NA	Micro	A	90	2012
lihc_tcga	TCGA-GJ-A9DB	TCGA-GJ-A9DB-01	NO	NA	NA	NA	68	MX	N0	Stage I	7th	T1	0.5	0	1	Hepatobiliary Cancer	Hepatocellular Carcinoma	NA	NA	NA	NA	NA	1.1	0.8	1.4	132	0	NA	Other (specify)	NA	NA	NA	NA	NOT HISPANIC OR LATINO	NA	1	YES	5/7/14	0.1389	G2	187	NA	Hepatocellular Carcinoma	No History of Primary Risk Factors	No	No	C22.0	8170/3	C22.0	YES	NO	NA	NA	NA	67	NO	FALSE	HCC	2.2	1:DECEASED	NA	NA	45F00F00-D793-4DCA-AEB9-7626D4575C90	EE280CFA-626F-4D7B-A51F-C5DD82635D43	TCGA-GJ-A9DB.8B2D3FA5-D673-4B70-B153-7EACE17A50E0.pdf	8B2D3FA5-D673-4B70-B153-7EACE17A50E0	NO	144	150	450	NA	YES	0.7	0.9	1.2	WHITE	NO	R0	NO	1	540	Primary	1	3.5	5	4.5	Male	NA	Liver	Matched	NA	NA	NA	NA	NA	NA	GJ	2.166666667	NA	None	A	96	2013
lihc_tcga	TCGA-HP-A5MZ	TCGA-HP-A5MZ-01	NO	NA	NA	NA	78	M0	NX	Stage I	6th	T1	NA	NA	NA	Hepatobiliary Cancer	Hepatocellular Carcinoma	NA	NA	NA	NA	NA	124	62	120	NA	0	NA	Lobectomy	NA	NA	NA	NA	NA	NA	NA	NA	9/26/13	0.0821	G2	185	NA	Hepatocellular Carcinoma	No History of Primary Risk Factors	No	No	C22.0	8170/3	C22.0	YES	NO	NA	NA	NA	42	NO	FALSE	HCC	2.99	1:DECEASED	NA	NA	2D00F09F-0074-46C8-B357-B5F33567762A	9EC5013E-AABB-487A-87D7-49B4B6BD0F6A	TCGA-HP-A5MZ.BD5F2C9B-16EE-42B2-B09B-F9BE4FCB2F75.pdf	BD5F2C9B-16EE-42B2-B09B-F9BE4FCB2F75	NO	231	150	400	NA	NO	0.9	1	1.1	NA	NO	R0	YES	1	160	Primary	1	NA	NA	NA	Male	NA	Liver	Matched	NA	NA	NA	NA	NA	NA	HP	1.4	TUMOR FREE	None	A	82	NA
lihc_tcga	TCGA-HP-A5N0	TCGA-HP-A5N0-01	NO	NA	NA	NA	90	M0	NX	NA	6th	TX	NA	NA	NA	Hepatobiliary Cancer	Hepatocellular Carcinoma	NA	NA	NA	NA	NA	0.5	0	0.9	NA	0	NA	Lobectomy	6.08	1:Recurred/Progressed	NA	0	NA	NA	3	YES	5/30/14	0.1655	NA	156	None	Hepatocellular Carcinoma	No History of Primary Risk Factors	No	No	C22.0	8174/3	C22.0	YES	NO	0 - No Fibrosis	NA	NA	104	YES	FALSE	HCC	37.68	1:DECEASED	NA	NA	7F8E25D4-6021-4327-96AB-79B6FCC97A24	26DC1E14-4925-4258-8E46-1D52DFDD1B4F	TCGA-HP-A5N0.0221A6F3-34F5-407E-8548-B62F27F66FCE.pdf	0221A6F3-34F5-407E-8548-B62F27F66FCE	NO	NA	NA	NA	NA	NO	0.9	1.2	1.2	NA	NO	R0	YES	1	350	Primary	1	3.5	4.8	2.6	Female	NA	Liver	Matched	NA	NA	NA	NA	NA	NA	HP	3.433333333	WITH TUMOR	NA	A	65	NA
lihc_tcga	TCGA-K7-A5RF	TCGA-K7-A5RF-01	YES	5	NA	NA	64	MX	NX	Stage I	7th	T1	NA	NA	NA	Hepatobiliary Cancer	Hepatocellular Carcinoma	NA	NA	NA	NA	NA	NA	NA	NA	102	0	NA	Segmentectomy, Single	6.73	1:Recurred/Progressed	NA	NA	NOT HISPANIC OR LATINO	NA	NA	NO	6/24/13	0.0001	G1	177	NA	Hepatocellular Carcinoma	Hepatitis C	No	No	C22.0	8170/3	C22.0	YES	NO	NA	NA	NA	43	YES	TRUE	HCC	20.73	0:LIVING	NA	NA	3134F7D1-3359-497A-B8BE-1F317D8DDAAA	2FA93CB3-45BD-492C-B254-64BB0C9DDDD9	TCGA-K7-A5RF.04C26B7B-66EE-4F20-A059-52E19557C268.pdf	04C26B7B-66EE-4F20-A059-52E19557C268	NO	NA	NA	NA	NA	YES	NA	NA	NA	WHITE	NO	R0	NO	1	1350	Primary	1	NA	NA	NA	Male	NA	Liver	Matched	NA	NA	NA	NA	NA	NA	K7	1.433333333	WITH TUMOR	NA	A	75	2012
lihc_tcga	TCGA-K7-A5RG	TCGA-K7-A5RG-01	NO	19	NA	NA	66	MX	NX	Stage I	7th	T1	NA	NA	NA	Hepatobiliary Cancer	Hepatocellular Carcinoma	NA	NA	NA	NA	NA	NA	NA	NA	100	0	NA	Segmentectomy, Single	17.05	0:DiseaseFree	NA	NA	NOT HISPANIC OR LATINO	NA	1	YES	6/21/13	0.0010	G1	173	NA	Hepatocellular Carcinoma	Alcohol consumption|Hepatitis C	No	No	C22.0	8170/3	C22.0	YES	NO	NA	NA	NA	104	NO	TRUE	HCC	17.05	0:LIVING	NA	NA	4FD3ED02-7B66-47BF-8B92-31FEE1093A87	3ADD537E-0692-4D5C-9C32-1341ADCB3BFA	TCGA-K7-A5RG.AADEAE33-3867-4F77-AAA6-072471B5A397.pdf	AADEAE33-3867-4F77-AAA6-072471B5A397	NO	NA	NA	NA	NA	YES	NA	NA	NA	BLACK OR AFRICAN AMERICAN	NO	R0	NO	1	630	Primary	1	NA	NA	NA	Male	NA	Liver	Matched	NA	NA	NA	NA	NA	NA	K7	3.466666667	TUMOR FREE	None	A	123	2012
lihc_tcga	TCGA-K7-A6G5	TCGA-K7-A6G5-01	NO	NA	NA	NA	66	MX	N0	Stage I	7th	T1	NA	NA	NA	Hepatobiliary Cancer	Hepatocellular Carcinoma	NA	NA	NA	NA	NA	NA	NA	NA	31	0	NA	Lobectomy	16.82	0:DiseaseFree	NA	0	NOT HISPANIC OR LATINO	NA	NA	NA	9/12/13	0.1482	G2	184	NA	Hepatocellular Carcinoma	Alcohol consumption|Hepatitis B|Hepatitis C|Hemochromatosis	No	No	C22.0	8170/3	C22.0	YES	NO	NA	NA	NA	66	NO	TRUE	HCC	16.82	0:LIVING	NA	NA	81EDDCDA-0069-4652-9DC6-8AAC89CBA1FF	63A726A2-46CD-48DC-BAB7-195B16FB0F25	TCGA-K7-A6G5.BA14915C-0D72-4A11-AAFA-DD51FC6309B2.pdf	BA14915C-0D72-4A11-AAFA-DD51FC6309B2	NO	NA	NA	NA	NA	YES	NA	NA	NA	WHITE	NO	RX	NO	1	60	Primary	1	NA	NA	NA	Male	NA	Liver	Matched	NA	NA	NA	NA	NA	NA	K7	2.2	TUMOR FREE	None	A	80	2013
lihc_tcga	TCGA-K7-AAU7	TCGA-K7-AAU7-01	NO	290	0	10	61	MX	NX	Stage II	7th	T2a	NA	NA	NA	Hepatobiliary Cancer	Hepatocellular Carcinoma plus Intrahepatic Cholangiocarcinoma	A	NA	NA	NA	NA	NA	NA	NA	9	0	NA	Segmentectomy, Multiple	1.91	1:Recurred/Progressed	NA	0	NOT HISPANIC OR LATINO	NA	2	YES	8/18/14	0.1306	G2	NA	NA	Hepatocholangiocarcinoma (Mixed)	Hepatitis C|Hemochromatosis	No	No	C22.0	8180/3	C22.0	YES	NO	NA	NA	NA	54	YES	TRUE	HCCIHCH	11.79	0:LIVING	NA	NA	1EACFCC0-1D05-4441-B3D8-B0790E1C40F1	6E0902DD-F307-4354-9F61-47A9D97FA77F	TCGA-K7-AAU7.AE0DD792-F1D5-4340-A521-FC814E08C0CB.pdf	AE0DD792-F1D5-4340-A521-FC814E08C0CB	YES	87	150	450	NA	YES	0	0.9	1.9	WHITE	NO	RX	NO	1	160	Primary	1	NA	NA	NA	Male	NA	Liver	Matched	NA	NA	NA	NA	NA	NA	K7	1.766666667	NA	Micro	A	NA	2013
lihc_tcga	TCGA-KR-A7K0	TCGA-KR-A7K0-01	NO	11	0	8	65	M0	N0	Stage I	7th	T1	1.3	0.2	1.2	Hepatobiliary Cancer	Hepatocellular Carcinoma	NA	NA	NA	NA	NA	0.7	0.7	1.3	126	0	NA	Segmentectomy, Multiple	NA	NA	NA	NA	NA	NA	NA	NO	5/28/14	0.0403	G1	174	NA	Hepatocellular Carcinoma	Alcohol consumption|Hepatitis C	No	Yes	C22.0	8170/3	C22.0	YES	NO	NA	NA	NA	79	NO	FALSE	HCC	2.14	1:DECEASED	NA	NA	5A7706BA-3CEA-41EB-B78A-FD69206DAA93	CBD70F3D-2AF2-4645-BD83-AED0D0857083	TCGA-KR-A7K0.34BFDBBD-A66F-4436-AD51-D6AA979F2CD3.pdf	34BFDBBD-A66F-4436-AD51-D6AA979F2CD3	NO	102	150	400	NA	NO	NA	1.4	NA	WHITE	NO	R0	YES	1	90	Primary	1	3.5	4.9	2.8	Male	NA	Liver	Matched	NA	NA	NA	NA	NA	NA	KR	2.6	TUMOR FREE	None	A	66	2013
lihc_tcga	TCGA-KR-A7K2	TCGA-KR-A7K2-01	NO	14	0	8	64	M0	N0	Stage I	7th	T1	1.5	0.2	1.2	Hepatobiliary Cancer	Hepatocellular Carcinoma plus Intrahepatic Cholangiocarcinoma	NA	NA	NA	NA	NA	1.1	0.7	1.3	85	0	NA	Other (specify)	27.23	0:DiseaseFree	NA	NA	NA	NA	NA	NA	5/28/14	0.5762	G1	166	NA	Hepatocholangiocarcinoma (Mixed)	Hepatitis C	No	No	C22.0	8180/3	C22.0	YES	NO	NA	NA	NA	41	NO	FALSE	HCCIHCH	27.23	0:LIVING	NA	NA	FBB398FE-2BA8-4845-8083-6533ECB4A52E	97843DB5-32BD-4B54-8397-D5315D0922EC	TCGA-KR-A7K2.5121C5D6-3BCB-4A0F-B18A-51BA4E87778B.pdf	5121C5D6-3BCB-4A0F-B18A-51BA4E87778B	NO	178	150	400	NA	NO	NA	1	NA	WHITE	NO	R0	YES	1	70	Primary	1	3.5	4.9	3.3	Male	NA	Liver	Matched	NA	NA	NA	NA	NA	NA	KR	1.366666667	TUMOR FREE	None	A	79	2013
lihc_tcga	TCGA-KR-A7K7	TCGA-KR-A7K7-01	NO	308836	0	8	61	M0	N0	Stage II	7th	T2	1.4	0.2	1.2	Hepatobiliary Cancer	Hepatocellular Carcinoma	NA	NA	NA	NA	NA	0.8	0.5	1	461	0	NA	Segmentectomy, Single	7.85	1:Recurred/Progressed	NA	NA	NA	NA	NA	NA	5/27/14	0.5096	G1	168	NA	Hepatocellular Carcinoma	No History of Primary Risk Factors	No	Yes	C22.0	8170/3	C22.0	YES	NO	NA	NA	NA	53	YES	FALSE	HCC	31.24	0:LIVING	NA	NA	7BA3D8F1-0C26-4C49-8D6B-0F2875B58DAF	F178CC5C-525A-418B-A868-FA6E7C50947C	TCGA-KR-A7K7.8CE97410-9210-4B15-97FE-E61722535975.pdf	8CE97410-9210-4B15-97FE-E61722535975	NO	130	150	400	NA	NO	NA	1	NA	WHITE	NO	R0	YES	1	140	Primary	1	3.5	4.9	3.4	Female	NA	Liver	Matched	NA	NA	NA	NA	NA	NA	KR	1.766666667	WITH TUMOR	Micro	A	125	2012
lihc_tcga	TCGA-KR-A7K8	TCGA-KR-A7K8-01	NO	154	0	8	57	M0	N0	Stage I	7th	T1	1.9	0.2	1.2	Hepatobiliary Cancer	Hepatocellular Carcinoma	NA	NA	NA	NA	NA	1.1	0.7	1.3	435	0	NA	Lobectomy	29.76	0:DiseaseFree	NA	NA	NA	NA	1	YES	5/28/14	0.1573	G1	170	None	Hepatocellular Carcinoma	No History of Primary Risk Factors	No	No	C22.0	8170/3	C22.0	YES	NO	NA	NA	NA	37	NO	FALSE	HCC	29.76	0:LIVING	NA	NA	4B0E544C-4090-4EBB-B3E5-2623AA91356C	30F43A40-040F-4C42-A84E-0BA7EC9C8945	TCGA-KR-A7K8.9B449A83-1172-4EE0-9337-27BD5D3ECF4D.pdf	9B449A83-1172-4EE0-9337-27BD5D3ECF4D	NO	103	150	400	NA	NO	NA	1.3	NA	NA	NO	R0	YES	1	80	Primary	1	3.5	4.9	3.3	Male	NA	Liver	Matched	NA	NA	NA	NA	NA	NA	KR	1.233333333	TUMOR FREE	None	A	109	2012
lihc_tcga	TCGA-LG-A6GG	TCGA-LG-A6GG-01	NO	NA	NA	NA	79	M0	NX	Stage II	7th	T2	0.8	0.2	1	Hepatobiliary Cancer	Hepatocellular Carcinoma	A	NA	NA	NA	NA	0.6	0.4	1.1	35	0	NA	Segmentectomy, Single	12.71	0:DiseaseFree	NA	0	NOT HISPANIC OR LATINO	NA	NA	NA	9/25/13	0.4875	G2	158	None	Hepatocellular Carcinoma	Other	No	Yes	C22.0	8170/3	C22.0	YES	NO	NA	NA	NA	159	NO	TRUE	HCC	12.71	0:LIVING	Cryptogenic Cirrhosis	NA	C618DA6D-3C66-4A6A-8832-3526A3B75410	18000B40-B2E5-4C32-81FE-C7C208E99F33	TCGA-LG-A6GG.A7F1EA5C-5797-42D1-AD35-E2E529B26409.pdf	A7F1EA5C-5797-42D1-AD35-E2E529B26409	NO	93	150	450	NA	YES	9.4	12.2	12.2	WHITE	NO	R0	NO	1	1140	Primary	1	3.4	4.8	3.7	Female	NA	Liver	Matched	NA	NA	NA	NA	NA	NA	LG	5.266666667	TUMOR FREE	Micro	A	65	2013
lihc_tcga	TCGA-LG-A9QC	TCGA-LG-A9QC-01	NA	NA	NA	NA	48	M0	NX	Stage I	7th	T1	2.8	0.2	1	Hepatobiliary Cancer	Hepatocellular Carcinoma	NA	NA	NA	NA	NA	0.8	0.5	1.3	62	0	NA	Segmentectomy, Single	13.96	0:DiseaseFree	NA	NA	NOT HISPANIC OR LATINO	NA	1	YES	5/7/14	0.2744	G2	188	Mild	Hepatocellular Carcinoma	No History of Primary Risk Factors	No	No	C22.0	8170/3	C22.0	YES	NO	NA	NA	NA	43	NO	TRUE	HCC	13.96	0:LIVING	NA	NA	8C2783EF-AA41-44C9-BE87-FA4C84108F1E	C8B18401-AB61-4925-A022-62B5F7190139	TCGA-LG-A9QC.AD8045A1-61EA-4713-9C8D-9AF200DB1424.pdf	AD8045A1-61EA-4713-9C8D-9AF200DB1424	NA	275	150	450	NA	YES	9.4	12.1	12.2	WHITE	NA	R0	NO	1	1080	Primary	1	3.5	5	4.7	Male	NA	Liver	Matched	NA	NA	NA	NA	NA	NA	LG	1.433333333	TUMOR FREE	Micro	A	103	2013
lihc_tcga	TCGA-LG-A9QD	TCGA-LG-A9QD-01	NO	NA	NA	NA	68	M0	N0	Stage IIIA	7th	T3a	0.5	0	1.2	Hepatobiliary Cancer	Hepatocellular Carcinoma	NA	NA	NA	NA	NA	0.9	0.7	1.5	28	0	NA	Segmentectomy, Single	12.02	0:DiseaseFree	NA	NA	HISPANIC OR LATINO	NA	3	YES	5/7/14	0.0995	G2	168	Mild	Hepatocellular Carcinoma	No History of Primary Risk Factors	No	No	C22.0	8170/3	C22.0	YES	NO	NA	NA	NA	83	NO	TRUE	HCC	12.02	0:LIVING	NA	NA	948A9BBC-60B0-4FB7-A707-76BC41294217	3B829CBD-1ABB-41F8-9633-597E6B79E362	TCGA-LG-A9QD.D5BAD949-7001-4FAC-A7B4-E9B426A53A76.pdf	D5BAD949-7001-4FAC-A7B4-E9B426A53A76	YES	320	150	450	NA	YES	NA	NA	NA	WHITE	NO	R0	NO	1	1580	Primary	1	3.4	4.8	2.9	Male	NA	Liver	Matched	NA	NA	NA	NA	NA	NA	LG	2.733333333	WITH TUMOR	None	A	74	2013
lihc_tcga	TCGA-MI-A75C	TCGA-MI-A75C-01	NO	4	0	9	64	M0	N0	Stage I	7th	T1	1.1	0.2	1.2	Hepatobiliary Cancer	Hepatocellular Carcinoma	A	NA	NA	NA	NA	1	0.6	1.3	573	0	NA	Segmentectomy, Single	9.56	0:DiseaseFree	NA	1	NOT HISPANIC OR LATINO	NA	NA	NA	11/19/13	0.1383	G3	175	NA	Hepatocellular Carcinoma	Hepatitis C	No	No	C22.0	8170/3	C22.0	YES	NO	NA	NA	NA	94	NO	TRUE	HCC	9.56	0:LIVING	NA	NA	A6C0DEF6-7649-485A-A679-50DAFB5EADE5	DB785F76-45D8-49B5-AF40-57B01EEBCC1B	TCGA-MI-A75C.D32D0307-8132-4492-9431-51C9C71DD7A1.pdf	D32D0307-8132-4492-9431-51C9C71DD7A1	NO	243	150	450	NA	NO	NA	NA	NA	WHITE	NO	R0	YES	1	40	Primary	1	3.5	4.9	4	Male	NA	Liver	Matched	NA	NA	NA	NA	NA	NA	MI	3.166666667	TUMOR FREE	None	A	84	2012
lihc_tcga	TCGA-MI-A75E	TCGA-MI-A75E-01	NO	5	0	9	61	M0	N0	Stage IIIC	7th	T4	1.1	0.2	1.2	Hepatobiliary Cancer	Hepatocellular Carcinoma	A	NA	NA	NA	NA	NA	0.6	1.3	157	0	NA	Segmentectomy, Single	16.66	0:DiseaseFree	NA	1	NOT HISPANIC OR LATINO	NA	1	YES	11/19/13	0.1609	G2	175	NA	Hepatocellular Carcinoma	Alcohol consumption|Hepatitis C	No	No	C22.0	8170/3	C22.0	YES	NO	1,2 - Portal Fibrosis	NA	NA	93	NO	TRUE	HCC	16.66	0:LIVING	NA	NA	010D5817-9A3F-4A06-8643-653116C044FF	63552745-EB7F-4948-A552-05B77F645DE4	TCGA-MI-A75E.F88435AB-695B-4481-BE6C-93FEE7954465.pdf	F88435AB-695B-4481-BE6C-93FEE7954465	NO	158	150	450	NA	NO	NA	NA	NA	WHITE	NO	R0	YES	1	80	Primary	1	3.5	4.9	3	Male	NA	Liver	Matched	NA	NA	NA	NA	NA	NA	MI	3.066666667	TUMOR FREE	Micro	A	103	2013
lihc_tcga	TCGA-MI-A75G	TCGA-MI-A75G-01	NO	6	0	9	63	M0	N0	Stage II	7th	T2	1.7	0.2	1.2	Hepatobiliary Cancer	Hepatocellular Carcinoma	B	NA	NA	NA	NA	0.5	0.6	1.3	427	0	NA	Lobectomy	22.93	0:DiseaseFree	NA	1	NOT HISPANIC OR LATINO	NA	1	YES	11/20/13	0.4654	G2	178	NA	Hepatocellular Carcinoma	Alcohol consumption|Hepatitis C	No	No	C22.0	8170/3	C22.0	YES	NO	6 - Established Cirrhosis	NA	NA	197	NO	TRUE	HCC	22.93	0:LIVING	NA	NA	22DD3876-1F2C-4DDD-8FAE-F5FB820993BA	688494F9-F573-4D02-A4A1-11341076E1FB	TCGA-MI-A75G.30FAEBBF-0EEE-40F5-9463-50FDDE258D4B.pdf	30FAEBBF-0EEE-40F5-9463-50FDDE258D4B	NO	160	150	450	NA	NO	NA	NA	NA	WHITE	NO	R0	YES	1	80	Primary	1	3.5	4.9	2.3	Male	NA	Liver	Matched	NA	NA	NA	NA	NA	NA	MI	6.566666667	TUMOR FREE	None	A	69	2012
lihc_tcga	TCGA-MI-A75H	TCGA-MI-A75H-01	NO	11	0	9	77	MX	NX	NA	7th	NA	2.3	0.2	1.2	Hepatobiliary Cancer	Hepatocellular Carcinoma	B	NA	NA	NA	NA	NA	0.6	1.3	287	0	NA	Segmentectomy, Single	10.09	1:Recurred/Progressed	NA	1	NOT HISPANIC OR LATINO	NA	NA	NA	11/20/13	0.1588	NA	173	NA	Hepatocellular Carcinoma	Hepatitis C	No	Yes	C22.0	8170/3	C22.0	YES	NO	6 - Established Cirrhosis	NA	NA	99	YES	TRUE	HCC	24.54	0:LIVING	NA	NA	F3F6BA92-C68F-4313-99F4-0281272E02B6	637339C3-46AA-4E37-82C8-09EF2B18CF9C	TCGA-MI-A75H.57959509-A138-4131-BE87-9A77ED365702.pdf	57959509-A138-4131-BE87-9A77ED365702	NO	138	150	450	NA	NO	NA	1.1	NA	WHITE	NO	R0	YES	1	30	Primary	1	3.5	4.9	3.3	Male	NA	Liver	Matched	NA	NA	NA	NA	NA	NA	MI	3.3	TUMOR FREE	Micro	A	84	2012
lihc_tcga	TCGA-MI-A75I	TCGA-MI-A75I-01	NA	NA	NA	NA	61	MX	NX	NA	7th	T2	NA	NA	NA	Hepatobiliary Cancer	Hepatocellular Carcinoma	A	NA	NA	NA	NA	NA	NA	NA	665	0	NA	Lobectomy	8.71	1:Recurred/Progressed	NA	1	NOT HISPANIC OR LATINO	NA	3	YES	11/20/13	0.3185	G1	188	NA	Hepatocellular Carcinoma	Hepatitis C	No	No	C22.0	8170/3	C22.0	YES	NO	NA	NA	NA	134	YES	TRUE	HCC	20.7	0:LIVING	NA	NA	55E53229-C58F-4922-8869-0F5E2F6C2D7D	F43F95A7-29D8-499A-B8EA-F2A2EDD906F9	TCGA-MI-A75I.4630A897-45DC-4122-BB86-A2943FE27CEA.pdf	4630A897-45DC-4122-BB86-A2943FE27CEA	NA	153	150	450	NA	NO	NA	NA	NA	BLACK OR AFRICAN AMERICAN	NA	R0	YES	1	50	Primary	1	NA	NA	NA	Male	NA	Liver	Matched	NA	NA	NA	NA	NA	NA	MI	4.433333333	NA	NA	A	100	2011
lihc_tcga	TCGA-MR-A520	TCGA-MR-A520-01	NA	NA	NA	NA	58	MX	NX	Stage I	7th	T1	NA	NA	NA	Hepatobiliary Cancer	Hepatocellular Carcinoma	NA	NA	NA	NA	NA	NA	NA	NA	106	0	NA	Lobectomy	7.52	0:DiseaseFree	NA	NA	NOT HISPANIC OR LATINO	NA	NA	NA	9/11/12	0.0000	G1	179	NA	Hepatocellular Carcinoma	Other	No	No	C22.0	8170/3	C22.0	YES	NO	NA	NA	NA	21	NA	TRUE	HCC	7.52	0:LIVING	Moderate alcohol consumption, anti TB drug used for TB positive testing	NA	25E893AD-A0FD-45AE-9AA9-9BCD7C2EC8E5	D7F0E432-C20B-4B2B-8D73-2A235F339BE7	TCGA-MR-A520.FA4ACC09-F22B-4253-8667-6C04369E5DCA.pdf	FA4ACC09-F22B-4253-8667-6C04369E5DCA	NA	NA	NA	NA	NA	YES	NA	NA	NA	WHITE	NA	NA	NO	1	270	Primary	1	NA	NA	NA	Male	NA	Liver	Matched	NA	NA	NA	NA	NA	NA	MR	0.666666667	TUMOR FREE	NA	A	104	2012
lihc_tcga	TCGA-MR-A8JO	TCGA-MR-A8JO-01	NO	2	NA	NA	34	MX	N0	Stage I	7th	T1	0.8	0.2	1.3	Hepatobiliary Cancer	Fibrolamellar Carcinoma	NA	NA	NA	NA	NA	NA	NA	NA	184	0	NA	Lobectomy	10.84	0:DiseaseFree	NA	NA	NA	NA	NA	NO	10/9/13	0.1188	G3	196	NA	Fibrolamellar Carcinoma	Alcohol consumption	No	No	C22.0	8171/3	C22.0	YES	NO	NA	NA	NA	25	NO	TRUE	FLC	10.84	0:LIVING	NA	NA	8574D285-E02A-4D2B-931B-73556A9FDA02	F2B89E54-EC4D-4C0A-95DB-2435412A7254	TCGA-MR-A8JO.DA03F6F5-2579-45B7-954B-8C0F8EFD0F75.pdf	DA03F6F5-2579-45B7-954B-8C0F8EFD0F75	NO	162	150	450	NA	YES	NA	NA	NA	WHITE	NO	RX	NO	1	350	Primary	1	3.9	5.1	4.1	Male	NA	Liver	Matched	NA	NA	NA	NA	NA	NA	MR	0.833333333	TUMOR FREE	None	A	90	2013
lihc_tcga	TCGA-NI-A4U2	TCGA-NI-A4U2-01	NO	5	NA	NA	71	MX	NX	Stage IIIA	6th	T3	NA	NA	NA	Hepatobiliary Cancer	Hepatocellular Carcinoma	NA	NA	NA	NA	NA	0.8	NA	NA	2802	0	NA	Lobectomy	42.21	1:Recurred/Progressed	NA	0	NOT HISPANIC OR LATINO	NA	3	YES	6/28/13	0.1269	G1	171	None	Hepatocellular Carcinoma	Alcohol consumption	No	No	C22.0	8170/3	C22.0	YES	NO	1,2 - Portal Fibrosis	NA	NA	79	YES	FALSE	HCC	58.84	1:DECEASED	NA	NA	9AEA3437-572A-48C6-BEB9-9BDBCB243875	83E8CDDF-0A86-4FED-96EA-0EA1C39CEEC5	TCGA-NI-A4U2.3AC56788-7CF9-4E6E-B1B8-7620A33E32A0.pdf	3AC56788-7CF9-4E6E-B1B8-7620A33E32A0	NO	299	NA	NA	NA	NO	NA	1	NA	WHITE	NO	R0	YES	1	320	Primary	1	NA	NA	NA	Male	NA	Liver	Matched	NA	NA	NA	NA	NA	NA	NI	2.6	WITH TUMOR	None	A	82	2005
lihc_tcga	TCGA-NI-A8LF	TCGA-NI-A8LF-01	NO	NA	NA	NA	74	MX	NX	Stage I	7th	T1	0.6	NA	NA	Hepatobiliary Cancer	Hepatocellular Carcinoma	NA	NA	NA	NA	NA	15	NA	NA	422	0	NA	Other (specify)	26.25	0:DiseaseFree	NA	1	NOT HISPANIC OR LATINO	NA	1	YES	4/3/14	0.4651	G3	171	None	Hepatocellular Carcinoma	Alcohol consumption	No	No	C22.0	8170/3	C22.0	YES	NO	NA	NA	NA	86	NO	TRUE	HCC	26.25	0:LIVING	NA	NA	420DC176-E9A8-484B-BFA3-1B84E039C26B	74F6A3DA-57D7-4B32-8EF2-186BD131F3B0	TCGA-NI-A8LF.5B4751DF-719F-4F2B-8D27-D69E480F6881.pdf	5B4751DF-719F-4F2B-8D27-D69E480F6881	NO	132	NA	NA	NA	NO	NA	NA	NA	WHITE	NO	R0	YES	1	240	Primary	1	NA	NA	1.2	Male	NA	Liver	Matched	NA	NA	NA	NA	NA	NA	NI	2.833333333	TUMOR FREE	None	A	104	2012
lihc_tcga	TCGA-O8-A75V	TCGA-O8-A75V-01	NO	7	0	7	54	MX	NX	Stage I	7th	T1	1.9	0.3	1.2	Hepatobiliary Cancer	Hepatocellular Carcinoma	A	NA	NA	NA	NA	1	0.5	1.5	142	0	NA	Other (specify)	17.67	0:DiseaseFree	NA	NA	HISPANIC OR LATINO	NA	1	YES	10/29/13	0.2609	G2	180	Mild	Hepatocellular Carcinoma	Alcohol consumption|Hepatitis B|Hepatitis C	No	No	C22.0	8170/3	C22.0	YES	NO	6 - Established Cirrhosis	NA	NA	66	NO	TRUE	HCC	17.67	0:LIVING	NA	NA	76CC9C06-0827-465E-BAB3-5F4115295EBE	2953EEFA-B97D-4328-90E1-5F991E2C2713	TCGA-O8-A75V.F3642560-1DE2-43D1-A8B5-06308AFF325E.pdf	F3642560-1DE2-43D1-A8B5-06308AFF325E	NO	211	140	450	NA	YES	9.3	9.1	13.1	NA	NO	R1	NO	1	270	Primary	1	2.9	4.4	3.8	Male	NA	Liver	Matched	NA	NA	NA	NA	NA	NA	O8	2.2	TUMOR FREE	None	A	92	2013
lihc_tcga	TCGA-PD-A5DF	TCGA-PD-A5DF-01	NO	NA	NA	NA	58	M0	N0	Stage IIIB	6th	T4	NA	NA	NA	Hepatobiliary Cancer	Hepatocellular Carcinoma	NA	NA	NA	NA	NA	NA	NA	NA	1906	0	NA	NA	NA	NA	NA	NA	NOT HISPANIC OR LATINO	NA	NA	YES	4/30/13	0.1803	G2	167	NA	Hepatocellular Carcinoma	No History of Primary Risk Factors	No	No	C22.0	8170/3	C22.0	YES	NO	NA	NA	NA	43	NO	TRUE	HCC	20.99	1:DECEASED	NA	NA	1987B453-F97D-45C7-9C89-B9A33313D645	0B88D087-50FB-4893-AE37-2FC5990A5B15	TCGA-PD-A5DF.8D63D119-DC81-45FE-9F02-8228A7160C55.pdf	8D63D119-DC81-45FE-9F02-8228A7160C55	YES	NA	NA	NA	NA	NO	NA	NA	NA	WHITE	NO	NA	YES	1	140	Primary	1	NA	NA	NA	Female	NA	Liver	Matched	NA	NA	NA	NA	NA	NA	PD	1.433333333	WITH TUMOR	NA	A	72	2007
lihc_tcga	TCGA-QA-A7B7	TCGA-QA-A7B7-01	NO	1751	0	8	48	MX	NX	Stage II	7th	T2	1	0.3	1.2	Hepatobiliary Cancer	Hepatocellular Carcinoma	A	NA	NA	NA	NA	1	0.7	1.2	27	0	NA	Other (specify)	2.89	1:Recurred/Progressed	NA	1	NOT HISPANIC OR LATINO	NA	NA	NO	12/23/13	0.2544	G2	180	Mild	Hepatocellular Carcinoma	Hepatitis B	No	No	C22.0	8170/3	C22.0	YES	NO	0 - No Fibrosis	NA	NA	65	NO	TRUE	HCC	3.09	0:LIVING	NA	NA	B0952FD6-62EE-44EF-9A2A-E5262ED4721A	82D635AC-27D1-4AAD-BC9C-D52885345163	TCGA-QA-A7B7.20257CE0-FCFF-41B4-B9A3-47397B147ED8.pdf	20257CE0-FCFF-41B4-B9A3-47397B147ED8	NO	218	150	400	NA	YES	10.4	11.5	13.1	BLACK OR AFRICAN AMERICAN	NO	RX	NO	1	80	Primary	1	3.5	4.8	4.2	Male	NA	Liver	Matched	NA	NA	NA	NA	NA	NA	QA	2.2	TUMOR FREE	Micro	A	108	2013
lihc_tcga	TCGA-RC-A6M3	TCGA-RC-A6M3-01	NO	NA	NA	NA	24	M0	N0	Stage II	6th	T2	NA	NA	NA	Hepatobiliary Cancer	Hepatocellular Carcinoma	NA	NA	NA	NA	NA	NA	NA	NA	1539	0	NA	Lobectomy	0	0:DiseaseFree	NA	NA	NA	NA	NA	NO	7/9/15	0.4863	G3	175	NA	Hepatocellular Carcinoma	NA	No	No	C22.0	8170/3	C22.0	YES	NO	NA	NA	NA	61	NA	TRUE	HCC	0	0:LIVING	NA	NA	C6A74DB2-CF97-4C7B-BE8C-557EE27E1D43	642AC714-E100-4DA6-A696-0CF9465A10B4	TCGA-RC-A6M3.E01BF72F-DD73-46D9-8767-A90593DB371B.pdf	E01BF72F-DD73-46D9-8767-A90593DB371B	NA	NA	NA	NA	NA	NO	NA	NA	NA	AMERICAN INDIAN OR ALASKA NATIVE	NA	R0	YES	1	50	Primary	1	NA	NA	NA	Male	NA	Liver	Matched	NA	NA	NA	NA	NA	NA	RC	2.066666667	NA	Micro	A	NA	2009
lihc_tcga	TCGA-RC-A6M4	TCGA-RC-A6M4-01	NO	5	0	44	74	MX	NX	Stage IIIA	7th	T3	0.6	0.2	1.3	Hepatobiliary Cancer	Hepatocellular Carcinoma	A	NA	NA	NA	NA	0.9	0.8	1.3	1077	0	NA	Segmentectomy, Multiple	0.72	0:DiseaseFree	NA	1	NOT HISPANIC OR LATINO	NA	2	YES	7/9/15	0.4046	G2	NA	NA	Hepatocellular Carcinoma	No History of Primary Risk Factors	No	No	C22.0	8170/3	C22.0	YES	NO	NA	NA	NA	141	NA	TRUE	HCC	0.72	0:LIVING	NA	NA	2D1DC64D-27DE-4C83-A7FA-88DA5B48BF24	81585E57-7E85-44BB-88BE-F2764E35269D	TCGA-RC-A6M4.EE8C11B9-C9E3-4940-86A0-08C388EB8C1A.pdf	EE8C11B9-C9E3-4940-86A0-08C388EB8C1A	NA	NA	NA	NA	NA	NO	NA	NA	NA	WHITE	NA	R1	YES	1	70	Primary	1	3.5	4.8	2.3	Female	NA	Liver	Matched	NA	NA	NA	NA	NA	NA	RC	4.633333333	NA	None	A	87	2010
lihc_tcga	TCGA-RC-A6M5	TCGA-RC-A6M5-01	NO	NA	NA	NA	20	M0	N1	Stage IVA	7th	T1	0.5	0.2	1.3	Hepatobiliary Cancer	Fibrolamellar Carcinoma	A	NA	NA	NA	NA	0.4	0.8	1.3	484	0	NA	Lobectomy	0.49	0:DiseaseFree	NA	NA	NA	NA	NA	NO	7/9/15	0.0280	G2	NA	NA	Fibrolamellar Carcinoma	No History of Primary Risk Factors	No	No	C22.0	8171/3	C22.0	YES	NO	NA	NA	NA	19	NA	TRUE	FLC	0.49	0:LIVING	NA	NA	D504EE30-6955-4A7B-9311-55AD3DECADD5	60914737-D016-4C0D-BC54-F5FBFDE78ADB	TCGA-RC-A6M5.CFE4CEBF-2B23-4ABD-8F50-2B7C4A432AA6.pdf	CFE4CEBF-2B23-4ABD-8F50-2B7C4A432AA6	NA	317000	150000	400000	NA	NO	0.9	1.2	1.2	WHITE	NA	R0	YES	1	50	Primary	1	3.5	4.8	3.9	Female	NA	Liver	Matched	NA	NA	NA	NA	NA	NA	RC	0.633333333	NA	None	A	NA	2012
lihc_tcga	TCGA-RC-A6M6	TCGA-RC-A6M6-01	NO	12986	0	44	75	M0	NX	Stage II	7th	T2	2.3	0.2	1.3	Hepatobiliary Cancer	Hepatocellular Carcinoma	B	NA	NA	NA	NA	0.8	0.8	1.3	748	0	NA	Segmentectomy, Multiple	0.3	0:DiseaseFree	NA	NA	NOT HISPANIC OR LATINO	NA	NA	NA	7/9/15	0.2793	G3	NA	NA	Hepatocellular Carcinoma	Alcohol consumption	No	No	C22.0	8170/3	C22.0	YES	NO	NA	NA	NA	162	NA	TRUE	HCC	0.3	0:LIVING	NA	NA	A62F065E-7491-493A-87B3-D213CD87091D	9DC8F8F5-BFEC-48DF-9CE8-EE9526C6A4D8	TCGA-RC-A6M6.210AAA2E-0B18-4C08-815D-BC523FF2A7D5.pdf	210AAA2E-0B18-4C08-815D-BC523FF2A7D5	NA	235000	150000	400000	NA	NO	0.9	1.3	1.2	WHITE	NA	R1	YES	1	110	Primary	1	3.5	4.8	2.8	Male	NA	Liver	Matched	NA	NA	NA	NA	NA	NA	RC	5.333333333	NA	None	A	NA	2011
lihc_tcga	TCGA-RC-A7S9	TCGA-RC-A7S9-01	NO	10	0	20	47	M0	N0	Stage I	7th	T1	0.8	0.1	1.3	Hepatobiliary Cancer	Hepatocellular Carcinoma	A	NA	NA	NA	NA	0.7	0.3	1.2	383	0	NA	Segmentectomy, Single	21.02	0:DiseaseFree	NA	0	NOT HISPANIC OR LATINO	NA	NA	NA	7/21/14	0.1606	G3	161	Mild	Hepatocellular Carcinoma	Hepatitis B	No	No	C22.0	8170/3	C22.0	YES	NO	6 - Established Cirrhosis	NA	NA	50	NO	TRUE	HCC	21.02	0:LIVING	NA	NA	F5DE6712-4DE4-43DE-8EB5-EC2A798C8438	D70C86B2-D403-4CB3-A381-076819B5B414	TCGA-RC-A7S9.A537996A-E747-4906-B488-43181F3C7E17.pdf	A537996A-E747-4906-B488-43181F3C7E17	NO	178000	150000	400000	NA	YES	0.8	1.1	1.3	ASIAN	NO	R0	NO	1	20	Primary	1	3.1	5.2	4.3	Female	NA	Liver	Matched	NA	NA	NA	NA	NA	NA	RC	1.666666667	TUMOR FREE	None	A	58	2012
lihc_tcga	TCGA-RC-A7SB	TCGA-RC-A7SB-01	NO	3	0	20	53	M0	N0	Stage II	7th	T2	3.7	0.1	1.3	Hepatobiliary Cancer	Hepatocellular Carcinoma	B	NA	NA	NA	NA	1.1	0.3	1.2	343	0	NA	Lobectomy	19.32	0:DiseaseFree	NA	0	NOT HISPANIC OR LATINO	NA	NA	NA	7/21/14	0.1806	G2	166	None	Hepatocellular Carcinoma	Hepatitis B	No	No	C22.0	8170/3	C22.0	YES	NO	0 - No Fibrosis	NA	NA	38	NO	TRUE	HCC	19.32	0:LIVING	NA	NA	26D93D77-AB66-45AA-A162-98D091221AFB	A3F87572-A82E-4CD9-821D-A1EA2CAF867C	TCGA-RC-A7SB.5B9D93C9-3051-4E0C-97B1-25E9CDD9CFE1.pdf	5B9D93C9-3051-4E0C-97B1-25E9CDD9CFE1	NO	196000	150000	400000	NA	YES	0.8	1	1.3	ASIAN	NO	R0	NO	1	110	Primary	1	3.1	5.2	4.8	Male	NA	Liver	Matched	NA	NA	NA	NA	NA	NA	RC	1.233333333	TUMOR FREE	None	A	61	2012
lihc_tcga	TCGA-RC-A7SF	TCGA-RC-A7SF-01	NO	87	0	20	66	M0	N0	Stage I	7th	T1	0.8	0.1	1.3	Hepatobiliary Cancer	Hepatocellular Carcinoma	A	NA	NA	NA	NA	1	0.3	1.2	285	0	NA	Segmentectomy, Single	16.49	1:Recurred/Progressed	NA	0	NOT HISPANIC OR LATINO	NA	NA	NA	7/21/14	0.2460	G2	170	None	Hepatocellular Carcinoma	Hepatitis C	No	No	C22.0	8170/3	C22.0	YES	NO	3,4 - Fibrous Speta	NA	NA	31	YES	TRUE	HCC	19.02	0:LIVING	NA	NA	714A6878-ED2A-47F3-9755-B705AC144D68	FFAA3256-0DC7-4E99-9ED5-CAC165F3750E	TCGA-RC-A7SF.D4F398CC-0003-4C08-989F-3C60762B100F.pdf	D4F398CC-0003-4C08-989F-3C60762B100F	NO	209000	150000	400000	NA	YES	0.8	0.9	1.3	ASIAN	NO	R0	NO	1	20	Primary	1	3.1	5.2	4.4	Male	NA	Liver	Matched	NA	NA	NA	NA	NA	NA	RC	1.033333333	WITH TUMOR	None	A	76	2012
lihc_tcga	TCGA-RC-A7SH	TCGA-RC-A7SH-01	NO	2466	0	20	42	M0	N0	Stage II	7th	T2	0.5	0.1	1.3	Hepatobiliary Cancer	Hepatocellular Carcinoma	A	NA	NA	NA	NA	0.8	0.3	1.2	271	0	NA	Lobectomy	2.99	1:Recurred/Progressed	NA	1	NOT HISPANIC OR LATINO	NA	NA	NA	7/21/14	0.3846	G3	174	None	Hepatocellular Carcinoma	Hepatitis B	No	No	C22.0	8174/3	C22.0	YES	NO	3,4 - Fibrous Speta	NA	NA	57	YES	TRUE	HCC	15.37	0:LIVING	NA	NA	32A98B3D-4CBD-4DCC-AC71-428FAFC5E1C3	4006AAA4-B2EC-47FE-B35A-319D16E30DD0	TCGA-RC-A7SH.F862582D-03E2-41AB-85C8-B637C2573E74.pdf	F862582D-03E2-41AB-85C8-B637C2573E74	NO	225	150000	400000	NA	YES	0.8	1	1.3	ASIAN	NO	R0	NO	1	10	Primary	1	3.1	5.2	4.1	Male	NA	Liver	Matched	NA	NA	NA	NA	NA	NA	RC	1.866666667	WITH TUMOR	Micro	A	68	2012
lihc_tcga	TCGA-RC-A7SK	TCGA-RC-A7SK-01	NO	25	0	20	59	M0	N0	Stage I	7th	T1	0.6	0.1	1.3	Hepatobiliary Cancer	Hepatocellular Carcinoma	A	NA	NA	NA	NA	1	0.3	1.2	232	0	NA	Lobectomy	10.25	1:Recurred/Progressed	NA	0	NOT HISPANIC OR LATINO	NA	NA	NA	7/21/14	0.3095	G3	169	None	Hepatocellular Carcinoma	Hepatitis C	No	No	C22.0	8170/3	C22.0	YES	NO	1,2 - Portal Fibrosis	NA	NA	106	YES	TRUE	HCC	15.51	0:LIVING	NA	NA	ACFD58EB-C546-49C3-A846-684F22428219	97C393D9-BB30-4504-8621-FD7827B6CD16	TCGA-RC-A7SK.5C08444C-DD26-44C1-BDF3-E6E581126F38.pdf	5C08444C-DD26-44C1-BDF3-E6E581126F38	NO	138000	150000	400000	NA	YES	0.8	1	1.3	ASIAN	NO	R0	NO	1	40	Primary	1	3.1	5.2	4.3	Male	NA	Liver	Matched	NA	NA	NA	NA	NA	NA	RC	3.533333333	TUMOR FREE	Micro	A	60	2013
lihc_tcga	TCGA-RG-A7D4	TCGA-RG-A7D4-01	NO	5650	0	9	69	M0	N0	Stage II	7th	T2	1	1	2	Hepatobiliary Cancer	Hepatocellular Carcinoma	A	NA	NA	NA	NA	1	1	2	530	0	NA	Segmentectomy, Single	36.07	0:DiseaseFree	NA	NA	NOT HISPANIC OR LATINO	NA	2	YES	6/27/14	0.4577	G2	172	NA	Hepatocellular Carcinoma	Hepatitis C	No	No	C22.0	8170/3	C22.0	YES	NO	NA	NA	NA	79	NO	TRUE	HCC	36.07	0:LIVING	NA	NA	08CBBB39-D05A-48B0-A966-5212C5923C8B	20A2B10B-B7E3-4FE3-B8B6-ECBD4E91C5EB	TCGA-RG-A7D4.C8724B8E-5FC3-419B-9CC8-E6046D671D96.pdf	C8724B8E-5FC3-419B-9CC8-E6046D671D96	NO	175	150	400	NA	YES	1	1	2	BLACK OR AFRICAN AMERICAN	NO	R0	NO	1	250	Primary	1	3	5	3	Male	NA	Liver	Matched	NA	NA	NA	NA	NA	NA	RG	2.633333333	TUMOR FREE	NA	A	87	2012
lihc_tcga	TCGA-T1-A6J8	TCGA-T1-A6J8-01	NA	NA	NA	NA	68	M0	NX	NA	7th	T1	NA	NA	NA	Hepatobiliary Cancer	Hepatocellular Carcinoma	NA	NA	NA	NA	NA	NA	NA	NA	77	0	NA	Segmentectomy, Multiple	0.76	0:DiseaseFree	NA	NA	NOT HISPANIC OR LATINO	NA	NA	NA	11/12/14	0.2627	G2	188	NA	Hepatocellular Carcinoma	Alcohol consumption	No	Yes	C22.0	8170/3	C22.0	YES	NO	NA	NA	NA	72	NA	TRUE	HCC	0.76	0:LIVING	NA	NA	59F163D2-6A7C-41B8-B4D6-F07174DAFC6E	44173AC6-A31D-4034-8E96-DB1FD1DAADBB	TCGA-T1-A6J8.CEAA3A97-FE48-4408-9DCA-21D924287CAC.pdf	CEAA3A97-FE48-4408-9DCA-21D924287CAC	NA	NA	NA	NA	NA	NO	NA	NA	NA	WHITE	NA	RX	YES	1	340	Primary	1	NA	NA	NA	Male	NA	Liver	Matched	NA	NA	NA	NA	NA	NA	T1	2.366666667	TUMOR FREE	None	A	65	2013
lihc_tcga	TCGA-UB-A7MA	TCGA-UB-A7MA-01	NO	2008	0	8	62	M0	N0	Stage II	7th	T2b	1.2	0	1	Hepatobiliary Cancer	Hepatocellular Carcinoma plus Intrahepatic Cholangiocarcinoma	A	NA	NA	NA	NA	0.7	0.4	0.9	109	0	NA	Extended Lobectomy	15.7	1:Recurred/Progressed	NA	0	NOT HISPANIC OR LATINO	NA	NA	NO	8/12/14	0.4301	G2	165	None	Hepatocholangiocarcinoma (Mixed)	No History of Primary Risk Factors	No	No	C22.0	8180/3	C22.0	YES	NO	0 - No Fibrosis	NA	NA	51	YES	TRUE	HCCIHCH	27.86	0:LIVING	NA	NA	10179EFC-A091-4119-8EC2-30DB6269D674	B9F894F9-7E61-4604-968E-2592642FC53B	TCGA-UB-A7MA.82349CD5-39AA-42F8-80A1-B438B2300D09.pdf	82349CD5-39AA-42F8-80A1-B438B2300D09	YES	600	140	450	NA	YES	0.9	0.9	1.2	WHITE	NO	R1	NO	1	500	Primary	1	3.4	5	4	Female	NA	Liver	Matched	NA	NA	NA	NA	NA	NA	UB	1.7	WITH TUMOR	Micro	A	85	2013
lihc_tcga	TCGA-UB-A7MB	TCGA-UB-A7MB-01	NO	1865	0	8	24	MX	NX	Stage II	7th	T2	0.4	0.2	1.3	Hepatobiliary Cancer	Hepatocellular Carcinoma	A	NA	NA	NA	NA	0.4	0.7	1.2	176	0	NA	Lobectomy	1.58	1:Recurred/Progressed	NA	0	NOT HISPANIC OR LATINO	NA	NA	NO	8/15/14	0.1698	G3	180	None	Hepatocellular Carcinoma	No History of Primary Risk Factors	No	No	C22.0	8170/3	C22.0	YES	NO	0 - No Fibrosis	NA	NA	1095	YES	TRUE	HCC	19.74	0:LIVING	NA	NA	AF1E56AF-410C-4CAD-A4E8-1C6937F1A350	110DC5CC-BFE1-427D-87EF-037B719BF96F	TCGA-UB-A7MB.8B239487-4D0E-45EF-84EB-F61B23C42FE7.pdf	8B239487-4D0E-45EF-84EB-F61B23C42FE7	NO	583	140	450	NA	YES	0.9	1	1.2	WHITE	NO	R0	NO	1	140	Primary	1	3.5	4.8	3.1	Male	NA	Liver	Matched	NA	NA	NA	NA	NA	NA	UB	36.5	WITH TUMOR	Micro	A	62	2013
lihc_tcga	TCGA-UB-A7MC	TCGA-UB-A7MC-01	NO	126	0	8	59	MX	N0	Stage IIIA	7th	T3a	1.5	0.2	1.3	Hepatobiliary Cancer	Hepatocellular Carcinoma	A	NA	NA	NA	NA	0.7	0.7	1.2	88	0	NA	Lobectomy	11.79	1:Recurred/Progressed	NA	0	NOT HISPANIC OR LATINO	NA	NA	NO	8/15/14	0.4477	G3	176	Mild	Hepatocellular Carcinoma	Alcohol consumption|Hepatitis B	No	No	C22.0	8170/3	C22.0	YES	NO	1,2 - Portal Fibrosis	NA	NA	53	NA	TRUE	HCC	16.43	0:LIVING	NA	NA	F82AFF25-0725-48D1-AEFD-D60800F7D1AB	208FA54C-B09D-421B-BACD-FE9E91FCA556	TCGA-UB-A7MC.B391B6EA-425D-411D-AA4C-EE43B861E807.pdf	B391B6EA-425D-411D-AA4C-EE43B861E807	NO	200	140	450	NA	YES	0.9	0.9	1.2	WHITE	NO	R0	NO	1	540	Primary	1	3.5	4.8	3.9	Male	NA	Liver	Matched	NA	NA	NA	NA	NA	NA	UB	1.766666667	NA	Micro	A	78	2013
lihc_tcga	TCGA-UB-A7MD	TCGA-UB-A7MD-01	NO	23	0	8	67	MX	N0	Stage I	7th	T1	0.8	0.2	1.3	Hepatobiliary Cancer	Hepatocellular Carcinoma	A	NA	NA	NA	NA	1	0.7	1.2	128	0	NA	Segmentectomy, Multiple	NA	NA	NA	0	NOT HISPANIC OR LATINO	NA	NA	NO	8/15/14	0.1905	G3	175	NA	Hepatocellular Carcinoma	Alcohol consumption|Hepatitis C	No	No	C22.0	8170/3	C22.0	YES	NO	6 - Established Cirrhosis	NA	NA	86	NO	TRUE	HCC	1.71	1:DECEASED	NA	NA	C49B41BF-0025-4682-966B-CFE8FB2B2546	2A293FEF-70C7-4884-98BA-A5FEA95BF541	TCGA-UB-A7MD.DF3145A4-6311-4DCD-914F-3B3AABE4DAE7.pdf	DF3145A4-6311-4DCD-914F-3B3AABE4DAE7	NO	201	140	450	NA	YES	0.9	1	1.2	BLACK OR AFRICAN AMERICAN	NO	R0	NO	1	140	Primary	1	3.5	4.8	3.5	Male	NA	Liver	Matched	NA	NA	NA	NA	NA	NA	UB	2.933333333	TUMOR FREE	Micro	A	57	2013
lihc_tcga	TCGA-UB-A7ME	TCGA-UB-A7ME-01	NO	1388	0	8	51	MX	NX	Stage I	7th	T1	0.6	0.2	1.3	Hepatobiliary Cancer	Hepatocellular Carcinoma	B	NA	NA	NA	NA	1.1	0.7	1.2	154	0	NA	Segmentectomy, Single	15.97	0:DiseaseFree	NA	0	NOT HISPANIC OR LATINO	NA	NA	NO	8/16/14	0.4304	G2	165	Mild	Hepatocellular Carcinoma	Hepatitis B	No	No	C22.0	8170/3	C22.0	YES	NO	1,2 - Portal Fibrosis	NA	NA	72	NO	TRUE	HCC	15.97	0:LIVING	NA	NA	BE1240F0-34DC-4205-B152-C26F11D28462	E473499A-00C0-47A4-8E1C-FEAE98A8DF32	TCGA-UB-A7ME.AAC76123-7B45-4C65-A90D-EEE823A0F84B.pdf	AAC76123-7B45-4C65-A90D-EEE823A0F84B	NO	181	140	450	NA	YES	0.9	1	1.2	ASIAN	NO	R0	NO	1	70	Primary	1	3.5	4.8	4.2	Male	NA	Liver	Matched	NA	NA	NA	NA	NA	NA	UB	2.4	TUMOR FREE	None	A	75	2013
lihc_tcga	TCGA-UB-A7MF	TCGA-UB-A7MF-01	NO	2505	0	8	56	MX	NX	Stage IIIA	7th	T3a	1.1	0.2	1.3	Hepatobiliary Cancer	Hepatocellular Carcinoma	A	NA	NA	NA	NA	0.9	0.7	1.2	240	0	NA	Segmentectomy, Single	4.37	1:Recurred/Progressed	NA	NA	NOT HISPANIC OR LATINO	NA	1	YES	8/16/14	0.2654	G2	195	NA	Hepatocellular Carcinoma	Hepatitis B|Hepatitis C	No	Yes	C22.0	8170/3	C22.0	YES	NO	6 - Established Cirrhosis	NA	NA	85	YES	TRUE	HCC	7.03	1:DECEASED	NA	NA	8EEF926B-F316-4FDB-B84A-262010258FEB	D421EEED-621F-4137-9D3F-1E06C8EB9606	TCGA-UB-A7MF.7A3E5345-5272-4D82-8E97-40CCE9BAF330.pdf	7A3E5345-5272-4D82-8E97-40CCE9BAF330	NO	130	140	450	NA	YES	0.9	1	1.2	WHITE	NO	R0	NO	1	380	Primary	1	3.5	4.8	3.6	Male	NA	Liver	Matched	NA	NA	NA	NA	NA	NA	UB	2.8	WITH TUMOR	Micro	A	95	2013
lihc_tcga	TCGA-UB-AA0U	TCGA-UB-AA0U-01	NO	26	0	8	60	MX	NX	Stage II	7th	T2	0.7	0.2	1.3	Hepatobiliary Cancer	Hepatocellular Carcinoma	A	NA	NA	NA	NA	0.6	0.7	1.2	18	0	NA	Segmentectomy, Single	3.48	1:Recurred/Progressed	NA	0	NOT HISPANIC OR LATINO	NA	2	YES	8/16/14	0.4287	G2	178	Mild	Hepatocellular Carcinoma	Non-Alcoholic Fatty Liver Disease	No	No	C22.0	8170/3	C22.0	YES	NO	0 - No Fibrosis	NA	NA	63	YES	TRUE	HCC	10.74	0:LIVING	NA	NA	AE8D4B34-D40A-482D-9D45-23242843DF00	E1AF89C8-F9AB-4599-A1F5-C7145D40378E	TCGA-UB-AA0U.00C0CD33-615E-47A6-8CEF-EE3A67F277D3.pdf	00C0CD33-615E-47A6-8CEF-EE3A67F277D3	NO	227	140	450	NA	YES	0.9	1.1	1.2	WHITE	NO	R1	NO	1	730	Primary	1	3.5	4.8	3.9	Male	NA	Liver	Matched	NA	NA	NA	NA	NA	NA	UB	2.133333333	WITH TUMOR	None	A	93	2013
lihc_tcga	TCGA-UB-AA0V	TCGA-UB-AA0V-01	NO	3	0	8	69	MX	NX	Stage I	7th	NA	1	0.2	1.3	Hepatobiliary Cancer	Hepatocellular Carcinoma	A	NA	NA	NA	NA	0.7	0.5	1	7	0	NA	Segmentectomy, Single	10.32	0:DiseaseFree	NA	0	NOT HISPANIC OR LATINO	NA	1	YES	8/16/14	0.0000	G1	175	Mild	Hepatocellular Carcinoma	Hemochromatosis	No	Yes	C22.0	8170/3	C22.0	YES	NO	0 - No Fibrosis	NA	NA	30	NO	TRUE	HCC	10.32	0:LIVING	NA	NA	EA214F79-0F6B-403F-8693-C844BF4B77CB	04A89FE8-95FD-4C44-95EF-7953A6AAF304	TCGA-UB-AA0V.0BEA5A64-9DDE-45A8-A788-5EE2CEC6F6E4.pdf	0BEA5A64-9DDE-45A8-A788-5EE2CEC6F6E4	NO	273	140	450	NA	YES	0.9	0.9	1.2	WHITE	NO	R0	NO	1	110	Primary	1	3.5	4.8	3.8	Female	NA	Liver	Matched	NA	NA	NA	NA	NA	NA	UB	1	TUMOR FREE	None	A	57	2013
lihc_tcga	TCGA-WJ-A86L	TCGA-WJ-A86L-01	NO	16	NA	6	68	MX	NX	Stage I	7th	T1	0.5	0.1	1.2	Hepatobiliary Cancer	Hepatocellular Carcinoma	A	NA	NA	NA	NA	0.9	0.5	1.1	95	0	NA	Segmentectomy, Single	11.33	0:DiseaseFree	NA	1	NOT HISPANIC OR LATINO	NA	NA	NO	5/29/14	0.1545	G2	159	None	Hepatocellular Carcinoma	No History of Primary Risk Factors	No	No	C22.0	8310/3	C22.0	YES	NO	0 - No Fibrosis	NA	NA	113	NO	FALSE	HCC	11.33	0:LIVING	NA	NA	63D475EF-8F26-45ED-AE80-CFA87E68B2F5	AB5CCF89-2C0D-4B45-BE11-5C859C1CF427	TCGA-WJ-A86L.2C93F65E-88FD-405F-86F1-0E35C7F46DC2.pdf	2C93F65E-88FD-405F-86F1-0E35C7F46DC2	NO	257000	125000	415000	NA	YES	2	0.9	3	WHITE	NO	R0	NO	1	270	Primary	1	3.4	4.8	4.2	Female	NA	Liver	Matched	NA	NA	NA	NA	NA	NA	WJ	3.733333333	NA	None	A	56	2013
lihc_tcga	TCGA-WQ-A9G7	TCGA-WQ-A9G7-01	NO	NA	NA	NA	71	M0	NX	NA	7th	T3a	0.7	0.3	1.2	Hepatobiliary Cancer	Hepatocellular Carcinoma	NA	NA	NA	NA	NA	0.4	0.4	1	165	0	NA	Other (specify)	0.99	0:DiseaseFree	NA	NA	NOT HISPANIC OR LATINO	NA	NA	NO	5/21/14	0.4075	G3	157	NA	Hepatocellular Carcinoma	No History of Primary Risk Factors	No	No	C22.0	8170/3	C22.0	YES	NO	NA	NA	NA	366	NO	FALSE	HCC	0.99	0:LIVING	NA	NA	491A3734-DCB8-4779-B098-0B5567F13F87	59C5FC11-A9E1-4A62-9565-8A1DCC5B27AA	TCGA-WQ-A9G7.211B2C4B-7DEB-4031-A3D2-5464A7386245.pdf	211B2C4B-7DEB-4031-A3D2-5464A7386245	NO	266	150	400	NA	NO	0.8	1.3	1.2	WHITE	NO	R0	YES	1	160	Primary	1	3.5	5	3.5	Female	NA	Liver	Matched	NA	NA	NA	NA	NA	NA	WQ	12.16666667	TUMOR FREE	None	A	69	2013
lihc_tcga	TCGA-WQ-AB4B	TCGA-WQ-AB4B-01	NO	5	0	15	62	M0	NX	Stage II	7th	T2	1.7	0.3	1.2	Hepatobiliary Cancer	Hepatocellular Carcinoma	A	NA	NA	NA	NA	1.1	0.4	1.2	107	0	NA	Segmentectomy, Single	8.97	1:Recurred/Progressed	NA	NA	NOT HISPANIC OR LATINO	NA	NA	NO	6/18/14	0.3343	G2	175	NA	Hepatocellular Carcinoma	Alcohol consumption|Non-Alcoholic Fatty Liver Disease|Other	No	No	C22.0	8170/3	C22.0	YES	NO	NA	NA	NA	52	NO	FALSE	HCC	12.98	0:LIVING	Hepatic Encephalopathy	NA	D5471A2B-F14C-44DE-9142-5A5FB07B6FC2	0EE59A68-AE0F-4421-9805-D4C48C64B613	TCGA-WQ-AB4B.A0DBAC80-0D07-41BD-9AD2-E73D2DE2FBC7.pdf	A0DBAC80-0D07-41BD-9AD2-E73D2DE2FBC7	NO	NA	NA	NA	NA	NO	0.8	1.3	1.2	WHITE	NO	R0	YES	1	80	Primary	1	3.5	5	3.3	Male	NA	Liver	Matched	NA	NA	NA	NA	NA	NA	WQ	1.733333333	TUMOR FREE	Micro	A	122	2013
lihc_tcga	TCGA-WX-AA44	TCGA-WX-AA44-01	NO	48	0	6	64	MX	NX	Stage I	7th	T1	0.5	0	1.2	Hepatobiliary Cancer	Hepatocellular Carcinoma	A	NA	NA	NA	NA	0.6	0.5	1.2	924	0	NA	Other (specify)	8.08	1:Recurred/Progressed	NA	1	HISPANIC OR LATINO	NA	NA	NO	4/21/14	0.1867	G3	152	None	Hepatocellular Carcinoma	Non-Alcoholic Fatty Liver Disease	No	No	C22.0	8170/3	C22.0	YES	NO	6 - Established Cirrhosis	NA	NA	63	YES	TRUE	HCC	20.2	0:LIVING	NA	NA	5436FAFB-BC16-4450-AC8B-568E1E5EE5FE	FAF5DE3B-B8B2-43D9-89C4-1A6B2EE207A5	TCGA-WX-AA44.759F0B44-92DC-4E47-BA10-7B19C4272485.pdf	759F0B44-92DC-4E47-BA10-7B19C4272485	YES	215	150	350	NA	YES	0.9	0.9	1.2	WHITE	YES	RX	NO	1	90	Primary	1	3.5	5	4.4	Female	NA	Liver	Matched	NA	NA	NA	NA	NA	NA	WX	2.1	WITH TUMOR	None	A	61	2011
lihc_tcga	TCGA-WX-AA46	TCGA-WX-AA46-01	NO	1	0	6	61	MX	NX	Stage II	7th	T2	1.3	0	1.2	Hepatobiliary Cancer	Hepatocellular Carcinoma	A	NA	NA	NA	NA	1.2	0.5	1.2	456	0	NA	Other (specify)	24.84	0:DiseaseFree	NA	0	NOT HISPANIC OR LATINO	NA	3	YES	6/10/14	0.0543	G1	156	None	Hepatocellular Carcinoma	No History of Primary Risk Factors	No	No	C22.0	8170/3	C22.0	YES	NO	0 - No Fibrosis	NA	NA	46	NO	TRUE	HCC	24.84	0:LIVING	NA	NA	02C41E28-CF14-42E2-9E15-F43248AE16E0	3117E503-DD64-4FBE-8EA6-406637D39C5F	TCGA-WX-AA46.A767B73F-5C51-47E8-A569-E112DBB987FF.pdf	A767B73F-5C51-47E8-A569-E112DBB987FF	NO	205	150	350	NA	NO	0.8	1	1.1	WHITE	NO	R0	YES	1	80	Primary	1	3.5	5	4.6	Male	NA	Liver	Matched	NA	NA	NA	NA	NA	NA	WX	1.566666667	TUMOR FREE	Macro	A	75	2012
lihc_tcga	TCGA-WX-AA47	TCGA-WX-AA47-01	NO	1	0	6	33	MX	NX	Stage IIIA	7th	T3a	0.2	NA	1.2	Hepatobiliary Cancer	Hepatocellular Carcinoma	A	NA	NA	NA	NA	0.6	0.5	1.2	626	0	NA	Lobectomy	15.93	1:Recurred/Progressed	NA	2	NOT HISPANIC OR LATINO	NA	NA	NO	6/10/14	0.2300	G2	168	Mild	Hepatocellular Carcinoma	No History of Primary Risk Factors	No	No	C22.0	8170/3	C22.0	YES	NO	0 - No Fibrosis	NA	NA	38	YES	TRUE	HCC	18.27	1:DECEASED	NA	NA	39E147C9-2ACB-4BA8-A991-E43E1719B2D8	45F1A40F-B2C2-45A2-AEC8-954945857C31	TCGA-WX-AA47.473868C8-CFDF-42E6-B6DC-48A737697D07.pdf	473868C8-CFDF-42E6-B6DC-48A737697D07	YES	423	150	350	NA	NO	0.8	0.9	1.1	WHITE	YES	R0	YES	1	60	Primary	1	3.5	5	2.8	Female	NA	Liver	Matched	NA	NA	NA	NA	NA	NA	WX	1.266666667	WITH TUMOR	Macro	A	63	2012
lihc_tcga	TCGA-XR-A8TC	TCGA-XR-A8TC-01	YES	47	6	6	43	MX	NX	Stage I	7th	T1	0.2	0.2	1.2	Hepatobiliary Cancer	Hepatocellular Carcinoma	A	NA	NA	NA	NA	0.7	0.7	1.5	908	0	NA	Segmentectomy, Multiple	43.99	0:DiseaseFree	NA	0	HISPANIC OR LATINO	NA	NA	NO	5/20/15	NA	G2	155	Mild	Hepatocellular Carcinoma	Hepatitis B	Yes	Yes	C22.0	8170/3	C22.0	YES	NO	6 - Established Cirrhosis	NA	NA	46	NO	TRUE	HCC	43.99	0:LIVING	NA	NA	4DB9DE75-9297-46E5-ACC5-9275F52A642A	607A26FB-B0AF-4DE3-982D-B8B557E84175	TCGA-XR-A8TC.681B14A0-98E6-4F74-89B0-3DFB3A97C0E1.pdf	681B14A0-98E6-4F74-89B0-3DFB3A97C0E1	NO	318000	150000	450000	NA	NO	1.3	1	1.3	WHITE	NO	R0	YES	1	110	Primary	1	3.5	4.8	3.9	Female	NA	Liver	Matched	NA	NA	NA	NA	NA	NA	XR	1.533333333	WITH TUMOR	None	A	52	2011
lihc_tcga	TCGA-XR-A8TD	TCGA-XR-A8TD-01	NO	188	6	6	49	M0	N0	Stage IIIB	7th	T3	0.7	0.2	1.2	Hepatobiliary Cancer	Hepatocellular Carcinoma	A	NA	NA	NA	NA	0.5	0.7	1.5	585	0	NA	Extended Lobectomy	33.84	0:DiseaseFree	NA	1	HISPANIC OR LATINO	NA	NA	NA	5/20/15	0.2393	G3	156	None	Hepatocellular Carcinoma	No History of Primary Risk Factors	No	No	C22.0	8174/3	C22.0	YES	NO	0 - No Fibrosis	NA	NA	49	NO	TRUE	HCC	33.84	0:LIVING	NA	NA	574BA00B-FEE6-4AAB-AC01-6FFAF8FDC0C5	4EF6344B-E31C-425E-96C8-97DAA428F5BC	TCGA-XR-A8TD.DA6BFBB1-CD64-4996-8D5C-73600EBDFE34.pdf	DA6BFBB1-CD64-4996-8D5C-73600EBDFE34	NO	334000	150000	450000	NA	NO	0	1.1	1.3	WHITE	NO	R0	YES	1	320	Primary	1	3.5	4.8	3.8	Female	NA	Liver	Matched	NA	NA	NA	NA	NA	NA	XR	1.666666667	TUMOR FREE	None	A	69	2012
lihc_tcga	TCGA-XR-A8TE	TCGA-XR-A8TE-01	NO	809	6	6	16	MX	N0	Stage IIIA	7th	T3	NA	NA	NA	Hepatobiliary Cancer	Hepatocellular Carcinoma	NA	NA	NA	NA	NA	0.4	0.7	1.5	487	0	NA	Extended Lobectomy	6.9	1:Recurred/Progressed	NA	0	HISPANIC OR LATINO	NA	NA	NO	5/20/15	0.2089	G1	157	None	Hepatocellular Carcinoma	No History of Primary Risk Factors	No	No	C22.0	8170/3	C22.0	YES	NO	0 - No Fibrosis	NA	NA	12	YES	TRUE	HCC	30.39	0:LIVING	NA	NA	EC4B4D34-2576-4412-B036-7460E64F4398	14F227AC-51C0-46BF-9194-D4406A10482A	TCGA-XR-A8TE.D020A2B1-03B7-490C-AFA4-BBE3EB661CA3.pdf	D020A2B1-03B7-490C-AFA4-BBE3EB661CA3	YES	206000	150000	450000	NA	NO	1.3	1	1.3	WHITE	NO	R0	YES	1	90	Primary	1	3.2	4.5	3.9	Male	NA	Liver	Matched	NA	NA	NA	NA	NA	NA	XR	0.4	WITH TUMOR	None	A	43	2012
lihc_tcga	TCGA-XR-A8TF	TCGA-XR-A8TF-01	NO	39	6	6	74	MX	NX	Stage I	7th	T1	0.8	0.2	1.2	Hepatobiliary Cancer	Hepatocellular Carcinoma	A	NA	NA	NA	NA	0.8	0.7	1.5	481	0	NA	Segmentectomy, Multiple	7.59	1:Recurred/Progressed	NA	0	HISPANIC OR LATINO	NA	NA	NO	5/20/15	0.5159	G1	166	None	Hepatocellular Carcinoma	Hepatitis B	No	No	C22.0	8170/3	C22.0	YES	NO	3,4 - Fibrous Speta	NA	NA	118	YES	TRUE	HCC	22.77	1:DECEASED	NA	NA	1E9F910C-82C0-4222-A62F-B656839307FC	6DDBC513-B220-4814-835C-274365F30040	TCGA-XR-A8TF.A0557F82-3ACC-43E5-9ED3-902BEDD36939.pdf	A0557F82-3ACC-43E5-9ED3-902BEDD36939	NO	194000	150000	450000	NA	NO	0	1.1	1.3	WHITE	NO	R0	YES	1	250	Primary	1	3.5	4.8	3.9	Male	NA	Liver	Matched	NA	NA	NA	NA	NA	NA	XR	3.9	TUMOR FREE	None	A	57	2012
lihc_tcga	TCGA-XR-A8TG	TCGA-XR-A8TG-01	YES	1	6	6	58	M0	NX	Stage I	7th	T1	0.5	0.2	1.2	Hepatobiliary Cancer	Hepatocellular Carcinoma	NA	NA	NA	NA	NA	0.9	0.7	1.5	439	0	NA	Segmentectomy, Single	11.5	1:Recurred/Progressed	NA	0	HISPANIC OR LATINO	NA	2	YES	5/20/15	0.2033	G2	184	Mild	Hepatocellular Carcinoma	Hepatitis C	No	Yes	C22.0	8170/3	C22.0	YES	NO	6 - Established Cirrhosis	NA	NA	75	YES	TRUE	HCC	29.5	0:LIVING	NA	NA	1D7D5166-6582-4EA1-B242-37C2C3919A3C	E96BF364-973C-4282-B3EB-A445B4BC59B6	TCGA-XR-A8TG.B6CBB321-E73F-4A24-8557-E10E94B2B8C6.pdf	B6CBB321-E73F-4A24-8557-E10E94B2B8C6	NO	80000	150000	450000	NA	NO	0	1.1	1.5	WHITE	NO	R0	YES	1	20	Primary	1	3.5	4.8	4.3	Male	NA	Liver	Matched	NA	NA	NA	NA	NA	NA	XR	2.5	TUMOR FREE	None	A	71	2012
lihc_tcga	TCGA-YA-A8S7	TCGA-YA-A8S7-01	NO	56	NA	8	68	MX	N0	Stage IIIA	7th	T3a	3.8	0.2	1	Hepatobiliary Cancer	Hepatocellular Carcinoma	NA	NA	NA	NA	NA	0.7	0.6	1.3	383	0	NA	Other (specify)	13.07	1:Recurred/Progressed	NA	NA	HISPANIC OR LATINO	NA	NA	NO	4/8/14	0.2706	G3	164	Mild	Hepatocellular Carcinoma	Hepatitis C	No	No	C22.0	8170/3	C22.0	YES	NO	NA	NA	NA	66	YES	FALSE	HCC	13.53	1:DECEASED	NA	NA	BB2069D3-E699-4A8A-BB61-B3C28B98A66B	AE98B44C-15AB-4534-8ECC-274D4784AE4F	TCGA-YA-A8S7.CFF98B7F-C09E-441D-BE5F-48A06036735B.pdf	CFF98B7F-C09E-441D-BE5F-48A06036735B	YES	NA	NA	NA	NA	NO	0.9	1.2	1.2	WHITE	NO	R0	YES	1	160	Primary	1	3.5	5	2.1	Male	NA	Liver	Matched	NA	NA	NA	NA	NA	NA	YA	2.2	WITH TUMOR	None	A	73	2012
lihc_tcga	TCGA-ZP-A9CV	TCGA-ZP-A9CV-01	NO	48	0	8	59	MX	NX	NA	7th	T1	0.5	0.2	1	Hepatobiliary Cancer	Hepatocellular Carcinoma	A	NA	NA	NA	NA	0.8	0.7	1.3	955	0	NA	Segmentectomy, Single	NA	NA	NA	1	NOT HISPANIC OR LATINO	NA	NA	NO	3/28/14	0.1530	G1	173	Severe	Hepatocellular Carcinoma	Alcohol consumption|Hepatitis C	No	No	C22.0	8170/3	C22.0	YES	NO	NA	NA	NA	93	NO	FALSE	HCC	35.74	1:DECEASED	NA	NA	91909C63-DEBC-42AD-B4BE-56870195BDCB	C8C067A3-F48A-4B5D-BF4C-0E1530618F1B	TCGA-ZP-A9CV.382219F6-24AD-49BD-96D1-FC7A9B2CDFDB.pdf	382219F6-24AD-49BD-96D1-FC7A9B2CDFDB	NO	114000	163000	369000	NA	NO	NA	NA	NA	WHITE	NO	R0	YES	1	40	Primary	1	3.5	5.7	4	Male	NA	Liver	Matched	NA	NA	NA	NA	NA	NA	ZP	3.066666667	TUMOR FREE	None	A	59	2011
lihc_tcga	TCGA-ZP-A9CY	TCGA-ZP-A9CY-01	NO	NA	NA	NA	66	MX	NX	NA	7th	T1	0.9	0.2	1.2	Hepatobiliary Cancer	Hepatocellular Carcinoma	A	NA	NA	NA	NA	NA	NA	NA	839	0	NA	Segmentectomy, Single	25.69	0:DiseaseFree	NA	1	NOT HISPANIC OR LATINO	NA	1	YES	3/28/14	0.0245	G1	152	Mild	Hepatocellular Carcinoma	Non-Alcoholic Fatty Liver Disease	No	No	C22.0	8170/3	C22.0	YES	NO	6 - Established Cirrhosis	NA	NA	69	NO	FALSE	HCC	25.69	0:LIVING	NA	NA	34FD27CE-930A-4F29-8A6E-DAE4949D92EB	AB63FD64-07E1-432C-B904-57ADBC7B95DB	TCGA-ZP-A9CY.849947D6-678A-4536-A5FB-9A56489C8D3E.pdf	849947D6-678A-4536-A5FB-9A56489C8D3E	NO	93000	163000	369000	NA	NO	9.6	11	12.6	WHITE	NO	R0	YES	1	30	Primary	1	3.5	5.2	3.9	Female	NA	Liver	Matched	NA	NA	NA	NA	NA	NA	ZP	2.266666667	TUMOR FREE	None	A	83	2011
lihc_tcga	TCGA-ZP-A9CZ	TCGA-ZP-A9CZ-01	NO	8	0	8	72	MX	NX	NA	7th	T1	0.5	0.2	1.2	Hepatobiliary Cancer	Hepatocellular Carcinoma	A	NA	NA	NA	NA	NA	NA	NA	797	0	NA	Segmentectomy, Single	23.19	0:DiseaseFree	NA	0	NOT HISPANIC OR LATINO	NA	2	YES	3/28/14	0.1809	G1	167	NA	Hepatocellular Carcinoma	Hepatitis B	No	No	C22.0	8170/3	C22.0	YES	NO	3,4 - Fibrous Speta	NA	NA	43	NO	FALSE	HCC	23.19	0:LIVING	NA	NA	22077056-067D-4DB5-98E5-106778CECA56	6E118E72-6654-42FC-92F5-C7A39E44BB15	TCGA-ZP-A9CZ.C3F4669C-9E5D-4A46-84A8-E78BF2D5EA92.pdf	C3F4669C-9E5D-4A46-84A8-E78BF2D5EA92	NO	NA	NA	NA	NA	NO	9.6	11.5	12.6	ASIAN	NO	R0	YES	1	50	Primary	1	3.5	5.2	4.4	Male	NA	Liver	Matched	NA	NA	NA	NA	NA	NA	ZP	1.4	TUMOR FREE	None	A	73	2011
lihc_tcga	TCGA-ZP-A9D0	TCGA-ZP-A9D0-01	NO	NA	NA	NA	67	MX	NX	NA	7th	T1	1.4	0.2	1.2	Hepatobiliary Cancer	Hepatocellular Carcinoma	A	NA	NA	NA	NA	0.9	0.5	1.1	723	0	NA	Segmentectomy, Multiple	35.84	0:DiseaseFree	NA	0	NOT HISPANIC OR LATINO	NA	NA	NO	3/28/14	0.1723	G1	165	Mild	Hepatocellular Carcinoma	Non-Alcoholic Fatty Liver Disease	No	No	C22.0	8170/3	C22.0	YES	NO	0 - No Fibrosis	NA	NA	41	NO	FALSE	HCC	35.84	0:LIVING	NA	NA	396EF7C2-343E-4D5C-9B20-ADC0A52C1978	89213A53-9609-47E5-A4AB-AF534237CAAC	TCGA-ZP-A9D0.38325470-AA90-4CA4-A8C0-8BF1A9D595F9.pdf	38325470-AA90-4CA4-A8C0-8BF1A9D595F9	NO	185000	163000	369000	NA	NO	9.6	11	12.6	BLACK OR AFRICAN AMERICAN	NO	R0	YES	1	100	Primary	1	3.5	5.2	4.1	Female	NA	Liver	Matched	NA	NA	NA	NA	NA	NA	ZP	1.333333333	TUMOR FREE	None	A	78	2011
lihc_tcga	TCGA-ZP-A9D1	TCGA-ZP-A9D1-01	NO	8	0	8	56	MX	NX	NA	7th	T1	NA	NA	NA	Hepatobiliary Cancer	Hepatocellular Carcinoma	A	NA	NA	NA	NA	NA	NA	NA	699	0	NA	Segmentectomy, Single	0.69	0:DiseaseFree	NA	0	NOT HISPANIC OR LATINO	NA	1	YES	3/28/14	0.5078	G2	170	NA	Hepatocellular Carcinoma	Non-Alcoholic Fatty Liver Disease	No	Yes	C22.0	8170/3	C22.0	YES	NO	5 - Nodular Formation and Incomplete Cirrhosis	NA	NA	103	NO	FALSE	HCC	0.69	0:LIVING	NA	NA	447AC9E3-0533-461A-BC92-906A7B2180C3	D64641FE-43F3-4251-8332-72C6AF236178	TCGA-ZP-A9D1.2FA60C52-0164-432D-BB08-A8638AAF2C2F.pdf	2FA60C52-0164-432D-BB08-A8638AAF2C2F	NO	NA	NA	NA	NA	NO	9.6	12	12.6	WHITE	NO	R0	YES	1	70	Primary	1	NA	NA	NA	Female	NA	Liver	Matched	NA	NA	NA	NA	NA	NA	ZP	3.366666667	TUMOR FREE	None	A	130	2012
lihc_tcga	TCGA-ZP-A9D2	TCGA-ZP-A9D2-01	NO	NA	NA	NA	51	MX	NX	NA	7th	T2	NA	NA	NA	Hepatobiliary Cancer	Hepatocellular Carcinoma	A	NA	NA	NA	NA	NA	NA	NA	654	0	NA	Segmentectomy, Multiple	10.35	1:Recurred/Progressed	NA	0	NOT HISPANIC OR LATINO	NA	1	YES	3/28/14	0.2820	G2	172	Mild	Hepatocellular Carcinoma	Hepatitis C	No	No	C22.0	8170/3	C22.0	YES	NO	1,2 - Portal Fibrosis	NA	NA	50	YES	FALSE	HCC	25.13	1:DECEASED	NA	NA	CBB89556-D783-4E70-8DB4-EF53E9A45922	44AB8403-654C-49CD-9577-090448C1D9EB	TCGA-ZP-A9D2.260D67D7-9E8C-4A3B-B031-8AB4A05BC688.pdf	260D67D7-9E8C-4A3B-B031-8AB4A05BC688	NO	NA	NA	NA	NA	NO	NA	NA	NA	WHITE	NO	R0	YES	1	60	Primary	1	NA	NA	NA	Male	NA	Liver	Matched	NA	NA	NA	NA	NA	NA	ZP	1.633333333	WITH TUMOR	Micro	A	74	2012
lihc_tcga	TCGA-ZP-A9D4	TCGA-ZP-A9D4-01	NO	2	0	8	64	MX	NX	NA	7th	T1	0.4	0.2	1.2	Hepatobiliary Cancer	Hepatocellular Carcinoma	A	NA	NA	NA	NA	0.6	0.5	1.1	472	0	NA	Lobectomy	12.98	0:DiseaseFree	NA	0	NOT HISPANIC OR LATINO	NA	NA	NO	3/28/14	0.1411	G1	155	Mild	Hepatocellular Carcinoma	No History of Primary Risk Factors	No	No	C22.0	8170/3	C22.0	YES	NO	0 - No Fibrosis	NA	NA	56	NO	FALSE	HCC	12.98	0:LIVING	NA	NA	4244912D-8527-410C-A084-A56C55EB1F82	545DA348-26C6-4E80-90C0-D9422797B8FD	TCGA-ZP-A9D4.8BD8A06B-4C20-4EF9-950D-AFED27C1303F.pdf	8BD8A06B-4C20-4EF9-950D-AFED27C1303F	NO	292000	163000	369000	NA	NO	NA	NA	NA	WHITE	NO	R0	YES	1	50	Primary	1	3.5	5.2	4.3	Female	NA	Liver	Matched	NA	NA	NA	NA	NA	NA	ZP	1.866666667	TUMOR FREE	None	A	55	2012
lihc_tcga	TCGA-ZS-A9CD	TCGA-ZS-A9CD-01	NO	NA	NA	NA	73	MX	NX	Stage II	7th	T2	8	0	17	Hepatobiliary Cancer	Hepatocellular Carcinoma	A	NA	NA	NA	NA	73	62	106	1268	0	NA	Lobectomy	12.19	1:Recurred/Progressed	NA	1	NOT HISPANIC OR LATINO	NA	NA	NA	4/30/14	0.1593	G2	NA	Mild	Hepatocellular Carcinoma	NA	No	No	C22.0	8170/3	C22.0	YES	NO	5 - Nodular Formation and Incomplete Cirrhosis	NA	NA	79	YES	TRUE	HCC	45.53	1:DECEASED	NA	NA	9197CA4C-E48C-43AF-BA61-D894FAF3CC24	E7570871-E848-416E-B84C-19C052A10A78	TCGA-ZS-A9CD.11C6E09D-89C3-43B9-B884-247278242067.pdf	11C6E09D-89C3-43B9-B884-247278242067	NO	198	150	400	NA	NO	9	11.7	12	WHITE	NO	R0	YES	1	30	Primary	1	36	50	48	Male	NA	Liver	Matched	NA	NA	NA	NA	NA	NA	ZS	2.666666667	NA	None	A	NA	2010
lihc_tcga	TCGA-ZS-A9CE	TCGA-ZS-A9CE-01	NO	NA	NA	NA	79	MX	NX	Stage II	7th	T2	5	0	15	Hepatobiliary Cancer	Hepatocellular Carcinoma	A	NA	NA	NA	NA	78	44	80	967	0	NA	Segmentectomy, Single	29.3	1:Recurred/Progressed	NA	0	NOT HISPANIC OR LATINO	NA	NA	NA	4/30/14	0.2797	G1	NA	None	Hepatocellular Carcinoma	NA	No	Yes	C22.0	8170/3	C22.0	YES	NO	0 - No Fibrosis	NA	NA	99	YES	TRUE	HCC	40.77	0:LIVING	NA	NA	7BDC5F86-4D7D-4F1F-BC23-AB51FA9FB947	12076740-D690-48AC-9630-5105AC239111	TCGA-ZS-A9CE.35A87F65-19F9-4C03-8A82-FFBF2C3C568A.pdf	35A87F65-19F9-4C03-8A82-FFBF2C3C568A	NO	310	150	400	NA	NO	9	36.4	12	WHITE	NO	R0	YES	1	10	Primary	1	36	50	44	Female	NA	Liver	Matched	NA	NA	NA	NA	NA	NA	ZS	3.3	NA	Micro	A	NA	2011
lihc_tcga	TCGA-ZS-A9CF	TCGA-ZS-A9CF-01	NO	NA	NA	NA	64	MX	NX	Stage II	7th	T2	19	0	17	Hepatobiliary Cancer	Hepatocellular Carcinoma	NA	NA	NA	NA	NA	89	62	106	2217	0	NA	Lobectomy	20.89	1:Recurred/Progressed	NA	0	NOT HISPANIC OR LATINO	NA	NA	NA	5/1/14	0.2228	G2	NA	None	Hepatocellular Carcinoma	Hemochromatosis	No	No	C22.0	8170/3	C22.0	YES	NO	0 - No Fibrosis	NA	NA	81	YES	FALSE	HCC	79.24	0:LIVING	NA	NA	7FE5E2D9-C514-47BC-8387-3F940F7A822D	B5EB7E48-6F6C-4485-BA52-6430518192B4	TCGA-ZS-A9CF.B6FCD13D-3DC8-4997-A5A3-3C5D71728436.pdf	B6FCD13D-3DC8-4997-A5A3-3C5D71728436	NO	259	150	400	NA	NO	9	10.2	12	WHITE	NO	R0	YES	2	30	Primary	1	36	50	51	Male	NA	Liver	Matched	NA	NA	NA	NA	NA	NA	ZS	2.633333333	WITH TUMOR	Micro	A	NA	2008
lihc_tcga	TCGA-ZS-A9CG	TCGA-ZS-A9CG-01	NO	NA	NA	NA	55	MX	NX	Stage II	7th	T2	5	0	21	Hepatobiliary Cancer	Hepatocellular Carcinoma	A	NA	NA	NA	NA	72	62	106	201	0	NA	Extended Lobectomy	11.2	0:DiseaseFree	NA	0	NOT HISPANIC OR LATINO	NA	NA	NA	4/30/14	0.1941	G2	179	Mild	Hepatocellular Carcinoma	NA	No	No	C22.0	8170/3	C22.0	YES	NO	0 - No Fibrosis	NA	NA	65	NO	TRUE	HCC	11.2	0:LIVING	NA	NA	3F6A6891-C6D5-447B-AD32-325FD46EC32B	A31BFE51-1193-49D8-B469-1B8D0C1F1CEE	TCGA-ZS-A9CG.8A0E7BA8-7262-4832-89DA-61893BE4B458.pdf	8A0E7BA8-7262-4832-89DA-61893BE4B458	NO	382	150	400	NA	NO	9.5	10.8	14	WHITE	NO	R0	YES	1	50	Primary	1	35	50	40	Male	NA	Liver	Matched	NA	NA	NA	NA	NA	NA	ZS	2.166666667	NA	Micro	A	94	2013